user_id,n_items,helpful_count,mean_helpful,mean_rank,total_reviews,shrunken_rate,loo_rate,type,type_name
2c96e467-66f0-4be7-9693-bda51356a424,143,65,0.45454545454545453,0.7832167832167832,436,0.45517241379310347,0.45454545454545453,1.0,H
49ddcb0d-6588-43bd-858d-19c577f12e7b,13,10,0.7692307692307693,0.23076923076923078,39,0.7333333333333333,0.7692307692307693,1.0,H
c212120c-0b79-4b32-a5b1-d96686ca92ca,92,26,0.2826086956521739,1.141304347826087,279,0.2872340425531915,0.2826086956521739,0.0,L
cd4e0925-f3f0-478e-b6d5-a9fd66a614cb,30,10,0.3333333333333333,0.9,90,0.34375,0.3333333333333333,0.0,L
40cc8f8c-43ed-476c-8615-08cc3ba7bf81,65,26,0.4,0.9538461538461539,196,0.40298507462686567,0.4,0.0,L
cd66a8cb-e5b8-4c6c-98e2-ad887284d201,89,25,0.2808988764044944,1.0224719101123596,270,0.2857142857142857,0.2808988764044944,0.0,L
a41f23d1-dc75-497d-8d99-a5b7b061022f,328,162,0.49390243902439024,0.6524390243902439,985,0.49393939393939396,0.49390243902439024,1.0,H
85601ad4-56a0-4b44-a8ab-baffd2b98915,14,4,0.2857142857142857,0.9285714285714286,42,0.3125,0.2857142857142857,0.0,L
e607e2c7-16ee-4354-8f87-ab5f91a82eea,17,6,0.35294117647058826,0.7647058823529411,51,0.3684210526315789,0.35294117647058826,0.0,L
13bd60d1-9d00-4af8-8f5b-dbc59f7039bd,2,0,0.0,2.0,6,0.25,,,
df411b83-5030-4708-bf81-0fe9fa1398b2,268,84,0.31343283582089554,1.0111940298507462,805,0.3148148148148148,0.31343283582089554,0.0,L
21b16484-150a-477c-91c2-b71e6c172e0f,26,11,0.4230769230769231,0.6538461538461539,78,0.42857142857142855,0.4230769230769231,0.0,L
f4e1eb94-9417-49cf-8929-1a51fdf04ea7,117,15,0.1282051282051282,1.5128205128205128,351,0.13445378151260504,0.1282051282051282,0.0,L
4f01cfae-a900-46e4-8909-a1cdf28c5a89,60,7,0.11666666666666667,1.6166666666666667,181,0.12903225806451613,0.11666666666666667,0.0,L
da74605a-edd7-4ab2-9240-8f410cfc74b6,17,1,0.058823529411764705,1.7647058823529411,51,0.10526315789473684,0.058823529411764705,0.0,L
068951d1-4a1e-4d91-9c29-0090fdf9366d,463,176,0.3801295896328294,0.8596112311015118,1393,0.38064516129032255,0.3801295896328294,0.0,L
182b4362-8515-4393-bf7b-6d14319add59,68,24,0.35294117647058826,0.9264705882352942,205,0.35714285714285715,0.35294117647058826,0.0,L
8a15d2dd-faf8-433e-be36-34a22faccd71,7,2,0.2857142857142857,1.2857142857142858,21,0.3333333333333333,0.2857142857142857,0.0,L
2d40e94c-40ed-4e00-a66e-454c0401c8ad,1032,515,0.499031007751938,0.6405038759689923,3103,0.4990328820116054,0.499031007751938,1.0,H
1aaa9be1-0d07-4cb2-a2d7-4301cbfc4ecc,677,345,0.5096011816838996,0.621861152141802,2037,0.5095729013254786,0.5096011816838996,1.0,H
f1829a29-af15-4350-8119-001aa57bf958,13,3,0.23076923076923078,0.9230769230769231,39,0.26666666666666666,0.23076923076923078,0.0,L
2c687aff-39d6-4954-8ce2-f572ead41861,9,3,0.3333333333333333,0.7777777777777778,27,0.36363636363636365,0.3333333333333333,0.0,L
faa07ea2-76de-4362-a97a-bd0939d02d87,196,97,0.49489795918367346,0.6887755102040817,589,0.494949494949495,0.49489795918367346,1.0,H
5beaf74a-ff3f-410b-a19e-fafecb426c5c,18,1,0.05555555555555555,1.6666666666666667,54,0.1,0.05555555555555555,0.0,L
f44d71a5-57fb-4653-8d84-c92add3b065b,24,13,0.5416666666666666,0.6666666666666666,72,0.5384615384615384,0.5416666666666666,1.0,H
fb10eb70-8eb1-486a-bf12-5c111e5fc01e,100,35,0.35,0.88,301,0.35294117647058826,0.35,0.0,L
f8395f40-b1b0-41dc-8a16-a3f71f6eaeee,1,0,0.0,1.0,3,0.3333333333333333,,,
b8e63600-1f94-45cf-be1d-2992d3c865f2,33,6,0.18181818181818182,1.6666666666666667,100,0.2,0.18181818181818182,0.0,L
46117306-4095-4b70-a52e-b76e1d0fc5c0,87,42,0.4827586206896552,0.6896551724137931,261,0.48314606741573035,0.4827586206896552,1.0,H
8800f1a5-6ef0-4405-a4e6-6a97c103e0a5,426,244,0.5727699530516432,0.607981220657277,1279,0.572429906542056,0.5727699530516432,1.0,H
246de43c-7db8-418d-bdaa-607d2f24551a,22,2,0.09090909090909091,1.9545454545454546,66,0.125,0.09090909090909091,0.0,L
81d99d5b-8953-4b72-aac6-11046f9238d2,4,1,0.25,1.25,12,0.3333333333333333,0.25,0.0,L
74324494-7d7d-4227-90ee-d2d4acd53601,21,13,0.6190476190476191,0.5238095238095238,64,0.6086956521739131,0.6190476190476191,1.0,H
0a1e42f0-d9d5-4c92-9955-6ddfefdad8ad,25,10,0.4,0.96,76,0.4074074074074074,0.4,0.0,L
ef8ea553-5952-4565-bd13-a8382e2448d1,41,22,0.5365853658536586,0.6585365853658537,123,0.5348837209302325,0.5365853658536586,1.0,H
3a738df2-e286-4d7c-a7c7-a717118df581,8,4,0.5,1.0,25,0.5,0.49999999999999994,1.0,H
30f0d580-411b-49a6-be41-e48d4532293c,11,2,0.18181818181818182,1.2727272727272727,33,0.23076923076923078,0.18181818181818182,0.0,L
e4f70b9c-d0d8-4681-b563-3469e9d72014,6,1,0.16666666666666666,1.6666666666666667,18,0.25,0.16666666666666666,0.0,L
9afdd5a5-fa93-4489-b9af-63634f9ed126,13,4,0.3076923076923077,1.2307692307692308,40,0.3333333333333333,0.3076923076923077,0.0,L
3c54ef70-2c83-4cb0-960a-0c1c46d401b9,10,3,0.3,1.4,30,0.3333333333333333,0.3,0.0,L
b000ac56-ca55-4fbf-8914-a38ea73b286e,105,35,0.3333333333333333,1.0476190476190477,320,0.3364485981308411,0.3333333333333333,0.0,L
55816c2b-5fa7-44c8-b66a-4a726ecabc42,2,1,0.5,0.5,6,0.5,,,
6785c2eb-8349-44e2-9fb2-7c5efe5f9e76,29,8,0.27586206896551724,0.9310344827586207,87,0.2903225806451613,0.27586206896551724,0.0,L
f59cdf56-8612-4fb5-81fe-a7c7b99163b5,10,5,0.5,0.7,30,0.5,0.5,1.0,H
2c22bbc2-0731-4189-a149-b17b43f795af,27,18,0.6666666666666666,0.37037037037037035,82,0.6551724137931034,0.6666666666666666,1.0,H
2c028419-7990-46f0-9767-9921417320e4,7,1,0.14285714285714285,1.2857142857142858,21,0.2222222222222222,0.14285714285714285,0.0,L
9efde4c4-41c5-46b2-9c54-27fa73c5ae6b,30,14,0.4666666666666667,0.7666666666666667,90,0.46875,0.4666666666666667,1.0,H
f76b6d01-8a24-4d8e-9b39-2a4f12f1b8ab,1,0,0.0,1.0,3,0.3333333333333333,,,
517c00fc-ee31-4985-92e8-17c2b8c54633,4,2,0.5,1.75,12,0.5,0.5,1.0,H
097c6d1a-8db1-4867-8c44-47c9fe09e44b,155,70,0.45161290322580644,0.7354838709677419,467,0.45222929936305734,0.45161290322580644,1.0,H
94378d75-51da-4429-91e5-cde998f80d1c,3,2,0.6666666666666666,0.3333333333333333,9,0.6,0.6666666666666666,1.0,H
99d788e6-7eb4-42c7-9dda-4cb8301dabf7,254,88,0.3464566929133858,0.8503937007874016,766,0.34765625,0.3464566929133858,0.0,L
b97fd62c-1207-4e80-b3bd-5b871dbd774c,69,38,0.5507246376811594,0.6376811594202898,208,0.5492957746478874,0.5507246376811594,1.0,H
0f3ee494-99cc-40fa-839d-4bae79bce6b9,5,1,0.2,1.0,15,0.2857142857142857,0.2,0.0,L
0a3b8f90-e899-4980-9fbc-bb1ff0c7c2f7,206,79,0.38349514563106796,0.8592233009708737,623,0.38461538461538464,0.38349514563106796,0.0,L
a4c66907-2b60-42fe-a8dd-c4b4a6dde3ca,32,15,0.46875,0.875,96,0.47058823529411764,0.46875,1.0,H
e9daabb3-18c8-4c17-b88e-17dc734df023,2,0,0.0,1.5,6,0.25,,,
df2573bc-5b40-459b-ac35-c83fd7f8f7a8,6,3,0.5,0.6666666666666666,18,0.5,0.5,1.0,H
6c8bd244-dd44-48e7-8940-734ab8604f1e,13,2,0.15384615384615385,1.2307692307692308,39,0.2,0.15384615384615383,0.0,L
516ec489-a403-41d1-b4eb-84a62ade4dd8,1,0,0.0,2.0,3,0.3333333333333333,,,
ed943a57-6a10-4a0d-84f7-8a87e7f1f8b8,29,9,0.3103448275862069,1.206896551724138,87,0.3225806451612903,0.3103448275862069,0.0,L
af304ec8-c1af-421c-96a6-05f7694c0f6c,2,1,0.5,0.5,6,0.5,,,
ae5f7d74-b568-4506-8602-a1a4e7beffc3,118,52,0.4406779661016949,0.7627118644067796,354,0.44166666666666665,0.4406779661016949,0.0,L
52862aaf-bf3c-4514-9200-faeb040c351b,8,3,0.375,1.875,25,0.4,0.375,0.0,L
96b46764-3eae-474b-b533-f9adcbbb8d45,50,21,0.42,0.76,150,0.4230769230769231,0.42,0.0,L
55c20113-463a-4d86-9bc3-14c930bd5cec,14,6,0.42857142857142855,0.9285714285714286,43,0.4375,0.42857142857142855,0.0,L
29b4cf73-1c30-4dd3-890b-f6604aef3cb6,10,6,0.6,0.6,30,0.5833333333333334,0.6,1.0,H
d67245f3-c597-46a6-ad36-ec3782310ddb,173,87,0.5028901734104047,0.6473988439306358,522,0.5028571428571429,0.5028901734104047,1.0,H
acc5e102-6f78-4a94-8137-fc52bc222ae5,3,0,0.0,1.6666666666666667,9,0.2,0.0,0.0,L
09e2e35a-bf97-4623-90f2-05d43d96e564,6,1,0.16666666666666666,1.0,18,0.25,0.16666666666666666,0.0,L
d21c9fe2-52c2-4114-af75-d8647c6da536,22,10,0.45454545454545453,0.9545454545454546,68,0.4583333333333333,0.45454545454545453,1.0,H
87c92272-7349-4c38-b4e5-939504d29aca,17,7,0.4117647058823529,1.4705882352941178,53,0.42105263157894735,0.4117647058823529,0.0,L
33e40a81-c289-4123-a663-749591167e2f,3,1,0.3333333333333333,1.0,9,0.4,0.3333333333333333,0.0,L
862666f1-2c8a-4d51-8cca-74cd2f88c123,29,2,0.06896551724137931,1.5517241379310345,87,0.0967741935483871,0.06896551724137931,0.0,L
23f74afc-4f50-4b2c-9d23-e9562126ef5a,10,5,0.5,0.6,30,0.5,0.5,1.0,H
3e824884-2acb-4d86-a9e7-0736a39c5f64,37,11,0.2972972972972973,0.9459459459459459,112,0.3076923076923077,0.2972972972972973,0.0,L
2e780ddd-1c99-44ea-92fc-fb9d4094b925,10,1,0.1,1.6,30,0.16666666666666666,0.1,0.0,L
8f271291-b2e0-4921-9fb8-1a93f476af0f,42,8,0.19047619047619047,1.2857142857142858,128,0.20454545454545456,0.19047619047619047,0.0,L
f0c35f54-e3d0-489d-a663-4527a0826602,75,33,0.44,0.72,227,0.44155844155844154,0.44,0.0,L
e7b1a26f-51d9-42cc-812f-587d001d67bd,6,1,0.16666666666666666,1.0,18,0.25,0.16666666666666666,0.0,L
ceefa19b-2000-469c-826f-7488f9afaeff,1,0,0.0,2.0,3,0.3333333333333333,,,
a88f1d09-925c-4a33-bb50-e7fe3df982d1,37,11,0.2972972972972973,0.972972972972973,112,0.3076923076923077,0.2972972972972973,0.0,L
5f1432a8-83c7-438c-8776-6d6caf975596,2,1,0.5,0.5,6,0.5,,,
7ee8145d-384c-40e4-ae69-75ae1764a123,7,1,0.14285714285714285,1.2857142857142858,21,0.2222222222222222,0.14285714285714285,0.0,L
a7db485c-7924-4d06-a4c2-bb0e8155c468,9,1,0.1111111111111111,1.3333333333333333,27,0.18181818181818182,0.1111111111111111,0.0,L
53bc9080-caf1-4d3e-a7d3-63349527476c,44,23,0.5227272727272727,0.6136363636363636,133,0.5217391304347826,0.5227272727272727,1.0,H
b39cea74-9672-4fee-9226-184e913e472d,4,2,0.5,0.5,12,0.5,0.5,1.0,H
92a530aa-e6ef-4b56-abdd-93f2a6a1ef52,15,3,0.2,1.0666666666666667,45,0.23529411764705882,0.2,0.0,L
8141c903-c6df-4b89-919e-e6c05bad0014,3,1,0.3333333333333333,1.0,9,0.4,0.3333333333333333,0.0,L
5d5cc48a-ca08-4e48-bd0f-8bc1cac0969f,2,1,0.5,1.0,6,0.5,,,
12b6a0b8-ed26-4e1c-9143-5feb49f8b2ed,7,1,0.14285714285714285,1.4285714285714286,21,0.2222222222222222,0.14285714285714285,0.0,L
169b5d66-3ccc-45d2-8596-ba80dfa17f1e,4,1,0.25,1.0,12,0.3333333333333333,0.25,0.0,L
ec94150a-2ef2-4dfe-8455-04984dba0bd2,14,5,0.35714285714285715,0.8571428571428571,42,0.375,0.35714285714285715,0.0,L
e55ad8e4-b796-4ec9-83ea-551b54e24b65,9,3,0.3333333333333333,1.0,27,0.36363636363636365,0.3333333333333333,0.0,L
a19e250a-5dc2-479b-ac97-6b6e9adab9b2,4,1,0.25,1.25,12,0.3333333333333333,0.25,0.0,L
7ff4b4b1-7fe2-4afb-b810-5611521fe368,13,3,0.23076923076923078,1.2307692307692308,39,0.26666666666666666,0.23076923076923078,0.0,L
fec5c225-f7cf-4436-a32f-09056af141fa,1,1,1.0,0.0,3,0.6666666666666666,,,
9686e329-96b8-4167-9977-b84d307c2f64,23,9,0.391304347826087,1.565217391304348,69,0.4,0.391304347826087,0.0,L
76b9e817-fe1b-4d95-af85-ac216cc24d8a,49,14,0.2857142857142857,1.163265306122449,151,0.29411764705882354,0.2857142857142857,0.0,L
0afdee2b-3efb-4173-990a-1427798acef4,2,1,0.5,0.5,6,0.5,,,
9df72716-b9fe-47c9-ba63-06b29ccbf6c8,5,1,0.2,1.6,15,0.2857142857142857,0.2,0.0,L
76f60674-54a1-4a4a-aa69-c646292828fc,9,6,0.6666666666666666,0.4444444444444444,27,0.6363636363636364,0.6666666666666666,1.0,H
407177dc-60e7-405b-a332-e303434c66a2,5,1,0.2,1.0,15,0.2857142857142857,0.2,0.0,L
585a56bd-80f4-47e1-8a1a-2bfdc29cb2b8,29,8,0.27586206896551724,1.1724137931034482,88,0.2903225806451613,0.27586206896551724,0.0,L
72839dc0-f0f7-4257-b9c4-4b063ffd30b3,2,0,0.0,1.0,6,0.25,,,
6e134120-8a14-4ae0-8345-954fb6fbe158,9,1,0.1111111111111111,1.3333333333333333,27,0.18181818181818182,0.1111111111111111,0.0,L
bc47b02e-abb0-47e4-9db2-81a95527482d,1,0,0.0,1.0,3,0.3333333333333333,,,
9e9664c2-a77d-4e52-978d-21cabf691987,95,38,0.4,0.8315789473684211,285,0.4020618556701031,0.4,0.0,L
90b1b1d0-c34f-4798-87e5-5a678532ed78,5,3,0.6,0.8,15,0.5714285714285714,0.6,1.0,H
5703c4e1-905b-4443-a767-1c5834dc6c53,56,26,0.4642857142857143,0.6785714285714286,168,0.46551724137931033,0.4642857142857143,1.0,H
6e46746f-56c0-4dbd-b5d6-e6cb134bc81c,8,2,0.25,1.125,24,0.3,0.25,0.0,L
dd6e3fff-8059-4a77-8407-063b763e8c46,22,7,0.3181818181818182,1.1363636363636365,66,0.3333333333333333,0.3181818181818182,0.0,L
99b23a70-aa72-4704-a52f-35a38a806929,31,5,0.16129032258064516,1.3548387096774193,93,0.18181818181818182,0.16129032258064516,0.0,L
522a194b-5f7c-4508-a0a4-0713c6aad2ee,2,0,0.0,2.0,6,0.25,,,
67a1df19-b249-4627-a8f4-a4b8f186cf79,10,2,0.2,1.4,30,0.25,0.2,0.0,L
6128be2c-5cad-42c8-84b2-4f45995134d7,28,14,0.5,0.8571428571428571,84,0.5,0.5,1.0,H
3188cf3a-0598-4fbc-adb6-ac5499ccee4e,33,11,0.3333333333333333,0.8484848484848485,99,0.34285714285714286,0.3333333333333333,0.0,L
364ad3ac-9867-45bf-807b-99f91d980cd9,36,13,0.3611111111111111,0.9444444444444444,108,0.3684210526315789,0.3611111111111111,0.0,L
629164a0-8d7b-4916-b67e-a819bd8400be,5,0,0.0,2.0,15,0.14285714285714285,0.0,0.0,L
0a5dc864-3c22-4d70-93e3-ad761aad6b83,4,1,0.25,0.75,12,0.3333333333333333,0.25,0.0,L
6ce89be3-bd36-4ae1-b9b6-21fd8c4c3462,4,3,0.75,0.5,12,0.6666666666666666,0.75,1.0,H
e0cefb0b-bb3f-435c-aecc-6408f5b1f1df,23,10,0.43478260869565216,0.7391304347826086,70,0.44,0.43478260869565216,0.0,L
490cef32-f0cb-4f01-9270-525e24d561d9,75,28,0.37333333333333335,1.0,233,0.37662337662337664,0.37333333333333335,0.0,L
1b281bfb-21d6-4d02-b038-1fc6cbc9c254,1,0,0.0,3.0,3,0.3333333333333333,,,
7c581e38-60bd-40c5-b742-4f5df0a31129,23,13,0.5652173913043478,0.5652173913043478,70,0.56,0.5652173913043478,1.0,H
66a34867-44c6-4752-a16c-e018ce154767,4,1,0.25,1.25,12,0.3333333333333333,0.25,0.0,L
86dd4ad8-1fae-4b9c-876c-13b20008ee8e,3,0,0.0,1.6666666666666667,9,0.2,0.0,0.0,L
4b72e324-de17-4eb1-bcce-f04c88c8329b,50,18,0.36,0.92,151,0.36538461538461536,0.36,0.0,L
83c89573-0f93-483e-b198-0084c7a25e01,1,0,0.0,2.0,3,0.3333333333333333,,,
16daa258-ea75-4b71-a7c1-4af988dbf1d5,11,1,0.09090909090909091,1.3636363636363635,33,0.15384615384615385,0.09090909090909091,0.0,L
a267bd78-d757-4bc4-949d-c8ce1e8fb66a,45,19,0.4222222222222222,0.8666666666666667,135,0.425531914893617,0.4222222222222222,0.0,L
b424c3b1-89e8-4d70-a7c7-a24d3d5874b5,19,1,0.05263157894736842,1.6842105263157894,57,0.09523809523809523,0.05263157894736842,0.0,L
8e689e7b-22b1-4da4-8cf4-76d86745b3b4,6,2,0.3333333333333333,1.0,18,0.375,0.3333333333333333,0.0,L
1db72941-4aeb-496b-8775-4b228817894d,35,14,0.4,0.7714285714285715,105,0.40540540540540543,0.4,0.0,L
2b47daf2-1618-4a8f-a0f5-cc561cdc29eb,43,10,0.23255813953488372,1.1395348837209303,130,0.24444444444444444,0.23255813953488372,0.0,L
956554a6-85b7-4892-a137-5d8d89dc6d73,25,10,0.4,0.8,75,0.4074074074074074,0.4,0.0,L
0e96d584-efce-44bc-90ca-c2d3c4693804,4,0,0.0,1.75,12,0.16666666666666666,0.0,0.0,L
d019551c-8d68-48a6-9295-f56ae679489c,3,0,0.0,1.6666666666666667,9,0.2,0.0,0.0,L
c120bd42-8f37-4c6f-b32a-b3235a10790e,15,3,0.2,1.0666666666666667,45,0.23529411764705882,0.2,0.0,L
4296d1a5-21ae-493b-8d5a-1f160d481b4b,61,22,0.36065573770491804,0.8360655737704918,183,0.36507936507936506,0.36065573770491804,0.0,L
8e855f8e-8797-4518-a580-6e49e72ae8c5,17,11,0.6470588235294118,0.4117647058823529,51,0.631578947368421,0.6470588235294118,1.0,H
0a041bc2-b30a-49a6-8c5c-bca62f92d74a,29,6,0.20689655172413793,1.4827586206896552,88,0.22580645161290322,0.20689655172413793,0.0,L
efc05813-1612-42f9-aa9b-66f690197593,8,6,0.75,0.375,24,0.7,0.75,1.0,H
cff04cab-b408-40fe-9269-a777a9a7ce1d,6,1,0.16666666666666666,0.8333333333333334,18,0.25,0.16666666666666666,0.0,L
7b5f6be5-91c9-4d35-8629-602fd1733cca,9,7,0.7777777777777778,0.4444444444444444,27,0.7272727272727273,0.7777777777777778,1.0,H
391bdcb3-f43d-46ac-9a0e-8e299ef7aff5,8,4,0.5,0.75,25,0.5,0.5,1.0,H
93d496eb-69ee-4dae-b7db-c7899c8481d4,7,4,0.5714285714285714,0.7142857142857143,21,0.5555555555555556,0.5714285714285714,1.0,H
be26e02f-1591-4e11-bc0e-d6ce3088b458,1,1,1.0,0.0,3,0.6666666666666666,,,
9bc32c09-be0f-4bc3-ac21-4dc059da2b89,4,0,0.0,1.5,12,0.16666666666666666,0.0,0.0,L
a499a529-26aa-4867-b712-391b4dee00ae,1,0,0.0,3.0,3,0.3333333333333333,,,
d7211cd2-2308-42ba-b18a-0b1ca5f23fa0,52,29,0.5576923076923077,0.4423076923076923,157,0.5555555555555556,0.5576923076923077,1.0,H
bbe01773-ff3b-45f8-801a-6b469a72c521,11,2,0.18181818181818182,1.0909090909090908,34,0.23076923076923078,0.18181818181818182,0.0,L
34edfa5f-2c86-4255-9098-3d93d5df5f2f,65,20,0.3076923076923077,1.0153846153846153,195,0.31343283582089554,0.3076923076923077,0.0,L
7853ea74-1b1e-457d-a6e8-e49ba811fdef,10,3,0.3,0.9,30,0.3333333333333333,0.3,0.0,L
71d93e14-ae67-4514-aeb3-b1e80670a19d,27,14,0.5185185185185185,0.7037037037037037,81,0.5172413793103449,0.5185185185185185,1.0,H
19deec97-7342-48a4-9a3a-ee31d7f18521,1,0,0.0,1.0,3,0.3333333333333333,,,
a970053d-4d0f-4dbe-8b7c-79631cb6263b,21,3,0.14285714285714285,1.1428571428571428,63,0.17391304347826086,0.14285714285714285,0.0,L
9bb7c7b0-1cdb-4035-b050-e4cc797af990,9,2,0.2222222222222222,1.3333333333333333,28,0.2727272727272727,0.2222222222222222,0.0,L
acb50064-2fa5-4d47-b597-2c248c5861e6,17,11,0.6470588235294118,0.47058823529411764,51,0.631578947368421,0.6470588235294118,1.0,H
247679e9-2f11-4b7d-895a-9e7cd8078e94,43,20,0.46511627906976744,0.6976744186046512,130,0.4666666666666667,0.46511627906976744,1.0,H
66a6a9f4-25a0-4053-85a3-3f16fbc1b495,15,3,0.2,0.8666666666666667,45,0.23529411764705882,0.2,0.0,L
abf4b2aa-80ec-497f-82ba-77eaf1851253,17,7,0.4117647058823529,0.7647058823529411,51,0.42105263157894735,0.4117647058823529,0.0,L
17e57f40-b5f0-47a5-a5ca-75e73e4850aa,4,0,0.0,1.25,12,0.16666666666666666,0.0,0.0,L
11796cdf-d5a4-466a-baa5-cd421c0170fc,31,11,0.3548387096774194,1.0,93,0.36363636363636365,0.3548387096774194,0.0,L
a024d6ea-bde7-47a1-8948-2cdad516a883,86,37,0.43023255813953487,0.8372093023255814,259,0.4318181818181818,0.43023255813953487,0.0,L
de23eeee-4865-4ff9-a9c8-2f2ded08b8ec,2,1,0.5,0.5,6,0.5,,,
18d2e4e9-ecbf-4bdf-918d-233b84cec2d4,291,100,0.3436426116838488,0.9140893470790378,875,0.3447098976109215,0.3436426116838488,0.0,L
ae2ea08d-fa94-4b5e-80c5-0c0131080915,5,1,0.2,0.8,16,0.2857142857142857,0.2,0.0,L
8974fb6d-49e1-4c99-aed3-e957ae5b3269,2,0,0.0,2.0,6,0.25,,,
feb20aa1-f454-4de2-baef-7fc00f4ba288,5,3,0.6,0.4,15,0.5714285714285714,0.6,1.0,H
a2f5d717-cd07-4751-ad35-24b2bac0bbf0,2,0,0.0,1.0,6,0.25,,,
55f8ca7b-83fb-45b6-8590-a8f728786dc4,5,5,1.0,0.0,15,0.8571428571428571,1.0,1.0,H
7de84fb1-4cf5-4142-989d-f490fc526bfd,217,70,0.3225806451612903,1.1428571428571428,654,0.3242009132420091,0.3225806451612903,0.0,L
c81a9c56-96a0-460b-ac10-9ab792f0d957,4,1,0.25,1.25,12,0.3333333333333333,0.25,0.0,L
24244cda-412b-4759-8fe2-65f52d601d56,19,6,0.3157894736842105,1.0526315789473684,57,0.3333333333333333,0.3157894736842105,0.0,L
00bbfff8-0e6a-4e46-93cc-65785d78c8bc,141,55,0.3900709219858156,0.9219858156028369,424,0.3916083916083916,0.3900709219858156,0.0,L
28deff6d-a6d1-4390-8bfb-8963e8722ce0,47,6,0.1276595744680851,1.446808510638298,141,0.14285714285714285,0.1276595744680851,0.0,L
768bf5cc-aed5-4cd5-b811-e6952ffa9a46,13,3,0.23076923076923078,1.0769230769230769,40,0.26666666666666666,0.23076923076923078,0.0,L
61c82324-0a6c-469d-9c77-6372b59b39b8,18,0,0.0,1.9444444444444444,54,0.05,0.0,0.0,L
89aec957-f5be-46e6-a159-17ef316a471e,4,1,0.25,1.0,12,0.3333333333333333,0.25,0.0,L
b034affa-fe49-44a2-8d01-36236badf7ce,4,3,0.75,0.25,12,0.6666666666666666,0.75,1.0,H
02fd196a-c0c3-4bb7-ba95-35106c526779,10,4,0.4,0.9,30,0.4166666666666667,0.4,0.0,L
0973415f-13fd-4eb9-b0ac-6221928ebe56,1,0,0.0,2.0,3,0.3333333333333333,,,
3acc3971-5bf4-4829-ae3d-b2fd55a320d2,4,1,0.25,1.0,12,0.3333333333333333,0.25,0.0,L
95f63ab3-6c7b-43e1-8e86-fccd8be1465f,193,83,0.43005181347150256,0.917098445595855,582,0.4307692307692308,0.43005181347150256,0.0,L
289dd3b6-3bba-4ee8-b1dd-3452b354323f,17,12,0.7058823529411765,0.35294117647058826,51,0.6842105263157895,0.7058823529411765,1.0,H
e1a4d223-9d67-45ef-b7f9-4b54de1c8064,17,2,0.11764705882352941,1.5294117647058822,53,0.15789473684210525,0.11764705882352941,0.0,L
77e6c0b1-a43a-48f0-b557-c48c169aa2e7,1,0,0.0,2.0,3,0.3333333333333333,,,
54128c67-46f8-4a27-a3c4-c896769c0878,1,0,0.0,1.0,3,0.3333333333333333,,,
59531534-9510-400e-ad4c-27072c4b7d78,4,1,0.25,1.25,12,0.3333333333333333,0.25,0.0,L
4c43e234-0e9c-4f0d-8780-4dd3803602c6,66,22,0.3333333333333333,0.9848484848484849,198,0.3382352941176471,0.3333333333333333,0.0,L
c226e598-2f5d-4ee1-a390-ddafa00b5ca5,1,0,0.0,2.0,3,0.3333333333333333,,,
aeb9b32c-3f2a-4417-8b11-7c8f3e5fda4e,3,2,0.6666666666666666,0.3333333333333333,9,0.6,0.6666666666666666,1.0,H
b2477754-3638-45e5-8341-e495e2e38d7a,29,16,0.5517241379310345,0.5517241379310345,89,0.5483870967741935,0.5517241379310345,1.0,H
96c40c7b-e7b5-4b52-acef-e980765e683f,50,21,0.42,0.94,153,0.4230769230769231,0.42,0.0,L
a8a8226a-c680-4b1b-9847-a0b2c291507e,79,17,0.21518987341772153,1.3417721518987342,237,0.2222222222222222,0.21518987341772153,0.0,L
336fbad0-0d82-4903-9a73-d38daafbb0a2,30,10,0.3333333333333333,1.3,91,0.34375,0.3333333333333333,0.0,L
36129139-0f43-4ff1-8c94-4387eff969a0,16,8,0.5,0.9375,49,0.5,0.5,1.0,H
b135cb0c-45c8-490e-a4e1-cf5ba2778892,2,1,0.5,0.5,6,0.5,,,
067fafa7-117b-4803-b549-319739025331,1,0,0.0,2.0,3,0.3333333333333333,,,
f931be3f-6315-4e3a-8b9d-defd4cfea818,21,11,0.5238095238095238,0.5714285714285714,64,0.5217391304347826,0.5238095238095238,1.0,H
e48b3fb0-389d-4775-9594-52ab5c4d431f,7,4,0.5714285714285714,0.7142857142857143,21,0.5555555555555556,0.5714285714285714,1.0,H
58bd36e9-ae82-4b86-8077-03ab11767f6b,20,7,0.35,0.75,60,0.36363636363636365,0.35,0.0,L
03e1fc91-4d3a-4c86-b000-f8b44d05e9c3,1,1,1.0,0.0,3,0.6666666666666666,,,
9b42e33e-f7f5-4db8-9853-1bc99be51cd6,2,0,0.0,1.5,6,0.25,,,
3ea6bf5c-64d6-4ee9-b7d5-cf73689eb1cf,1,0,0.0,1.0,3,0.3333333333333333,,,
c1016e88-a4b8-4896-8a68-7080db9c1e7b,9,2,0.2222222222222222,1.1111111111111112,28,0.2727272727272727,0.2222222222222222,0.0,L
3ca36df6-acd7-4893-9906-42202ad292cb,9,2,0.2222222222222222,1.2222222222222223,27,0.2727272727272727,0.2222222222222222,0.0,L
c837b141-76b4-4d30-98cb-f45226aa9a9b,7,3,0.42857142857142855,1.0,21,0.4444444444444444,0.42857142857142855,0.0,L
b4374137-7b26-4bea-94d0-c195d4b4a05a,52,22,0.4230769230769231,0.6923076923076923,157,0.42592592592592593,0.4230769230769231,0.0,L
ad9be03b-3898-4050-ac9a-890ac6d56396,7,5,0.7142857142857143,0.42857142857142855,21,0.6666666666666666,0.7142857142857143,1.0,H
4dcf588c-b26e-45fe-90dd-862ec0fadda0,35,20,0.5714285714285714,0.5428571428571428,107,0.5675675675675675,0.5714285714285714,1.0,H
907dc555-faa3-4154-88d7-04d0d83dc5a6,11,2,0.18181818181818182,1.2727272727272727,33,0.23076923076923078,0.18181818181818182,0.0,L
9c7bab32-5b35-4596-a999-f0ef9825558b,24,17,0.7083333333333334,0.375,72,0.6923076923076923,0.7083333333333334,1.0,H
0e24e94d-0160-42c7-8c6c-0f5b69330e15,6,3,0.5,0.8333333333333334,18,0.5,0.5,1.0,H
034566ff-8dc4-4737-b334-0a1460e12991,3,1,0.3333333333333333,1.3333333333333333,9,0.4,0.3333333333333333,0.0,L
361854ba-894d-48f4-9e94-87b976cbc9bf,3,1,0.3333333333333333,0.6666666666666666,10,0.4,0.3333333333333333,0.0,L
de47e1c1-8d27-4b18-a5b3-92225869f459,11,3,0.2727272727272727,1.0909090909090908,33,0.3076923076923077,0.2727272727272727,0.0,L
0f620990-285b-4fca-ba65-f3d2030ea2b9,13,5,0.38461538461538464,0.6153846153846154,39,0.4,0.38461538461538464,0.0,L
0170b5bb-33d0-40b8-9620-dd4e6a360e4c,26,8,0.3076923076923077,1.0,78,0.32142857142857145,0.3076923076923077,0.0,L
a6522ae7-2250-408f-a633-22603c6fe379,4,0,0.0,1.5,12,0.16666666666666666,0.0,0.0,L
abe789ef-a2c3-44d2-b320-44d946d0da60,4,0,0.0,1.5,12,0.16666666666666666,0.0,0.0,L
7e1ba14a-5849-4497-baa3-2a775576d79f,1,0,0.0,2.0,3,0.3333333333333333,,,
3f4781b1-9159-4dce-b15b-ad0ebaeb9bec,1,0,0.0,3.0,3,0.3333333333333333,,,
5db5f947-722e-4a7c-8ed9-9bc04106152a,33,20,0.6060606060606061,0.48484848484848486,100,0.6,0.6060606060606061,1.0,H
5cce6e96-072a-4589-beab-1f72ae4b6abb,5,3,0.6,0.6,15,0.5714285714285714,0.6,1.0,H
14811f89-e364-4935-a38d-6e8980a64f64,6,3,0.5,1.1666666666666667,18,0.5,0.5,1.0,H
804b1ebc-9d60-4b47-86be-d18fed815984,12,5,0.4166666666666667,0.75,37,0.42857142857142855,0.4166666666666667,0.0,L
5615474e-3ed8-45bc-93ff-5b4f994cee94,9,5,0.5555555555555556,0.7777777777777778,27,0.5454545454545454,0.5555555555555556,1.0,H
9fab83e1-1630-4af9-aba2-7912ee59f3b1,14,9,0.6428571428571429,0.5,42,0.625,0.6428571428571429,1.0,H
506da4b5-f311-4433-b1d1-a093db2c82c1,5,0,0.0,1.4,15,0.14285714285714285,0.0,0.0,L
aec62fe3-61ca-4c33-a4f2-b5a21dea949f,16,10,0.625,0.5,48,0.6111111111111112,0.625,1.0,H
843c0487-b8f1-4374-b0e4-73fc9792038e,5,3,0.6,0.8,15,0.5714285714285714,0.6,1.0,H
626fdcdd-07dd-4c59-9364-1015b2823582,144,65,0.4513888888888889,0.625,433,0.4520547945205479,0.4513888888888889,1.0,H
a8fe0f99-52da-4135-a92d-8acfbfdb7f5a,3,1,0.3333333333333333,1.0,9,0.4,0.3333333333333333,0.0,L
24c43a11-0fa0-4bc1-b89f-823395757bd2,6,3,0.5,0.6666666666666666,18,0.5,0.5,1.0,H
2bd4d452-8238-4c38-bdb8-7c658eaa2fe8,53,8,0.1509433962264151,1.3018867924528301,159,0.16363636363636364,0.1509433962264151,0.0,L
192c0cae-ba80-4ae8-8103-9a6cae1f8f22,1,0,0.0,2.0,3,0.3333333333333333,,,
6456fb42-35bd-4f11-98d1-21b7adfaf224,1,0,0.0,2.0,3,0.3333333333333333,,,
c2b1a774-1707-45ac-8a62-78fa0e67b082,17,5,0.29411764705882354,0.9411764705882353,51,0.3157894736842105,0.29411764705882354,0.0,L
564b7d20-3ad1-4c85-913f-bbd98d9561ec,6,1,0.16666666666666666,1.1666666666666667,18,0.25,0.16666666666666666,0.0,L
4f31ecdf-9802-4f1e-9b5c-c45776ecd872,1,0,0.0,1.0,3,0.3333333333333333,,,
2f98ab23-d103-4670-ab44-afa6f3ad51da,75,24,0.32,1.2133333333333334,225,0.3246753246753247,0.32,0.0,L
5e98ce53-c80d-4851-8802-0c14f4e6f008,8,6,0.75,0.375,24,0.7,0.75,1.0,H
2146e0d3-6d94-4c17-9896-138884e8d002,11,3,0.2727272727272727,0.8181818181818182,33,0.3076923076923077,0.2727272727272727,0.0,L
b30593d6-1dae-45e9-bfe6-220c5610c0bb,22,4,0.18181818181818182,1.4545454545454546,66,0.20833333333333334,0.18181818181818182,0.0,L
b2241148-01fe-4b44-aa9d-6d9a1312cd73,7,0,0.0,1.2857142857142858,21,0.1111111111111111,0.0,0.0,L
9aa7dd3c-7295-496b-a9e2-4ba5bcd996c5,11,4,0.36363636363636365,1.0,34,0.38461538461538464,0.36363636363636365,0.0,L
ca0d7ee1-3aec-4844-9792-6524ef3129bb,3,2,0.6666666666666666,0.3333333333333333,9,0.6,0.6666666666666666,1.0,H
511a21df-f892-4344-9050-3012e5a22f26,1,1,1.0,0.0,3,0.6666666666666666,,,
588eef50-00ed-451d-91b4-ccedfa60d52e,1,0,0.0,1.0,4,0.3333333333333333,,,
f4456e2e-4c48-47ab-883e-f9313a44c811,15,6,0.4,0.9333333333333333,45,0.4117647058823529,0.4,0.0,L
420a238c-b68d-44df-86d9-2c759a8de976,11,3,0.2727272727272727,1.2727272727272727,33,0.3076923076923077,0.2727272727272727,0.0,L
93f5be71-f341-4938-910f-cd2bc5376b0d,2,2,1.0,0.0,6,0.75,,,
5d5f1091-f949-4e11-bef6-8f577350ac4f,2,0,0.0,1.5,6,0.25,,,
69ac9920-6715-4972-bee5-664f30eb2344,16,4,0.25,1.125,48,0.2777777777777778,0.25,0.0,L
9f97ead4-b118-4aa0-a985-b15e147a78c8,7,5,0.7142857142857143,0.42857142857142855,21,0.6666666666666666,0.7142857142857143,1.0,H
c30bfa8a-07d6-4ace-bea8-b22718be4507,19,7,0.3684210526315789,0.7894736842105263,58,0.38095238095238093,0.3684210526315789,0.0,L
b2c7b2e0-1b2e-4994-bbd9-eff233f26f4e,1,0,0.0,2.0,3,0.3333333333333333,,,
ea56f62e-6c04-431f-87ac-a22ea7140e96,40,12,0.3,0.975,120,0.30952380952380953,0.3,0.0,L
14ffae7c-d04c-444b-bef6-be9f87c8c84d,1,1,1.0,0.0,3,0.6666666666666666,,,
43d62b99-bfbc-4d4c-89f8-7a1e6189718f,99,18,0.18181818181818182,1.303030303030303,299,0.18811881188118812,0.18181818181818182,0.0,L
a8ae0836-1930-4202-a9f4-c3a4c4f832e3,15,6,0.4,1.2666666666666666,45,0.4117647058823529,0.4,0.0,L
079b048d-3c8c-462e-82a1-c0938c64234d,3,0,0.0,1.0,9,0.2,0.0,0.0,L
ce669af9-6737-4ff4-97b2-2bab6d13c938,11,1,0.09090909090909091,1.5454545454545454,34,0.15384615384615385,0.09090909090909091,0.0,L
d6a799a5-ae0f-4be0-94f9-b2491b847c04,11,5,0.45454545454545453,0.5454545454545454,33,0.46153846153846156,0.45454545454545453,1.0,H
310701f3-4197-4ec5-9fd3-079e95ee2237,31,13,0.41935483870967744,0.9354838709677419,93,0.42424242424242425,0.41935483870967744,0.0,L
0b1c59bb-1c7e-4119-8d9b-58065a6a05c0,57,18,0.3157894736842105,1.1403508771929824,175,0.3220338983050847,0.3157894736842105,0.0,L
caa7cb99-25c9-4f58-ae98-4bedd557b5ed,3,1,0.3333333333333333,1.0,9,0.4,0.3333333333333333,0.0,L
e75699ac-394c-4a7b-9141-9e7d0d539a2e,14,5,0.35714285714285715,0.9285714285714286,42,0.375,0.35714285714285715,0.0,L
a6571e10-37e7-4887-82be-f6ef1af9755d,11,2,0.18181818181818182,0.9090909090909091,33,0.23076923076923078,0.18181818181818182,0.0,L
8b4629fe-43eb-448a-8e7c-52e82bf084de,8,5,0.625,0.375,26,0.6,0.625,1.0,H
aa148c79-06e8-47a8-8579-adbd5b487ad2,8,1,0.125,1.5,24,0.2,0.125,0.0,L
2219d542-9a4e-47bf-98b8-ee055a8ea494,5,3,0.6,0.6,15,0.5714285714285714,0.6,1.0,H
72e36ccb-3f78-4ed2-bf9d-695279ff9e7b,2,1,0.5,1.0,6,0.5,,,
e89e15d0-ed95-496f-b460-8457dc5cade4,6,4,0.6666666666666666,0.5,18,0.625,0.6666666666666666,1.0,H
3a6d2289-be9c-4e07-9d1a-3fa4b6e9a2d2,26,12,0.46153846153846156,0.6923076923076923,78,0.4642857142857143,0.46153846153846156,1.0,H
bcb9dae0-2e83-49c3-87d6-63c792445c95,3,1,0.3333333333333333,1.0,9,0.4,0.3333333333333333,0.0,L
83e8b2fd-7bd1-4e50-ac73-fb38a2b8ffa9,2,1,0.5,0.5,6,0.5,,,
d218df5f-741f-46c3-9798-50d3674ec566,3,0,0.0,1.0,9,0.2,0.0,0.0,L
0e0b8d98-9310-46a6-871b-1559d561e8e1,11,6,0.5454545454545454,0.5454545454545454,33,0.5384615384615384,0.5454545454545454,1.0,H
4077d0fc-ee18-42bc-a741-fb1c4b739fb6,25,9,0.36,0.92,80,0.37037037037037035,0.36,0.0,L
337fd9aa-9c99-4e54-b714-95a1265286dd,7,2,0.2857142857142857,0.7142857142857143,21,0.3333333333333333,0.2857142857142857,0.0,L
3f7fb5f8-9651-48a1-aabe-4b97cf4a3299,1,0,0.0,2.0,3,0.3333333333333333,,,
a8420157-79a5-47f5-a2d2-754031b2e8c1,8,2,0.25,1.125,24,0.3,0.25,0.0,L
ea1d7341-fc9b-457e-8eb1-1723f40c61c0,8,2,0.25,1.125,24,0.3,0.25,0.0,L
6fa0b25c-714c-4c7e-9b51-3d445a9f0311,4,2,0.5,0.5,12,0.5,0.49999999999999994,1.0,H
3ef645f1-c9f7-49e0-8e53-3c9a9c440ca1,12,2,0.16666666666666666,1.5833333333333333,36,0.21428571428571427,0.16666666666666666,0.0,L
18a85572-c007-419d-aced-d838350b5ebb,1,1,1.0,0.0,3,0.6666666666666666,,,
e2f47dd1-f276-4f7c-95cb-7073d9443ae7,7,1,0.14285714285714285,1.2857142857142858,21,0.2222222222222222,0.14285714285714285,0.0,L
c3fe8c76-fc30-4fa7-b7f8-c492f5967d18,28,6,0.21428571428571427,1.1428571428571428,84,0.23333333333333334,0.21428571428571427,0.0,L
a2851701-a967-4fdb-8c49-294769a8c31c,8,4,0.5,0.625,24,0.5,0.5,1.0,H
548534a3-b075-4fe8-a460-0f8b8af5b2dd,1,0,0.0,2.0,3,0.3333333333333333,,,
92cb0abe-e3e2-49ab-aa14-8ddb889e0ca7,4,1,0.25,1.5,12,0.3333333333333333,0.25,0.0,L
ad1c6dc7-e4c8-4ceb-9751-55e15e22e42e,2,0,0.0,2.5,6,0.25,,,
8c9077cc-f55a-474e-9085-0859c216f301,8,4,0.5,0.75,24,0.5,0.5,1.0,H
fbd0d08d-e6f5-4341-a1c3-1b5f5aa8472f,51,15,0.29411764705882354,1.1372549019607843,154,0.3018867924528302,0.29411764705882354,0.0,L
4b87b778-429c-4a18-b6f2-fde1a884fff4,29,7,0.2413793103448276,1.0344827586206897,87,0.25806451612903225,0.2413793103448276,0.0,L
2bf6cfa1-7748-4a17-96b3-2ce186aebab9,28,17,0.6071428571428571,0.5714285714285714,84,0.6,0.6071428571428571,1.0,H
baf17603-e5cd-4f5d-a3eb-a7196a735f15,3,1,0.3333333333333333,0.6666666666666666,9,0.4,0.3333333333333333,0.0,L
41a6cf37-2982-4f07-a7cb-f0feef5028b7,12,6,0.5,0.8333333333333334,36,0.5,0.5,1.0,H
0c410b33-19bf-487c-bb5f-5a62d06339dd,4,1,0.25,1.0,12,0.3333333333333333,0.25,0.0,L
9d40c71d-8876-4a7e-ab19-020a44c566b6,3,1,0.3333333333333333,1.0,9,0.4,0.3333333333333333,0.0,L
13e57e29-54ac-4b57-9c79-31098d3d48fb,1,1,1.0,0.0,3,0.6666666666666666,,,
1e5bd14b-be42-4b9a-b48f-6b13337bc1ab,17,5,0.29411764705882354,1.0588235294117647,51,0.3157894736842105,0.29411764705882354,0.0,L
945d59b9-fdf2-4600-943a-7c590ac54bd3,1,0,0.0,1.0,3,0.3333333333333333,,,
d33b6211-4075-4edd-be83-3d8465e49863,2,2,1.0,0.0,6,0.75,,,
68dbc850-0ec4-40a8-8199-b3d5f28d8747,2,0,0.0,1.5,6,0.25,,,
de59ad5c-88a3-451d-a682-abc6d9917a26,11,5,0.45454545454545453,0.8181818181818182,33,0.46153846153846156,0.45454545454545453,1.0,H
4e7323b9-7cb6-4e05-85ad-9a9e3546cb76,21,3,0.14285714285714285,1.3333333333333333,63,0.17391304347826086,0.14285714285714285,0.0,L
f1e002a0-9050-4d10-9c4f-8008562e65af,15,5,0.3333333333333333,1.2,45,0.35294117647058826,0.3333333333333333,0.0,L
e7f41e93-7b71-47ff-9a57-a30faa2ee8c0,77,29,0.37662337662337664,0.9090909090909091,231,0.379746835443038,0.37662337662337664,0.0,L
11f4d142-7d7b-4a76-acc5-ee0746d0b96e,7,0,0.0,1.4285714285714286,21,0.1111111111111111,0.0,0.0,L
658f8555-943c-4754-9402-7b96949face2,4,3,0.75,0.25,12,0.6666666666666666,0.75,1.0,H
83a0bcd0-2399-4768-b558-76fc731a5373,3,2,0.6666666666666666,0.6666666666666666,9,0.6,0.6666666666666666,1.0,H
2d731a4b-b247-41b0-bdc7-970a6e1a96c3,8,3,0.375,0.75,24,0.4,0.375,0.0,L
2325a58f-1c6f-4ac7-af43-730693114213,106,42,0.39622641509433965,0.8301886792452831,318,0.39814814814814814,0.39622641509433965,0.0,L
46fd6a5d-d359-4791-a612-1fd14817bfa8,1,0,0.0,1.0,3,0.3333333333333333,,,
d0424a98-eafa-48cc-8dd4-2c3c11ab3394,1,1,1.0,0.0,3,0.6666666666666666,,,
0b246a43-0796-4e62-8e0c-f6800b76afe9,29,20,0.6896551724137931,0.3448275862068966,87,0.6774193548387096,0.6896551724137931,1.0,H
32ef3055-0d2e-4220-b0b9-cc61cb553194,1,0,0.0,1.0,3,0.3333333333333333,,,
6b09c49d-16f2-4848-b40a-15dfeaf39f88,25,10,0.4,0.84,76,0.4074074074074074,0.4,0.0,L
61caac78-0855-4903-bab1-5a8e26a945c6,128,37,0.2890625,1.0,385,0.2923076923076923,0.2890625,0.0,L
cf5d5f60-bcba-4a2e-bb51-a82639fff532,14,8,0.5714285714285714,0.6428571428571429,43,0.5625,0.5714285714285714,1.0,H
95c598ef-a93f-487d-bb2f-38448ebcd207,9,3,0.3333333333333333,1.2222222222222223,30,0.36363636363636365,0.3333333333333333,0.0,L
db64f0d7-289b-4bff-84cd-b22ce6a44b24,1,0,0.0,2.0,3,0.3333333333333333,,,
e2ce5942-5e73-4de1-acb3-4945d0c891f8,3,0,0.0,1.6666666666666667,9,0.2,0.0,0.0,L
4d87421a-6e8f-4a2e-bc56-e156b0851802,1,0,0.0,3.0,3,0.3333333333333333,,,
9c49d944-e027-4f70-bbfe-99bbcdbd5ed7,7,2,0.2857142857142857,0.8571428571428571,21,0.3333333333333333,0.2857142857142857,0.0,L
77f1dd34-3f3e-4731-b376-630c62a5ff76,4,2,0.5,0.75,13,0.5,0.5,1.0,H
b41c002b-0c44-43a3-97ad-4cafbc22c3e3,3,0,0.0,1.6666666666666667,9,0.2,0.0,0.0,L
de0a0dde-c714-4e07-a041-d85bc427e6b6,86,22,0.2558139534883721,1.2209302325581395,261,0.26136363636363635,0.2558139534883721,0.0,L
0ef5342b-695b-4ead-9b7b-b15c33d38469,102,27,0.2647058823529412,1.3431372549019607,310,0.2692307692307692,0.2647058823529412,0.0,L
91a9e205-eca6-4b83-a9cb-cc78c4514be3,1,0,0.0,2.0,3,0.3333333333333333,,,
85d3a95c-018d-4970-a410-d90f90d3b908,26,11,0.4230769230769231,0.7307692307692307,78,0.42857142857142855,0.4230769230769231,0.0,L
443d23c7-f822-49b1-987c-9ae7a2aa920d,5,1,0.2,0.8,16,0.2857142857142857,0.2,0.0,L
5ce71270-a2a6-4003-b9ec-5bc027b6d167,2,2,1.0,0.0,6,0.75,,,
95b3d535-c23c-46e9-8e7f-55c0a58244a4,4,1,0.25,1.75,12,0.3333333333333333,0.25,0.0,L
cbeb90c1-d903-4bca-b417-0ce911c2bbca,20,3,0.15,1.1,60,0.18181818181818182,0.15,0.0,L
c8044447-3a9d-495e-b6e8-e44650119476,2,0,0.0,2.0,6,0.25,,,
f3c28b9f-3151-4429-b7fc-90a3c66b58df,3,0,0.0,1.3333333333333333,9,0.2,0.0,0.0,L
f0ac67cb-ed9d-48df-9e65-13bd0548151d,1,1,1.0,0.0,3,0.6666666666666666,,,
9f15dd63-d480-4619-9046-fc49fa7da06d,9,6,0.6666666666666666,0.5555555555555556,27,0.6363636363636364,0.6666666666666666,1.0,H
689c0435-2cf1-4ef1-928f-c30204c49c8b,2,0,0.0,1.0,6,0.25,,,
532f81fc-0f39-45d7-8cd4-b53780b2b639,3,0,0.0,1.3333333333333333,9,0.2,0.0,0.0,L
a18a8385-10cd-4831-97d8-54b017d66367,3,1,0.3333333333333333,0.6666666666666666,9,0.4,0.3333333333333333,0.0,L
b4168ef8-6d5e-4f7c-9d36-6eb9928ad118,20,9,0.45,0.6,60,0.45454545454545453,0.45,1.0,H
b03ed093-f368-4e1a-9a6b-15c8b7cd88f6,4,2,0.5,0.75,12,0.5,0.49999999999999994,1.0,H
58c32714-d3d7-4cb5-886e-112e9e3c0aaa,12,2,0.16666666666666666,1.25,36,0.21428571428571427,0.16666666666666666,0.0,L
49b0d4c7-4b00-4b8b-8a6d-d516cd275ebe,4,1,0.25,0.75,12,0.3333333333333333,0.25,0.0,L
15678c26-cb44-4631-b7d3-ed2dbb9576d5,38,6,0.15789473684210525,1.394736842105263,114,0.175,0.15789473684210525,0.0,L
2f719614-4e07-4b1b-88e1-c74660ccbf42,1,0,0.0,1.0,3,0.3333333333333333,,,
e55a56c0-fb39-4a8a-9335-a5373554431e,11,2,0.18181818181818182,1.3636363636363635,33,0.23076923076923078,0.18181818181818182,0.0,L
16664688-8fff-4e85-93f0-fc163b482b8a,6,3,0.5,0.5,19,0.5,0.5,1.0,H
0bbad1b8-a66a-4897-a443-e62a2ea6b31f,1,0,0.0,2.0,3,0.3333333333333333,,,
db366533-5f7a-4c0b-a63b-73a8de20d287,7,1,0.14285714285714285,1.4285714285714286,21,0.2222222222222222,0.14285714285714285,0.0,L
ed9075ad-5ea5-4bb9-8b79-fd26f02ed8b5,5,1,0.2,1.0,15,0.2857142857142857,0.2,0.0,L
582dd939-3969-404b-8009-9abd535b827f,11,4,0.36363636363636365,1.0909090909090908,34,0.38461538461538464,0.36363636363636365,0.0,L
ee01077c-dc55-4532-9ec6-c39964c04625,40,15,0.375,1.15,120,0.38095238095238093,0.375,0.0,L
7dc9070f-1e55-4c19-90ca-ec95a092ae5f,3,1,0.3333333333333333,1.6666666666666667,9,0.4,0.3333333333333333,0.0,L
96c951ce-699d-4bc2-94af-36010c0a631a,2,1,0.5,1.0,6,0.5,,,
70f38e30-c607-4652-9c8d-2366839ac519,14,5,0.35714285714285715,1.2857142857142858,42,0.375,0.35714285714285715,0.0,L
eb1ac752-ac6f-4c6e-851f-7651f10f16c3,9,9,1.0,0.0,27,0.9090909090909091,1.0,1.0,H
288ac87a-1414-4f60-9f5c-bafec7d49358,14,6,0.42857142857142855,0.6428571428571429,42,0.4375,0.42857142857142855,0.0,L
91bd019c-cd7d-422a-95c0-f2174fb52d0e,6,0,0.0,1.3333333333333333,18,0.125,0.0,0.0,L
15d88bfc-f740-41fa-87c3-948951a55763,24,13,0.5416666666666666,0.5416666666666666,72,0.5384615384615384,0.5416666666666666,1.0,H
aba9bbd8-3c67-40b2-9b6d-42d30c63843f,2,0,0.0,1.0,6,0.25,,,
4e00092d-1a7e-4f23-9582-48b3c05234c7,1,0,0.0,1.0,3,0.3333333333333333,,,
1c370793-c031-43a4-a2ae-fd8be7cb7a37,3,1,0.3333333333333333,1.0,9,0.4,0.3333333333333333,0.0,L
3fa08943-80e5-475c-8949-7f87d6ca6c27,4,1,0.25,1.25,12,0.3333333333333333,0.25,0.0,L
2c193551-3427-405a-a502-2f016bfcfb77,5,4,0.8,0.2,15,0.7142857142857143,0.8,1.0,H
92fb2a06-fd4b-4d0f-9d5f-a7420ba2a5a8,4,0,0.0,1.5,12,0.16666666666666666,0.0,0.0,L
a5e9bda1-3057-4855-b69e-852a2e994191,16,5,0.3125,1.0,48,0.3333333333333333,0.3125,0.0,L
06290d1f-9822-42a3-aad3-2730695c0e87,1,1,1.0,0.0,3,0.6666666666666666,,,
373917ea-f653-422e-b5ff-8b8dc7301aa9,4,1,0.25,1.25,12,0.3333333333333333,0.25,0.0,L
0be7fae6-101e-4f37-a4ea-94605b507b8e,62,19,0.3064516129032258,0.9032258064516129,186,0.3125,0.3064516129032258,0.0,L
da317493-5e7f-49e6-b946-5512fbfddba2,3,2,0.6666666666666666,0.6666666666666666,9,0.6,0.6666666666666666,1.0,H
85bac698-17f0-4f11-ad4a-32d0b0b1bfcb,32,9,0.28125,0.96875,98,0.29411764705882354,0.28125,0.0,L
d421dda2-66dc-46e3-8837-bf3e743287dd,7,2,0.2857142857142857,0.8571428571428571,21,0.3333333333333333,0.2857142857142857,0.0,L
0a60666b-ded3-484f-84f0-13897974e288,165,98,0.593939393939394,0.49696969696969695,496,0.592814371257485,0.593939393939394,1.0,H
baa8346a-2c4b-4a5f-99b3-f4f4ba302dd4,5,1,0.2,0.8,15,0.2857142857142857,0.2,0.0,L
cf338ecf-d226-40cb-b891-551b4917a6ab,2,1,0.5,0.5,6,0.5,,,
ac0dc3b3-05c4-439a-9550-ca2926c7d7ff,2,1,0.5,0.5,6,0.5,,,
f4cb4c2f-cb8f-4936-8861-1ab66beadd1b,5,2,0.4,1.0,15,0.42857142857142855,0.4,0.0,L
a4ed8b73-ab06-4eeb-9349-d088f83f4305,9,4,0.4444444444444444,0.6666666666666666,27,0.45454545454545453,0.4444444444444444,1.0,H
d5ca6260-44ad-4405-8bc6-52b054ca0ac5,1,0,0.0,1.0,3,0.3333333333333333,,,
da1d6430-9ff8-4607-b157-73b561cdb7af,9,5,0.5555555555555556,0.5555555555555556,27,0.5454545454545454,0.5555555555555556,1.0,H
064817fa-0437-4c95-a016-bb5bf0adefe4,3,1,0.3333333333333333,0.6666666666666666,9,0.4,0.3333333333333333,0.0,L
1e03039f-48af-493a-8ade-ea14f3d45c36,92,57,0.6195652173913043,0.4782608695652174,276,0.6170212765957447,0.6195652173913043,1.0,H
4fc90428-ea13-467c-95b5-7f2b1f4f24df,1,0,0.0,2.0,3,0.3333333333333333,,,
c937ae65-c912-4338-9fc1-7e75ebedd37b,3,1,0.3333333333333333,1.0,9,0.4,0.3333333333333333,0.0,L
9a94ff7f-8c35-49cc-92b9-07e526e760a7,1,0,0.0,2.0,3,0.3333333333333333,,,
11088009-9f88-4f39-9ba6-8d939a6c612c,2,0,0.0,2.5,6,0.25,,,
b8a49803-fec8-478e-a541-9b3f0d48d058,1,1,1.0,0.0,3,0.6666666666666666,,,
3ea14cd2-2902-4c92-8d78-3aa99d4efbaf,33,20,0.6060606060606061,0.5151515151515151,99,0.6,0.6060606060606061,1.0,H
8611af9c-4d39-44bb-aec4-eb9bdfdb684e,14,6,0.42857142857142855,1.0,42,0.4375,0.42857142857142855,0.0,L
07882c14-0566-4daf-aae7-4badcca43e37,4,2,0.5,1.25,12,0.5,0.5,1.0,H
d900306d-cf9c-4b07-90ff-affb7f9324c3,3,2,0.6666666666666666,0.3333333333333333,9,0.6,0.6666666666666666,1.0,H
eec517e1-451a-4d9e-8f2f-85cdcc41111f,10,7,0.7,0.5,30,0.6666666666666666,0.7,1.0,H
f3b2d5b2-4a7f-4e35-82d4-35970565017a,2,0,0.0,1.5,6,0.25,,,
7bb28137-b61a-4e92-8be7-bc6fcffe87e5,4,0,0.0,1.5,12,0.16666666666666666,0.0,0.0,L
bae623d4-5d05-4e5d-a7ae-a6b69d2a2cef,2,0,0.0,2.0,6,0.25,,,
aab09d6c-9003-4335-9fd7-55ba4f07dcee,4,4,1.0,0.0,12,0.8333333333333334,1.0,1.0,H
e8195091-5f1a-4047-871b-722e07bb469f,2,0,0.0,1.5,6,0.25,,,
588b6740-919a-49e7-8928-abac2c89d9b6,3,1,0.3333333333333333,1.0,9,0.4,0.3333333333333333,0.0,L
56dd965f-289c-4658-a4af-5d2e86d3f5cc,2,0,0.0,1.0,6,0.25,,,
1836d3ff-7441-4c97-8bcd-dc2c21a00e54,2,1,0.5,1.0,6,0.5,,,
0f0af6f5-e303-4f39-9214-f0f4fe70296e,8,2,0.25,1.25,24,0.3,0.25,0.0,L
001c26dc-a5d4-4f35-a1e2-0f9dba1f81c6,8,2,0.25,1.0,24,0.3,0.25,0.0,L
7a9ef842-fbd8-48ff-83b1-ba3bc1460946,14,4,0.2857142857142857,1.0714285714285714,42,0.3125,0.2857142857142857,0.0,L
3390b131-ad01-4fc3-b18e-e108931d934e,2,1,0.5,0.5,6,0.5,,,
8ea79acf-e2bb-43be-8a17-b91acbfa07da,1,1,1.0,0.0,3,0.6666666666666666,,,
61039873-f856-4980-a101-528c39997104,1,0,0.0,1.0,3,0.3333333333333333,,,
b503ece5-4b4f-4350-b425-e9c4fb6aec14,10,0,0.0,1.8,30,0.08333333333333333,0.0,0.0,L
f8ba2461-231c-4d6a-94f8-67554cd50a47,2,0,0.0,2.0,6,0.25,,,
3518ff41-6035-4483-87c2-f3c584c339ea,31,15,0.4838709677419355,0.7419354838709677,94,0.48484848484848486,0.4838709677419355,1.0,H
e340ce4a-8d7f-4623-90e2-d8fa21fdc2b2,11,6,0.5454545454545454,0.45454545454545453,33,0.5384615384615384,0.5454545454545454,1.0,H
f7454763-e4de-4ecb-be1b-ead86b5e8562,8,2,0.25,1.125,25,0.3,0.25,0.0,L
83d9a833-97ab-46fd-a615-c7fb11f09920,15,6,0.4,0.8666666666666667,45,0.4117647058823529,0.4,0.0,L
e924410c-b3d3-4e3b-a4c4-cec3729e6e12,5,1,0.2,0.8,15,0.2857142857142857,0.2,0.0,L
96e2499e-db36-4d4e-bfd0-7c02152d66f6,6,2,0.3333333333333333,1.3333333333333333,18,0.375,0.3333333333333333,0.0,L
1507d65a-27bb-47ff-8000-27525f371d76,7,3,0.42857142857142855,0.8571428571428571,21,0.4444444444444444,0.42857142857142855,0.0,L
a3253cd6-ee08-4132-b1aa-b1f6ae7b2faf,3,2,0.6666666666666666,0.3333333333333333,9,0.6,0.6666666666666666,1.0,H
22c54f93-abff-4c7a-85ae-69f5950a52cb,13,2,0.15384615384615385,1.2307692307692308,39,0.2,0.15384615384615385,0.0,L
2c7a99c5-d5cf-4592-9f16-7057059acd68,1,0,0.0,1.0,3,0.3333333333333333,,,
4cd345c5-e895-4824-a2bc-e7283995c0e5,4,1,0.25,1.0,12,0.3333333333333333,0.25,0.0,L
c9a9fd43-843f-4848-93f4-40572e24b5b4,43,8,0.18604651162790697,1.069767441860465,129,0.2,0.18604651162790697,0.0,L
75325270-3dec-4315-85c5-a87b98fb7056,1,0,0.0,1.0,3,0.3333333333333333,,,
1a67353b-1621-41c6-9d65-3e0b69086788,18,5,0.2777777777777778,1.0,54,0.3,0.2777777777777778,0.0,L
1c571a25-63c1-4a0b-b0e4-379b100dedc8,4,4,1.0,0.0,12,0.8333333333333334,1.0,1.0,H
1300f296-3f1f-4f7e-9474-e02db81e9010,1,0,0.0,1.0,3,0.3333333333333333,,,
ac8f051b-ea88-4b75-8ace-7e2d1aba7ba5,2,1,0.5,1.0,6,0.5,,,
9866a50b-bd04-407f-8440-5d767450cdbf,5,4,0.8,0.2,15,0.7142857142857143,0.8,1.0,H
a834d0bd-5dd6-47df-9ec5-99987ac13f2d,1,0,0.0,1.0,3,0.3333333333333333,,,
3db8711d-15e5-44c0-8cea-5b5f4f6e4f87,11,1,0.09090909090909091,1.3636363636363635,33,0.15384615384615385,0.09090909090909091,0.0,L
dd92f20e-43d3-4812-afe8-7fcf0cf7c7a0,11,3,0.2727272727272727,1.0,33,0.3076923076923077,0.2727272727272727,0.0,L
995a51c5-cb38-4988-bb76-ca7ee8b0752e,2,0,0.0,2.5,6,0.25,,,
aaa5bb12-7f2e-4050-b849-baf403db39f8,13,4,0.3076923076923077,1.2307692307692308,39,0.3333333333333333,0.3076923076923077,0.0,L
811a020c-0975-4904-a4c3-382587f37817,16,6,0.375,0.875,49,0.3888888888888889,0.375,0.0,L
a3e8ce3a-49f8-4094-93ca-cc227241264d,1,0,0.0,1.0,3,0.3333333333333333,,,
f162dc11-0dbc-40a4-a69e-6e37e012af6e,12,6,0.5,0.5,36,0.5,0.5,1.0,H
9a3a621b-fc96-49e0-b13c-95d17828d248,3,0,0.0,1.6666666666666667,9,0.2,0.0,0.0,L
f79f44aa-8ec7-4241-b469-f271c4a5c2f3,1,0,0.0,1.0,3,0.3333333333333333,,,
46fe4ac9-b71d-451e-9b94-25606ce979fc,12,4,0.3333333333333333,0.8333333333333334,36,0.35714285714285715,0.3333333333333333,0.0,L
7f70a5d1-fc5e-490c-b065-d477b00e1b2a,2,0,0.0,2.0,6,0.25,,,
c29b777d-6d48-436c-a891-7643a91f1d26,3,2,0.6666666666666666,0.6666666666666666,9,0.6,0.6666666666666666,1.0,H
44f8ddf2-f902-4189-84f6-16e9f69f7aca,16,6,0.375,0.75,49,0.3888888888888889,0.375,0.0,L
e20f125c-d9ca-4cec-a358-3a9eb61edfcc,2,1,0.5,0.5,6,0.5,,,
a00d5a90-46e0-4080-8bcb-1ef4f2a3c132,1,0,0.0,1.0,3,0.3333333333333333,,,
e35b4c68-9793-4b0f-a030-fe877ddbc61c,1,0,0.0,2.0,3,0.3333333333333333,,,
29804f78-db46-475d-a44a-41af38ded3d9,5,3,0.6,0.8,15,0.5714285714285714,0.6,1.0,H
38f5f3c4-e4c4-4cc8-9166-5d12477df9a4,4,0,0.0,1.5,12,0.16666666666666666,0.0,0.0,L
cf7e9c6e-35b2-4c85-a0d4-6321ae12b5d3,13,4,0.3076923076923077,1.1538461538461537,39,0.3333333333333333,0.3076923076923077,0.0,L
7567dd10-c128-4a22-91e9-df2cd1d0d04f,2,0,0.0,1.5,6,0.25,,,
fcc699a1-2677-406b-9723-e624a71dae01,2,0,0.0,2.0,6,0.25,,,
48d046d2-f8fd-4c93-88bc-2f9d39aa8e06,32,6,0.1875,1.21875,96,0.20588235294117646,0.1875,0.0,L
090d0ffd-9734-4b0d-b9df-9d4dd424720d,2,0,0.0,2.0,6,0.25,,,
dc1449d9-3889-44b4-8de8-7b065448a22d,2,1,0.5,0.5,6,0.5,,,
fcf1a0d1-c809-4fe3-a748-2953b9c24fa3,4,3,0.75,0.25,12,0.6666666666666666,0.75,1.0,H
27875611-a4e1-41ba-b25d-c35a79c9d038,1,0,0.0,1.0,3,0.3333333333333333,,,
8f178ede-7eea-4108-8dba-a62892608ac5,4,3,0.75,0.25,12,0.6666666666666666,0.75,1.0,H
c1f20bca-1d32-40d0-9f19-fc99ecf33fba,3,0,0.0,1.3333333333333333,9,0.2,0.0,0.0,L
80ba97e3-11a7-4484-a439-935153d6c614,9,2,0.2222222222222222,1.0,27,0.2727272727272727,0.2222222222222222,0.0,L
1888949e-ea6e-4f77-8d1e-f847f82d91c3,1,1,1.0,0.0,3,0.6666666666666666,,,
2069cdb8-95eb-45c1-a0e9-af334f168829,1,0,0.0,1.0,3,0.3333333333333333,,,
7247e603-7c66-435f-b1f4-961fd513b026,6,0,0.0,1.5,18,0.125,0.0,0.0,L
fc987d8a-a4bb-420e-bcfb-db8662b8c33d,1,0,0.0,1.0,3,0.3333333333333333,,,
2514c3b8-ee9c-4b16-8748-60a2bd8ca895,5,3,0.6,0.6,15,0.5714285714285714,0.6,1.0,H
7859b9ff-4cd8-463d-8b6f-0d0181fbbc4f,18,5,0.2777777777777778,0.9444444444444444,54,0.3,0.2777777777777778,0.0,L
80fb9a55-a12f-4963-8f07-d270802d771b,18,7,0.3888888888888889,0.6666666666666666,54,0.4,0.3888888888888889,0.0,L
1a4b9a3c-a64b-4115-9039-4ed451d4e1aa,3,0,0.0,2.3333333333333335,9,0.2,0.0,0.0,L
8712ba69-d8fb-4380-86e2-ea190f08566f,6,0,0.0,1.3333333333333333,18,0.125,0.0,0.0,L
8dbf01ea-91c6-4eb6-89a3-85301eddf7ab,3,1,0.3333333333333333,0.6666666666666666,9,0.4,0.3333333333333333,0.0,L
ef3f1a3b-c213-4845-8466-4e1b30539cf2,19,8,0.42105263157894735,0.7894736842105263,57,0.42857142857142855,0.42105263157894735,0.0,L
6874fc38-7694-4235-b2df-fb0acd095060,16,7,0.4375,0.875,48,0.4444444444444444,0.4375,0.0,L
2b0f1828-6e15-43b4-8b59-6bdb39f16564,6,2,0.3333333333333333,1.1666666666666667,18,0.375,0.3333333333333333,0.0,L
6db57827-32d8-4dba-9042-988fdd4f7833,10,4,0.4,0.7,31,0.4166666666666667,0.4,0.0,L
fbcf29cc-5fd9-4ec4-aacc-3686ccc2f7df,2,1,0.5,0.5,6,0.5,,,
daf721a0-6340-4598-abea-a85b7fcfbeef,9,1,0.1111111111111111,1.3333333333333333,27,0.18181818181818182,0.1111111111111111,0.0,L
4a1833a2-30e5-4803-8a1b-c5495fce0b90,15,7,0.4666666666666667,2.1333333333333333,47,0.47058823529411764,0.4666666666666667,1.0,H
2a1c8d54-2130-49b8-985f-3ada616f795d,16,6,0.375,0.9375,48,0.3888888888888889,0.375,0.0,L
7311febc-5459-4aaf-9db8-7b0709d264b8,29,16,0.5517241379310345,0.6896551724137931,87,0.5483870967741935,0.5517241379310345,1.0,H
454c4dfb-8315-4091-ac5e-1eaa8522d048,4,2,0.5,1.0,12,0.5,0.49999999999999994,1.0,H
2b274c45-5f34-4373-a43f-b0bae807b461,6,1,0.16666666666666666,1.0,18,0.25,0.16666666666666666,0.0,L
d75ac631-b898-4df7-8833-cf5b151643b8,1,0,0.0,2.0,3,0.3333333333333333,,,
996361d1-50ba-45cd-81e1-396b7bcd13c7,6,0,0.0,1.8333333333333333,18,0.125,0.0,0.0,L
f803918a-1411-425e-9f6c-56ef27c1882d,1,0,0.0,2.0,3,0.3333333333333333,,,
530d589a-4626-4c2a-8e75-ca5189b78f03,2,1,0.5,0.5,6,0.5,,,
e7128a59-2ec4-4dd6-bcac-991da7fd69d7,7,3,0.42857142857142855,0.7142857142857143,21,0.4444444444444444,0.42857142857142855,0.0,L
0831ecb6-ff9e-4ca6-b86e-4aa7515151ad,6,3,0.5,0.5,18,0.5,0.5,1.0,H
a7a726e4-9e6b-4c09-a25a-fff43b033f0b,14,6,0.42857142857142855,0.6428571428571429,42,0.4375,0.42857142857142855,0.0,L
637e4fc2-bdb7-41bd-9497-25a3c92ee466,28,14,0.5,0.8214285714285714,84,0.5,0.5,1.0,H
9949e404-c9d5-4445-8b58-87eb9422dcd7,49,16,0.32653061224489793,0.8571428571428571,148,0.3333333333333333,0.32653061224489793,0.0,L
bfb6e729-5d00-4ec4-b95a-2864756cb1a8,5,2,0.4,0.8,15,0.42857142857142855,0.4,0.0,L
2daef44b-3b03-4bac-a0e1-a0a045f96082,4,2,0.5,0.5,12,0.5,0.5,1.0,H
958c15f8-5d28-4ced-90e3-d435a24b5264,12,7,0.5833333333333334,0.6666666666666666,36,0.5714285714285714,0.5833333333333334,1.0,H
dfaeef2b-33a9-48f3-b122-1bb942022523,1,0,0.0,1.0,3,0.3333333333333333,,,
aebd4e5f-ec66-49f9-9b5f-63f571c2c694,5,1,0.2,1.2,15,0.2857142857142857,0.2,0.0,L
19d210de-1076-4fca-9df2-02c1eefaabb0,1,1,1.0,0.0,3,0.6666666666666666,,,
48ea75b0-39ea-4706-8f9a-58e59522bf2f,1,0,0.0,1.0,3,0.3333333333333333,,,
34bc02b7-0f73-415a-aa5d-23ccdac9f119,14,5,0.35714285714285715,0.8571428571428571,42,0.375,0.35714285714285715,0.0,L
79677583-4dcb-488a-9f02-7e0216523db1,1,0,0.0,2.0,3,0.3333333333333333,,,
b3c8288e-fe84-471d-b8b0-3e9c106282a3,34,13,0.38235294117647056,0.7647058823529411,102,0.3888888888888889,0.38235294117647056,0.0,L
1e7ad9d3-6676-4441-b90f-6bfb765bdf41,15,2,0.13333333333333333,1.4,45,0.17647058823529413,0.13333333333333333,0.0,L
2bc935b0-1cfd-4217-acca-ab26e0a5cd65,3,1,0.3333333333333333,1.0,9,0.4,0.3333333333333333,0.0,L
d4c69252-05ae-45db-8369-3b54cebfb141,1,1,1.0,0.0,3,0.6666666666666666,,,
f1b202f9-21a7-4447-a6a3-a8681157df3a,7,4,0.5714285714285714,0.7142857142857143,21,0.5555555555555556,0.5714285714285714,1.0,H
ae32f186-adf4-4ac3-b62b-3fac9f443605,1,0,0.0,1.0,3,0.3333333333333333,,,
df5b568a-1bf1-4450-8916-4b7f0f719488,3,2,0.6666666666666666,0.6666666666666666,9,0.6,0.6666666666666666,1.0,H
26f48e2b-e4c7-4cf5-9221-6a8b2bb2c190,3,0,0.0,1.3333333333333333,9,0.2,0.0,0.0,L
805c01ef-91ab-4de5-8326-3a83a6c8ea37,2,1,0.5,1.0,6,0.5,,,
672719aa-cafa-4ce2-a318-4b62e697b975,3,0,0.0,1.6666666666666667,9,0.2,0.0,0.0,L
e63bafe7-e081-45f3-ae32-61147c93272e,6,0,0.0,1.5,18,0.125,0.0,0.0,L
07c63983-5610-499d-bf17-5013865d41ea,6,2,0.3333333333333333,1.3333333333333333,18,0.375,0.3333333333333333,0.0,L
bf6867fd-6273-4ed3-99d9-5078e8c59b8a,7,1,0.14285714285714285,1.0,21,0.2222222222222222,0.14285714285714285,0.0,L
7bda0269-ce18-461b-8665-ac976a6e51eb,4,1,0.25,1.0,12,0.3333333333333333,0.25,0.0,L
58e23bc9-3a64-46cc-b958-7ba5c0881215,22,9,0.4090909090909091,0.7272727272727273,66,0.4166666666666667,0.4090909090909091,0.0,L
3f021967-edd4-48cb-989d-349a7b412ffa,57,22,0.38596491228070173,0.9473684210526315,171,0.3898305084745763,0.38596491228070173,0.0,L
0314b193-67bb-4457-a20b-9449de7ba39d,3,0,0.0,1.3333333333333333,9,0.2,0.0,0.0,L
f7de70ea-01de-4c18-a0ce-ed43dc9bfb31,12,6,0.5,0.5833333333333334,36,0.5,0.5,1.0,H
107a1f7f-6c3d-4357-a329-b4895ae26ae9,9,1,0.1111111111111111,1.2222222222222223,27,0.18181818181818182,0.1111111111111111,0.0,L
acdc6c14-8765-4154-b986-22f4bf6d13ca,25,4,0.16,1.36,75,0.18518518518518517,0.16,0.0,L
a851134e-ac01-4304-b59f-76f7371439e0,19,9,0.47368421052631576,0.8421052631578947,59,0.47619047619047616,0.47368421052631576,1.0,H
ff79c5f7-eac3-41ed-8480-8172f72c9f3a,14,3,0.21428571428571427,1.4285714285714286,42,0.25,0.21428571428571427,0.0,L
f07a4449-b462-4e98-94f6-20226dd0e5a0,2,1,0.5,1.0,6,0.5,,,
81a77030-5029-4900-9d69-4b2f0db7d676,27,8,0.2962962962962963,0.9259259259259259,81,0.3103448275862069,0.2962962962962963,0.0,L
ab326682-373a-4f20-921d-8b6d0b3edba9,3,2,0.6666666666666666,0.3333333333333333,9,0.6,0.6666666666666666,1.0,H
bb6ced81-7340-4cc4-98cd-0ff44cfb38bb,1,0,0.0,1.0,3,0.3333333333333333,,,
6a9a057e-558c-4fca-8110-3c2540faad3b,4,1,0.25,1.0,12,0.3333333333333333,0.25,0.0,L
5bb6abed-1304-498c-9955-783af67d0464,7,2,0.2857142857142857,1.2857142857142858,21,0.3333333333333333,0.2857142857142857,0.0,L
dea1933f-0423-4ed9-b3a5-8e38c4483f07,3,0,0.0,1.6666666666666667,9,0.2,0.0,0.0,L
a2d8094b-e876-4d75-87b9-e186971b254f,3,2,0.6666666666666666,0.6666666666666666,9,0.6,0.6666666666666666,1.0,H
0e011b85-622a-4ed8-bf76-6fe04d858cd2,13,5,0.38461538461538464,0.6153846153846154,39,0.4,0.38461538461538464,0.0,L
2f2fa414-5b4b-4bcc-84cf-c17dfdbb80b9,9,2,0.2222222222222222,0.8888888888888888,27,0.2727272727272727,0.2222222222222222,0.0,L
04342d01-c4bf-444a-8a40-d6450181fd62,62,13,0.20967741935483872,1.2741935483870968,186,0.21875,0.20967741935483872,0.0,L
224c3d09-c385-46cd-93e2-5f3682ac2624,37,12,0.32432432432432434,1.0,111,0.3333333333333333,0.32432432432432434,0.0,L
06427c57-73a4-4a9f-8fea-a6d7a9d7de1b,3,1,0.3333333333333333,0.6666666666666666,9,0.4,0.3333333333333333,0.0,L
b3f2ba68-6b6e-4055-b21c-35fcf44ef25b,9,2,0.2222222222222222,0.8888888888888888,27,0.2727272727272727,0.2222222222222222,0.0,L
063b1095-4785-42c8-b58b-0ee9553dffbd,1,0,0.0,2.0,3,0.3333333333333333,,,
73ab15c5-1d28-4beb-b0d4-d48a3ada35d0,1,1,1.0,0.0,3,0.6666666666666666,,,
6a197a6d-c187-4513-b181-e00f49b3a6de,22,7,0.3181818181818182,1.0454545454545454,67,0.3333333333333333,0.3181818181818182,0.0,L
6ae33475-b76f-4ad8-bcb5-9708efde0bee,12,8,0.6666666666666666,0.5833333333333334,37,0.6428571428571429,0.6666666666666666,1.0,H
b0088d10-7ab7-40b6-b075-3575055f8a58,1,0,0.0,2.0,3,0.3333333333333333,,,
0cae2539-a148-45e6-90ea-2a8c34fc7c9c,16,3,0.1875,1.125,48,0.2222222222222222,0.1875,0.0,L
07dfb908-a77e-4f41-963c-d6361a37b9e1,2,1,0.5,1.0,6,0.5,,,
71eec7a4-91ca-4d86-a69b-df2f8d26ad51,5,3,0.6,0.6,15,0.5714285714285714,0.6,1.0,H
1828e317-db01-45f5-b445-07f2ce174a34,1,1,1.0,0.0,3,0.6666666666666666,,,
4b3f44d0-a468-406b-a604-34688beed28f,4,1,0.25,0.75,12,0.3333333333333333,0.25,0.0,L
f290983f-7c11-4c14-909d-20c8ea49f4f0,7,2,0.2857142857142857,1.5714285714285714,21,0.3333333333333333,0.2857142857142857,0.0,L
488f5831-13aa-4c38-a317-2e0cf81b2bc9,4,2,0.5,0.5,12,0.5,0.5,1.0,H
85f8b482-c06b-42bd-8621-21179c7adcf9,1,0,0.0,1.0,3,0.3333333333333333,,,
56969914-9e30-4636-ae34-7d2aad496f87,1,0,0.0,2.0,3,0.3333333333333333,,,
0d57cb7d-3903-4a18-bf65-6512c626c68d,1,0,0.0,1.0,3,0.3333333333333333,,,
3d816698-26e6-4c05-a3a7-649d2d9e219a,2,0,0.0,1.0,6,0.25,,,
5a971b64-77ce-4f36-bcb2-cd7892f2ceeb,5,5,1.0,0.0,15,0.8571428571428571,1.0,1.0,H
527a331a-ccc9-4a92-9cd5-7ff971ff2158,2,0,0.0,1.0,6,0.25,,,
5d62156c-cb6a-4c4f-9793-9ac2e9ae4b68,2,0,0.0,2.0,6,0.25,,,
b6c653f0-7ace-4862-ad05-bf35d46586e2,3,0,0.0,2.0,9,0.2,0.0,0.0,L
57fa7667-ceda-4cba-ba1c-f17fec77cb78,7,3,0.42857142857142855,0.7142857142857143,21,0.4444444444444444,0.42857142857142855,0.0,L
0749e526-ec1b-41e2-95ba-724fcdcf08af,42,15,0.35714285714285715,0.9523809523809523,126,0.36363636363636365,0.35714285714285715,0.0,L
81fc9749-e6d0-427c-b632-d908ee64907c,12,5,0.4166666666666667,0.5833333333333334,36,0.42857142857142855,0.4166666666666667,0.0,L
1c55fd4a-68ff-4954-94c7-9549fa11d3a9,19,6,0.3157894736842105,1.1578947368421053,57,0.3333333333333333,0.3157894736842105,0.0,L
eb7e5684-8f8b-40d9-a224-8e8e3dccfdfb,3,2,0.6666666666666666,0.3333333333333333,9,0.6,0.6666666666666666,1.0,H
3004fe0c-4843-4c2b-8a27-1ff3f414e7d5,3,0,0.0,1.6666666666666667,9,0.2,0.0,0.0,L
3836c842-9c16-4d8c-bbae-c9ddfe7229df,14,1,0.07142857142857142,1.3571428571428572,42,0.125,0.07142857142857142,0.0,L
7f1ee533-8e0c-45b5-b0e9-84d9252a78f5,16,4,0.25,1.0,48,0.2777777777777778,0.25,0.0,L
b03ba98e-22f4-4d98-84f7-76ff308e22e7,3,2,0.6666666666666666,0.3333333333333333,9,0.6,0.6666666666666666,1.0,H
5985a7d1-5606-446a-91f2-a974b798e771,1,0,0.0,2.0,3,0.3333333333333333,,,
05aa59c1-ce6c-43db-b41f-c830bcae3f00,16,7,0.4375,0.6875,49,0.4444444444444444,0.4375,0.0,L
b2b4511f-94f0-4d57-8128-305482de3baa,15,3,0.2,1.0666666666666667,45,0.23529411764705882,0.2,0.0,L
580e0fc4-4174-42ba-b51d-dc70434eb878,12,2,0.16666666666666666,1.3333333333333333,36,0.21428571428571427,0.16666666666666666,0.0,L
235a98bb-00db-43d7-90d2-59c879af146b,26,13,0.5,0.5769230769230769,79,0.5,0.5,1.0,H
c80ef2af-4dce-455d-84ea-2c05c0485e8f,22,8,0.36363636363636365,0.8636363636363636,66,0.375,0.36363636363636365,0.0,L
9a9290b2-a10e-41a3-9fe9-41639d086bc2,1,0,0.0,2.0,3,0.3333333333333333,,,
8b98f333-5f96-46d6-b92b-92a1fe9eb344,35,17,0.4857142857142857,0.6285714285714286,105,0.4864864864864865,0.4857142857142857,1.0,H
772c5072-aa83-4b73-8ac4-8c35f35f140b,1,0,0.0,1.0,3,0.3333333333333333,,,
d2020e1c-9033-49cf-9eb6-cdb4fac29e65,22,8,0.36363636363636365,0.8636363636363636,66,0.375,0.36363636363636365,0.0,L
ae4fabbb-3021-447e-8646-17be94917f03,1,0,0.0,1.0,3,0.3333333333333333,,,
4601c725-f3de-4032-bf73-568716be5a8a,22,4,0.18181818181818182,1.3181818181818181,66,0.20833333333333334,0.18181818181818182,0.0,L
461a9d21-807a-4b12-91b9-dbb4d78bc35b,29,6,0.20689655172413793,1.9310344827586208,90,0.22580645161290322,0.20689655172413793,0.0,L
2702aab6-367d-4048-ad02-b12a32fa505c,3,2,0.6666666666666666,0.3333333333333333,9,0.6,0.6666666666666666,1.0,H
de612a7a-4a2d-4692-80f0-e3a676b4d5f7,1,0,0.0,1.0,3,0.3333333333333333,,,
080e5e40-0e7e-4e5e-883b-c7fa58cb4cb4,1,0,0.0,2.0,3,0.3333333333333333,,,
e7e5ad7a-4591-4c02-a2aa-f27997100316,7,1,0.14285714285714285,1.2857142857142858,21,0.2222222222222222,0.14285714285714285,0.0,L
42931437-4ea8-4e8c-8f4b-c122f6326e08,6,3,0.5,0.6666666666666666,18,0.5,0.5,1.0,H
6cfb03f8-a043-4412-b4af-203cee24c668,3,3,1.0,0.0,9,0.8,1.0,1.0,H
7cae64ac-ee44-4881-a757-45da9ccd5e5e,4,1,0.25,1.25,12,0.3333333333333333,0.25,0.0,L
823a43a8-4dfc-4ecb-9c49-e5bc7e368014,6,1,0.16666666666666666,1.1666666666666667,18,0.25,0.16666666666666666,0.0,L
3b7bca8e-6d69-4b90-a055-4f6742cea434,3,1,0.3333333333333333,1.3333333333333333,9,0.4,0.3333333333333333,0.0,L
ae3373f6-d301-4658-8840-9dc78a6a9474,2,0,0.0,1.0,6,0.25,,,
d79019ef-ce48-4b03-a58e-dc2505e0d3b1,4,2,0.5,0.5,12,0.5,0.49999999999999994,1.0,H
24b27104-5622-4024-a7f1-d2069e45b9f5,9,1,0.1111111111111111,1.2222222222222223,27,0.18181818181818182,0.1111111111111111,0.0,L
6d69ab90-3695-4781-8e3a-145295c0b281,5,1,0.2,1.4,15,0.2857142857142857,0.2,0.0,L
cc1ddd6e-a228-4a4d-a220-29d58995e8bf,1,0,0.0,2.0,3,0.3333333333333333,,,
04f29867-b194-45b6-acc8-b8315b80f396,13,7,0.5384615384615384,0.6923076923076923,39,0.5333333333333333,0.5384615384615384,1.0,H
7bb982a8-811d-4c81-92da-42ea81482d26,4,2,0.5,0.75,12,0.5,0.49999999999999994,1.0,H
c563cd4a-c049-4f08-ac5e-7425086d544e,4,0,0.0,1.25,12,0.16666666666666666,0.0,0.0,L
8a45843a-f665-4c9e-86b0-20b9fb0af4f0,22,5,0.22727272727272727,1.0454545454545454,66,0.25,0.22727272727272727,0.0,L
23e29eab-8f9e-4e0e-81c7-62162c3893ea,1,0,0.0,1.0,3,0.3333333333333333,,,
d4265b68-83c6-4464-b8e3-659c8181224b,1,0,0.0,2.0,3,0.3333333333333333,,,
f82ba8e4-2699-4406-8059-22434826603b,4,1,0.25,1.25,12,0.3333333333333333,0.25,0.0,L
abbc8a37-2db7-4af5-9df1-b0582d2e3d93,26,8,0.3076923076923077,1.1153846153846154,78,0.32142857142857145,0.3076923076923077,0.0,L
3871ca3f-042c-4b6a-a680-830c6234cd1e,1,1,1.0,0.0,3,0.6666666666666666,,,
4cc7e23f-8d28-49da-a4ce-3fa79d0f521d,5,2,0.4,0.8,15,0.42857142857142855,0.4,0.0,L
0c0d8499-3947-47c7-b7cb-f6d989497255,11,1,0.09090909090909091,1.4545454545454546,33,0.15384615384615385,0.09090909090909091,0.0,L
1e2d4816-c98c-4dbb-a48a-8d8962e524af,5,0,0.0,3.8,15,0.14285714285714285,0.0,0.0,L
51488d8d-5cd0-4659-ae17-239a7896f34c,9,6,0.6666666666666666,0.5555555555555556,27,0.6363636363636364,0.6666666666666666,1.0,H
d0a41e11-8399-47e7-bc25-b7e77be59789,17,4,0.23529411764705882,1.1176470588235294,51,0.2631578947368421,0.23529411764705882,0.0,L
b9bbb107-36d9-4bfe-838c-d10ec76d8b06,10,3,0.3,1.4,31,0.3333333333333333,0.3,0.0,L
14e4ef9b-d8dc-4b9a-a2bf-f2a0d9cd428b,3,0,0.0,1.3333333333333333,9,0.2,0.0,0.0,L
a63080ed-411d-48a1-8b78-c1b634efaf35,2,2,1.0,0.0,6,0.75,,,
2b6d3f8b-28d7-4293-8b2b-16a10ecf6c3a,2,1,0.5,1.0,6,0.5,,,
b43e3b0e-b5e6-4370-aa5d-206321ad835a,19,9,0.47368421052631576,0.8421052631578947,57,0.47619047619047616,0.47368421052631576,1.0,H
a289b3c8-8ce4-4ee0-8a95-06932a51c124,13,3,0.23076923076923078,1.0,39,0.26666666666666666,0.23076923076923078,0.0,L
fe148f68-4517-4892-9220-e579bfa86f9d,5,1,0.2,1.4,15,0.2857142857142857,0.2,0.0,L
e942de2d-f08c-4040-9137-be49ee16ee38,2,0,0.0,1.5,6,0.25,,,
634e1a3e-a899-4a53-9fb6-f1fde5899396,2,0,0.0,1.5,6,0.25,,,
688f114d-9bef-4dd9-8810-c96439b70234,1,1,1.0,0.0,3,0.6666666666666666,,,
23733f63-57c3-4afb-a48e-a4d6d34f7890,15,6,0.4,0.8,46,0.4117647058823529,0.4,0.0,L
917abf5b-c129-413f-9450-0f8c28c39eca,2,0,0.0,1.5,6,0.25,,,
1464e4ea-36b2-4f06-8ad6-87ecca7b52ec,7,2,0.2857142857142857,1.0,22,0.3333333333333333,0.2857142857142857,0.0,L
830d9365-5e23-4a9d-b851-f5e0e433d6a1,12,5,0.4166666666666667,1.0,36,0.42857142857142855,0.4166666666666667,0.0,L
bcc6fb0f-1098-4bb2-a1cc-4d64f8fa6ddd,1,1,1.0,0.0,3,0.6666666666666666,,,
8c14e2c5-d67d-4b93-b560-3448b2500189,8,5,0.625,0.375,24,0.6,0.625,1.0,H
bd923dd2-2b4e-4ce8-b30b-0bc4ea9009ad,8,3,0.375,1.375,27,0.4,0.375,0.0,L
9564a1c7-cee7-4485-8d1c-e2764cafb25a,2,1,0.5,0.5,6,0.5,,,
f5104593-44ac-4320-8912-068a6bd0444c,2,2,1.0,0.0,6,0.75,,,
c2c7eef0-ae98-4e6d-9af7-8b64dd548f5e,28,15,0.5357142857142857,0.7142857142857143,85,0.5333333333333333,0.5357142857142857,1.0,H
fc2f8433-771d-43cc-976f-c4bce04cc7de,6,4,0.6666666666666666,0.5,18,0.625,0.6666666666666666,1.0,H
5bb47543-3ecc-46ef-b49b-229206918126,1,0,0.0,1.0,3,0.3333333333333333,,,
3fb804de-981f-48d1-8f3a-3bbb958cd7d3,1,0,0.0,2.0,3,0.3333333333333333,,,
8f55f6d9-350a-485f-94e9-0b3cf474958b,2,0,0.0,1.0,6,0.25,,,
68451795-ac77-4c3c-8604-82e735d61fd0,9,3,0.3333333333333333,0.7777777777777778,27,0.36363636363636365,0.3333333333333333,0.0,L
d6f6a70f-be99-4095-b3f7-7c64a1f6a737,2,0,0.0,2.5,6,0.25,,,
77228977-3457-4ea3-be5c-973ac3225642,3,1,0.3333333333333333,1.0,9,0.4,0.3333333333333333,0.0,L
013323ae-5fba-4363-99c6-9eb2a09c32ca,2,0,0.0,1.5,6,0.25,,,
40d338a2-2bde-4d9c-a1d9-68abb0a075b5,5,1,0.2,0.8,15,0.2857142857142857,0.2,0.0,L
1edc66f0-57e3-49e5-93d1-d39a1884918f,1,1,1.0,0.0,3,0.6666666666666666,,,
1bc9528e-a588-4eb0-8288-e7f2a930a117,1,0,0.0,1.0,3,0.3333333333333333,,,
6fd3d6db-edf6-48cf-83b6-25ca6363d52f,12,0,0.0,1.6666666666666667,36,0.07142857142857142,0.0,0.0,L
9baca96c-48d0-47e1-ba25-597473b0e4bf,1,0,0.0,1.0,3,0.3333333333333333,,,
632f6483-b426-4266-8c15-398c9b743a65,1,0,0.0,1.0,3,0.3333333333333333,,,
bf31a06a-6e21-435a-a565-085ba71a64c0,1,0,0.0,2.0,3,0.3333333333333333,,,
98fe6da4-aa11-4377-9a6c-9931dbf8c993,1,0,0.0,1.0,3,0.3333333333333333,,,
c99be201-a7bc-47df-9fbf-d408f34edcce,17,9,0.5294117647058824,0.6470588235294118,51,0.5263157894736842,0.5294117647058824,1.0,H
17337cdd-4967-4970-aa05-865bf9312739,6,3,0.5,0.6666666666666666,18,0.5,0.5,1.0,H
ec94d913-f3a4-4399-8c0c-ed50551e1d0b,2,0,0.0,1.5,6,0.25,,,
0378b1f5-e700-4032-b2ed-2dddf504d7f9,1,0,0.0,1.0,3,0.3333333333333333,,,
4eaa13cc-133d-4314-a5c2-108eb915e8a5,1,0,0.0,2.0,3,0.3333333333333333,,,
1b723b6e-800d-4141-bdc3-5aec719f347a,1,1,1.0,0.0,3,0.6666666666666666,,,
232c5349-e8f6-415c-b7c4-674d3e9fde97,6,2,0.3333333333333333,0.8333333333333334,18,0.375,0.3333333333333333,0.0,L
080c807f-74eb-4b08-b1ca-7963533183e2,4,2,0.5,0.5,12,0.5,0.49999999999999994,1.0,H
54408287-2c0d-4770-9161-f81a920004ca,14,7,0.5,0.7142857142857143,42,0.5,0.5,1.0,H
3320faf3-7c8b-4db3-a7dc-ac41cc7ad04d,4,1,0.25,1.0,12,0.3333333333333333,0.25,0.0,L
1f66d34d-73f6-4f39-a686-14883ba80cb6,10,3,0.3,1.3,30,0.3333333333333333,0.3,0.0,L
79eaae20-1ee6-4db4-9a54-11e9a777bf3c,20,10,0.5,0.8,60,0.5,0.5,1.0,H
8bbae42c-ab4f-492d-bcba-27ff6a5ea141,2,1,0.5,1.0,6,0.5,,,
67ddaec8-529e-43c5-81c4-d5b9aa9e7947,1,0,0.0,2.0,3,0.3333333333333333,,,
9e545d3a-6cbc-42b6-842f-b20b22c6d5de,3,1,0.3333333333333333,0.6666666666666666,9,0.4,0.3333333333333333,0.0,L
95814df4-9e05-46a4-914c-60184ed5935c,2,1,0.5,1.0,6,0.5,,,
b56d4b5e-e349-4ad0-bdbd-fc48c4f2b676,5,1,0.2,1.8,15,0.2857142857142857,0.2,0.0,L
06a94161-083f-443e-b4ed-fd58f101b581,11,3,0.2727272727272727,1.0,33,0.3076923076923077,0.2727272727272727,0.0,L
a5f84f16-0776-4fb9-97f4-f2d8a97b6932,1,1,1.0,0.0,3,0.6666666666666666,,,
b6a81e46-e186-4559-baa8-8525f0739142,1,0,0.0,2.0,3,0.3333333333333333,,,
474275c5-8361-4f19-9fba-ec6cd8d61faf,2,0,0.0,1.0,6,0.25,,,
61548724-de43-4cc1-956d-c477dcab82fb,1,0,0.0,2.0,3,0.3333333333333333,,,
effb2431-5982-4ae6-babe-8f56df73d4d9,3,2,0.6666666666666666,0.3333333333333333,9,0.6,0.6666666666666666,1.0,H
afeaf3fb-bd97-426e-a041-cf11cfbeb89a,1,0,0.0,1.0,3,0.3333333333333333,,,
db93dd48-c7a1-4dd1-8856-752c5ded655e,1,0,0.0,2.0,3,0.3333333333333333,,,
481737e9-cbdc-40ed-a64d-ab29efb386f2,12,5,0.4166666666666667,0.5833333333333334,37,0.42857142857142855,0.4166666666666667,0.0,L
124d2a01-3bbc-481e-b75e-00fb0807e9dc,1,0,0.0,1.0,3,0.3333333333333333,,,
43d33bd4-e12e-49d6-bad7-25d674c3a326,8,3,0.375,0.875,24,0.4,0.375,0.0,L
5712b379-4348-4dc9-b677-8b7528cd6850,13,2,0.15384615384615385,1.0769230769230769,39,0.2,0.15384615384615385,0.0,L
2d78a611-43d7-4175-9798-22511022c176,2,1,0.5,1.0,6,0.5,,,
f0bda4ee-809a-450e-8e65-fe2e23ff9e64,1,1,1.0,0.0,3,0.6666666666666666,,,
5546364a-86a8-48e3-a7a5-5527bcf7e8d8,2,1,0.5,0.5,6,0.5,,,
5c2e701c-86ee-4cc6-aa0d-384e0a45671c,1,0,0.0,2.0,3,0.3333333333333333,,,
95e57a31-c55a-461b-bef8-606ea1682346,12,4,0.3333333333333333,0.75,36,0.35714285714285715,0.3333333333333333,0.0,L
c9e6dd42-98d9-43b5-9d8f-0730f8d2d041,4,2,0.5,0.75,12,0.5,0.5,1.0,H
8a1189fb-cc86-4e15-bb11-57e923bea176,49,18,0.3673469387755102,0.8367346938775511,147,0.37254901960784315,0.3673469387755102,0.0,L
5559fe8d-7004-4539-b224-e34450837d99,2,0,0.0,1.5,6,0.25,,,
feda63ac-8f9f-45ba-b25f-09d55b1b8255,4,2,0.5,1.0,12,0.5,0.5,1.0,H
38cad23b-7fa7-42ab-9436-7f2e582aae76,7,1,0.14285714285714285,1.4285714285714286,21,0.2222222222222222,0.14285714285714285,0.0,L
936194cc-8bf9-406f-a333-9050609a599d,10,3,0.3,0.8,30,0.3333333333333333,0.3,0.0,L
845b2dcd-dc5c-4115-9114-682c2d4118a6,2,0,0.0,1.5,6,0.25,,,
9d2ab674-3165-425b-bb28-c7dd665bf277,18,6,0.3333333333333333,1.8888888888888888,56,0.35,0.3333333333333333,0.0,L
6f1d52c7-2502-463e-9d24-40c98ade74cf,5,0,0.0,1.4,15,0.14285714285714285,0.0,0.0,L
d860d444-e9a6-4837-98a4-5ebd29d968bd,1,0,0.0,2.0,3,0.3333333333333333,,,
f787d141-ba53-4648-9f2f-2dadcd011a0f,1,0,0.0,2.0,3,0.3333333333333333,,,
28e602cf-62c6-4095-b5b0-9ba01bc72a71,1,0,0.0,2.0,3,0.3333333333333333,,,
697bd008-16be-47c1-95b0-d0b898d80539,2,1,0.5,0.5,6,0.5,,,
84fa318d-4a66-420f-b017-52896c69582d,3,1,0.3333333333333333,1.0,9,0.4,0.3333333333333333,0.0,L
66c194d3-e59f-43c8-9313-049494d1f94d,10,3,0.3,0.9,30,0.3333333333333333,0.3,0.0,L
711ca701-819a-43de-9952-d7061467fb1b,1,1,1.0,0.0,3,0.6666666666666666,,,
8b515eda-9078-43c2-aa54-00f2978d46ff,13,7,0.5384615384615384,0.9230769230769231,40,0.5333333333333333,0.5384615384615384,1.0,H
dacd6d05-4192-454b-b070-9f8a0f79642d,4,0,0.0,1.75,12,0.16666666666666666,0.0,0.0,L
10a77831-f85f-4eb8-8134-348f75e0dc31,3,2,0.6666666666666666,0.3333333333333333,9,0.6,0.6666666666666666,1.0,H
e81c8650-5c23-4175-884a-c890bcb37095,1,0,0.0,2.0,3,0.3333333333333333,,,
2c83f84d-aee0-4a8b-aafa-f2b7e898c292,1,0,0.0,1.0,3,0.3333333333333333,,,
48d603c8-63d7-4b01-97da-b549b562079b,1,1,1.0,0.0,3,0.6666666666666666,,,
37479105-902e-4e06-b261-4e5c0232a834,12,5,0.4166666666666667,0.9166666666666666,36,0.42857142857142855,0.4166666666666667,0.0,L
043d9818-7b45-4caa-ab86-2f9f3c1e1959,1,0,0.0,2.0,3,0.3333333333333333,,,
10798cd0-684c-4ea1-8ac9-09d9cd908765,1,1,1.0,0.0,3,0.6666666666666666,,,
e741e464-78d0-4f18-b5e6-a5005c56dae9,1,0,0.0,2.0,3,0.3333333333333333,,,
394bbe11-d8d6-4a2e-83b6-ed5a70237e35,2,1,0.5,0.5,6,0.5,,,
8b1a8937-de55-4280-b486-3c733eb88fda,4,3,0.75,0.5,12,0.6666666666666666,0.75,1.0,H
a712a330-108a-4e9c-a626-1d62fbab1308,5,2,0.4,1.0,16,0.42857142857142855,0.4,0.0,L
479d6e20-4f5e-4e52-935f-401cbd6d0a0c,2,0,0.0,1.5,6,0.25,,,
91a6d542-9985-40f3-84ad-ebad838727f6,3,2,0.6666666666666666,0.3333333333333333,9,0.6,0.6666666666666666,1.0,H
dbf34ab8-1220-4266-a4fe-510381d86954,5,2,0.4,1.0,15,0.42857142857142855,0.4,0.0,L
d5c902dc-2f63-44b6-96e1-e7edbdc5ada1,2,0,0.0,1.0,6,0.25,,,
3544ea6d-3813-4fd6-ba97-769f42f0bc35,1,0,0.0,2.0,3,0.3333333333333333,,,
3460cf28-50e4-4324-952b-0573a269ae55,11,5,0.45454545454545453,0.6363636363636364,33,0.46153846153846156,0.45454545454545453,1.0,H
386e206e-a702-4395-9dab-4ac4484b2a5a,2,1,0.5,0.5,6,0.5,,,
2bcb93b6-846e-4cd1-b690-65e832d56f92,10,2,0.2,1.4,30,0.25,0.2,0.0,L
9e1b7b52-3b46-459f-b7a9-f1a211d01f97,2,1,0.5,1.5,6,0.5,,,
04c4f4d5-a533-469c-b135-ccae0fd89199,1,1,1.0,0.0,3,0.6666666666666666,,,
2fd6c9ae-29e5-4f32-8214-d7aac0c06e0e,10,3,0.3,0.9,31,0.3333333333333333,0.3,0.0,L
42871924-0c3b-4736-a14b-cbe166aaabfd,1,0,0.0,2.0,3,0.3333333333333333,,,
3bff7fae-91e9-4919-84de-bc70bcd3a4ee,5,1,0.2,1.4,15,0.2857142857142857,0.2,0.0,L
45369930-74e9-4c59-a5e8-271687090419,2,1,0.5,0.5,6,0.5,,,
e522be8d-cf01-4a60-a0c5-2a20e3aadc1b,1,0,0.0,2.0,3,0.3333333333333333,,,
fae26e5f-79cf-43bc-8f1d-95b646ac3e1e,4,1,0.25,1.0,12,0.3333333333333333,0.25,0.0,L
673816a0-39cd-4938-90e6-e2ae2321a0ed,2,1,0.5,1.0,6,0.5,,,
77d1d932-560b-455a-bfae-f602f5e40d94,10,3,0.3,1.2,30,0.3333333333333333,0.3,0.0,L
25762197-0773-4b7e-afac-a88a734a58a5,1,1,1.0,0.0,3,0.6666666666666666,,,
a4adef9b-13f2-4f88-8190-3cdad4aa79e6,4,3,0.75,0.5,12,0.6666666666666666,0.75,1.0,H
7b6602c4-bd1d-474a-8532-0e8609df0eea,7,6,0.8571428571428571,0.14285714285714285,21,0.7777777777777778,0.8571428571428571,1.0,H
d4c9a3b6-9046-4102-80dd-eca3271c9b19,1,1,1.0,0.0,3,0.6666666666666666,,,
22713c6a-0813-45d1-bba0-d200a09fbc00,7,2,0.2857142857142857,0.8571428571428571,21,0.3333333333333333,0.2857142857142857,0.0,L
11e8f6ec-c828-41de-b66b-fc1af134eb23,4,3,0.75,0.25,12,0.6666666666666666,0.75,1.0,H
c0ff21b1-6d66-4a3a-8e93-d905ff2da41c,2,0,0.0,1.5,6,0.25,,,
afbb1c56-4059-4b9d-85b2-745ddb9dd0a6,6,1,0.16666666666666666,1.0,19,0.25,0.16666666666666666,0.0,L
15f45532-3d88-41d9-bb2b-5305de06adc7,1,0,0.0,1.0,3,0.3333333333333333,,,
dacfb868-adb2-4234-b13c-ee948ad24087,8,1,0.125,1.375,24,0.2,0.125,0.0,L
420d7f1c-dd53-4f8b-bb7e-72bcee087d26,3,2,0.6666666666666666,0.3333333333333333,9,0.6,0.6666666666666666,1.0,H
4909f3f1-566a-4691-bd1e-854bc1016ae6,5,2,0.4,1.0,15,0.42857142857142855,0.4,0.0,L
9cc67abe-7546-4290-8c19-105bd107c602,3,1,0.3333333333333333,0.6666666666666666,9,0.4,0.3333333333333333,0.0,L
e8ce3bd2-6027-4b49-874a-fc80c80f89df,4,1,0.25,1.25,12,0.3333333333333333,0.25,0.0,L
8111f6b2-5df4-4df8-b006-b463547a19ee,12,4,0.3333333333333333,1.25,36,0.35714285714285715,0.3333333333333333,0.0,L
d1533f51-b04f-492c-a8bd-366dd7626001,7,4,0.5714285714285714,0.42857142857142855,21,0.5555555555555556,0.5714285714285714,1.0,H
2e6381bf-db57-450c-984e-0545adcc4fb2,3,0,0.0,1.6666666666666667,9,0.2,0.0,0.0,L
bf3e6f26-ff15-4f48-9fc2-77eb5fe98e7d,6,2,0.3333333333333333,1.0,18,0.375,0.3333333333333333,0.0,L
03c87ab4-66e3-4d03-ad32-599ae565444a,3,0,0.0,3.0,10,0.2,0.0,0.0,L
75b956ff-d1f6-4788-a9a4-9b9966708b60,10,5,0.5,0.7,30,0.5,0.5,1.0,H
6a9e58a9-43a7-47dd-ac6a-4cf9bf4fdc0b,2,1,0.5,0.5,6,0.5,,,
a92d4721-516c-4b66-ad90-8ec852c1ba15,1,0,0.0,2.0,3,0.3333333333333333,,,
ede50c7b-db91-4909-8e71-c12e6f1a940c,8,1,0.125,1.25,24,0.2,0.125,0.0,L
793b1f42-6fba-48a7-a4bb-14429117805a,4,1,0.25,1.5,12,0.3333333333333333,0.25,0.0,L
a361ee1a-f650-4ea7-b068-ec9a1a012c2e,2,2,1.0,0.0,6,0.75,,,
5617cf3f-1710-4e68-ad9e-a880d3bc63d9,1,1,1.0,0.0,3,0.6666666666666666,,,
ef83a621-0fde-4371-8077-e1f493c22269,1,1,1.0,0.0,3,0.6666666666666666,,,
3fad1ab3-c1da-4bc1-bab1-0499e148bf22,6,3,0.5,0.5,18,0.5,0.5,1.0,H
c43da74d-ccf6-487d-80f9-6233d57d6aaa,4,0,0.0,2.0,12,0.16666666666666666,0.0,0.0,L
192033ba-86ed-4850-9ab9-f1c6c3ab5517,1,1,1.0,0.0,3,0.6666666666666666,,,
9be7fb66-e7fe-495f-b62e-a1bded08720a,1,0,0.0,2.0,3,0.3333333333333333,,,
91ba0217-f686-4c8d-96fa-466f9c579236,3,1,0.3333333333333333,0.6666666666666666,9,0.4,0.3333333333333333,0.0,L
5a010377-7869-4671-81cd-bef6dae15138,2,0,0.0,2.0,6,0.25,,,
a2ecb591-7f29-4133-a395-1ee69a587568,8,1,0.125,1.25,24,0.2,0.125,0.0,L
c39179ae-9839-4252-b8cb-de08112d3748,1,1,1.0,0.0,3,0.6666666666666666,,,
b1e75423-7741-4464-a641-55cc1ac6122b,1,1,1.0,0.0,3,0.6666666666666666,,,
47465f74-995a-4f55-a810-d4be4fbcc936,3,3,1.0,0.0,9,0.8,1.0,1.0,H
9cac577e-4785-49ab-98a8-50a0e7fabad1,3,1,0.3333333333333333,1.3333333333333333,9,0.4,0.3333333333333333,0.0,L
59cfee05-3151-4792-b63a-c4c7c3f6652e,1,0,0.0,2.0,3,0.3333333333333333,,,
7015aa0d-21df-4dad-b15d-d84942657e59,4,2,0.5,1.0,12,0.5,0.49999999999999994,1.0,H
757478bc-52aa-45c4-a492-72c04f2df059,7,1,0.14285714285714285,1.0,21,0.2222222222222222,0.14285714285714285,0.0,L
9a73fdba-5af7-456a-bc41-0dd2b303806f,3,1,0.3333333333333333,0.6666666666666666,9,0.4,0.3333333333333333,0.0,L
1d3fb72a-df43-4a04-81df-9e6ac117eb50,7,2,0.2857142857142857,1.1428571428571428,21,0.3333333333333333,0.2857142857142857,0.0,L
2c52cc7a-b35c-4bfc-a978-608f11dd623b,3,0,0.0,1.6666666666666667,9,0.2,0.0,0.0,L
568ea098-65d8-40bd-8d31-4d7ef4abeace,9,2,0.2222222222222222,1.1111111111111112,27,0.2727272727272727,0.2222222222222222,0.0,L
1e65b837-2d33-471a-89c7-ca76174b469f,3,0,0.0,2.0,9,0.2,0.0,0.0,L
8094b249-f2f7-49fc-b479-b4243b82f51d,3,1,0.3333333333333333,0.6666666666666666,9,0.4,0.3333333333333333,0.0,L
9df12278-5c03-4470-b089-5abe855efb89,6,0,0.0,1.8333333333333333,18,0.125,0.0,0.0,L
a14f067a-2fb1-4d8e-8f05-317c2c1bb298,3,0,0.0,1.3333333333333333,9,0.2,0.0,0.0,L
15b86350-29e8-4216-bf61-a449df012844,5,1,0.2,0.8,15,0.2857142857142857,0.2,0.0,L
db81768d-5935-4b3f-ba83-040c38a10e6a,8,1,0.125,1.375,24,0.2,0.125,0.0,L
ec96d2fe-a2d7-4347-93c1-4a6e8cc862ae,6,3,0.5,0.5,18,0.5,0.5,1.0,H
82bf3482-622c-44ca-91c3-c59b05adbcc2,4,0,0.0,1.25,12,0.16666666666666666,0.0,0.0,L
e176704c-3822-4211-9587-cf104998c916,1,1,1.0,0.0,3,0.6666666666666666,,,
b87b80e7-9aa2-442b-9dc3-c2e8e5bafbd9,1,1,1.0,0.0,3,0.6666666666666666,,,
df85e38e-2e5e-42d9-9402-eee0a63038a7,1,0,0.0,1.0,3,0.3333333333333333,,,
96a012f3-f714-48c0-b299-f5e179ba2a36,2,1,0.5,1.0,6,0.5,,,
508e0b06-8ff8-4c2c-9d67-0247b4427414,2,0,0.0,1.5,6,0.25,,,
a32b5ba2-260f-446d-81b9-ac3974b5daef,3,1,0.3333333333333333,0.6666666666666666,9,0.4,0.3333333333333333,0.0,L
7f6bde0b-c3c3-4c76-b40b-9ee16d452047,4,0,0.0,1.25,12,0.16666666666666666,0.0,0.0,L
9d2adf43-c876-4fee-bcbe-37e646be753b,3,2,0.6666666666666666,0.3333333333333333,9,0.6,0.6666666666666666,1.0,H
c26cdc7e-ad7b-4f8c-8527-a7e4ba9db4ac,5,1,0.2,1.4,16,0.2857142857142857,0.2,0.0,L
cd78d3de-cde6-486c-86f4-fbd7c161e474,3,1,0.3333333333333333,1.0,9,0.4,0.3333333333333333,0.0,L
62c2b921-fcb1-4baf-b7b9-c2a440b679b4,1,0,0.0,2.0,3,0.3333333333333333,,,
98428951-adce-42f5-a85c-8f612dd4fb1b,1,1,1.0,0.0,3,0.6666666666666666,,,
57476602-76d6-4af8-9769-9cb4ff439a6c,6,3,0.5,0.8333333333333334,18,0.5,0.5,1.0,H
337c7797-1cb0-4ee5-b14b-ee4478e470f8,25,14,0.56,0.56,75,0.5555555555555556,0.56,1.0,H
cce47b2b-80d4-45de-9fc2-2a6b959c856f,3,3,1.0,0.0,9,0.8,1.0,1.0,H
7088ebac-6871-48be-9101-c2973221d960,10,3,0.3,0.7,30,0.3333333333333333,0.3,0.0,L
abdf662d-4992-4b9c-81ce-8354f5f10548,14,9,0.6428571428571429,0.5,43,0.625,0.6428571428571429,1.0,H
6c6460b2-0cc3-4a57-b8a0-93b913b0b1fc,5,0,0.0,1.6,15,0.14285714285714285,0.0,0.0,L
2cd231ce-211b-4783-bd77-a46902a6309c,7,2,0.2857142857142857,0.7142857142857143,21,0.3333333333333333,0.2857142857142857,0.0,L
2ecb92fe-2933-4507-b691-90ab34fc599d,4,2,0.5,0.75,12,0.5,0.5,1.0,H
efd2d352-427f-416d-86e3-ee76795d74fa,2,1,0.5,0.5,6,0.5,,,
ff404e5e-7970-4e71-9d81-b21499d623fe,5,2,0.4,1.2,15,0.42857142857142855,0.4,0.0,L
6a4224c2-6b7f-4981-85d3-5b26a75a5324,11,4,0.36363636363636365,1.0,33,0.38461538461538464,0.36363636363636365,0.0,L
6e934edb-5c5c-4d66-ad52-7480e46da1fc,3,1,0.3333333333333333,1.0,9,0.4,0.3333333333333333,0.0,L
9822e51e-884a-4375-b7f7-677428a6d1e1,1,0,0.0,1.0,3,0.3333333333333333,,,
535f0de7-7b08-4c69-9e42-3a880f18b5d1,2,0,0.0,2.0,6,0.25,,,
ffb50322-e769-4835-810e-59b8b97cd464,2,0,0.0,1.0,6,0.25,,,
c6728610-7899-4ed0-9bf3-89a98d2ef894,7,3,0.42857142857142855,0.5714285714285714,22,0.4444444444444444,0.42857142857142855,0.0,L
bed94878-f560-48fc-adfd-3eedbc4ff2e7,3,0,0.0,1.3333333333333333,9,0.2,0.0,0.0,L
27bb0b56-9de8-44f4-bfb2-6c8cd520e170,4,2,0.5,0.5,12,0.5,0.49999999999999994,1.0,H
0cff1f95-a06f-4113-a250-2ab4f68ad1f2,3,2,0.6666666666666666,0.3333333333333333,9,0.6,0.6666666666666666,1.0,H
3e51e43f-b459-4fc3-ad53-0ae343a8aa71,12,2,0.16666666666666666,1.1666666666666667,36,0.21428571428571427,0.16666666666666666,0.0,L
c4164100-46ad-4b5f-86fd-1bf6e1d6f982,2,1,0.5,0.5,6,0.5,,,
94ae46ab-7f63-4e9a-8036-0002398ee794,3,3,1.0,0.0,9,0.8,1.0,1.0,H
0b7fc130-ba76-46f3-866d-f20469f1914c,3,1,0.3333333333333333,1.0,9,0.4,0.3333333333333333,0.0,L
45b2acbb-4670-445a-8623-ce68fdc8d007,1,0,0.0,1.0,3,0.3333333333333333,,,
1d613ddf-c7e7-4029-90dd-6b70e6f68caf,6,0,0.0,1.6666666666666667,18,0.125,0.0,0.0,L
aebe5d5a-0349-4367-a791-98cc4b6ec5b1,5,2,0.4,0.8,15,0.42857142857142855,0.4,0.0,L
049be8af-c70c-4e75-94a7-d0ab235e976e,3,1,0.3333333333333333,1.3333333333333333,9,0.4,0.3333333333333333,0.0,L
e32749c1-78c3-4018-acb1-86d3c5d4e593,8,2,0.25,1.0,24,0.3,0.25,0.0,L
d4dc3f4d-1744-4f6a-b0ce-f5856a0fb248,3,1,0.3333333333333333,1.3333333333333333,9,0.4,0.3333333333333333,0.0,L
5e5de16c-3686-4b27-b201-40ef732a9d13,1,0,0.0,1.0,3,0.3333333333333333,,,
3590afc2-edb2-45d7-acca-cb09dc1dfcef,22,7,0.3181818181818182,0.9545454545454546,66,0.3333333333333333,0.3181818181818182,0.0,L
ab46cb29-fced-4e6f-ba2c-8af33d91b8a5,9,3,0.3333333333333333,1.0,27,0.36363636363636365,0.3333333333333333,0.0,L
bbefc24e-0420-452f-94c1-4e601aec2ce6,1,0,0.0,1.0,3,0.3333333333333333,,,
6425530d-3234-42e5-9e4d-c11e21c05ad7,2,1,0.5,1.0,6,0.5,,,
fb37ed55-e26a-435e-b409-6b82c62638d7,1,0,0.0,1.0,3,0.3333333333333333,,,
0ce6b284-d273-4ef5-a968-13b2634feaa0,1,0,0.0,1.0,3,0.3333333333333333,,,
4e280fed-fb74-4f5e-b347-e06712b61456,3,1,0.3333333333333333,1.3333333333333333,9,0.4,0.3333333333333333,0.0,L
d278ba59-dd97-4d24-91cc-fbb92726aba5,2,1,0.5,1.0,6,0.5,,,
3a8f95cf-333c-4aca-8174-4f578228b25a,3,1,0.3333333333333333,1.0,9,0.4,0.3333333333333333,0.0,L
306b0b01-5682-461b-9fb0-fa0d71cc935f,4,0,0.0,1.25,12,0.16666666666666666,0.0,0.0,L
054732ef-378f-4881-ba91-26a579433e47,2,0,0.0,2.0,6,0.25,,,
e517b712-e1c3-4b34-bd1e-e4e679db7d82,1,0,0.0,2.0,3,0.3333333333333333,,,
ecaa4818-48da-45a8-bab5-ae6de585ad8a,19,8,0.42105263157894735,0.7894736842105263,60,0.42857142857142855,0.42105263157894735,0.0,L
1b2a10e0-567f-42c4-a903-7d08394b4c90,14,5,0.35714285714285715,1.0,42,0.375,0.35714285714285715,0.0,L
2cbfb78c-0a31-4b81-8f3d-e3552f6d92ff,1,0,0.0,1.0,3,0.3333333333333333,,,
ec5364f3-193b-49e1-b9be-62f256445943,1,1,1.0,0.0,3,0.6666666666666666,,,
68fc29ff-a4ff-4d93-992c-73b1cfb7861f,3,1,0.3333333333333333,0.6666666666666666,9,0.4,0.3333333333333333,0.0,L
1dc929fe-f8b8-48af-aae9-d726c689b091,3,1,0.3333333333333333,0.6666666666666666,9,0.4,0.3333333333333333,0.0,L
39441dbf-ba22-4ed5-b626-473047d1a2be,2,0,0.0,1.5,6,0.25,,,
f0ea03a2-de46-40f5-afb7-03898bef69cf,2,0,0.0,1.5,6,0.25,,,
cd5e7aeb-8888-4c29-97dd-79a98f05870b,6,3,0.5,0.6666666666666666,18,0.5,0.5,1.0,H
467573cd-7717-42d1-9b11-09cd8587348e,2,1,0.5,0.5,6,0.5,,,
f7fdb076-f6c2-4b66-957c-efaaf91fe3b2,1,0,0.0,1.0,3,0.3333333333333333,,,
6f922afa-b77c-4730-a589-6984ee81e8c9,1,0,0.0,1.0,3,0.3333333333333333,,,
9f229c25-8c01-466c-8c29-aa6249b3861a,7,3,0.42857142857142855,0.8571428571428571,21,0.4444444444444444,0.42857142857142855,0.0,L
18d79281-4eb6-4192-8b21-bcc0625fd4ca,3,0,0.0,1.0,10,0.2,0.0,0.0,L
0b0791ce-0150-4bf5-b555-d86767235cf6,9,3,0.3333333333333333,0.6666666666666666,27,0.36363636363636365,0.3333333333333333,0.0,L
f08743e7-89f2-41f1-be24-9aa33c32b087,2,1,0.5,0.5,6,0.5,,,
3f116660-1052-4e6c-82c4-2fe7598a12f8,3,1,0.3333333333333333,1.0,9,0.4,0.3333333333333333,0.0,L
a630805c-561f-4a04-95d8-a1cd65b3eecf,3,2,0.6666666666666666,0.3333333333333333,9,0.6,0.6666666666666666,1.0,H
de65debc-6a72-4eb9-bb1a-c932aa8356d4,1,0,0.0,1.0,3,0.3333333333333333,,,
ca999d53-c152-4924-83a8-b0515500b7b5,1,0,0.0,2.0,3,0.3333333333333333,,,
ebe1694a-3c77-4eaf-9adb-037bc80d1978,1,1,1.0,0.0,3,0.6666666666666666,,,
2f8e1022-6726-461f-8e68-e108c96e3b44,1,0,0.0,2.0,3,0.3333333333333333,,,
e7cea0d3-5e46-413f-8fa2-bac546d95dc0,2,0,0.0,1.0,6,0.25,,,
2460c0d4-98ea-439b-9c5a-7633a59c2d67,24,12,0.5,0.6666666666666666,72,0.5,0.5,1.0,H
b451645c-afc3-45e5-bcc5-30f9d16f67b6,1,0,0.0,1.0,3,0.3333333333333333,,,
660f8487-48c3-4279-aae9-f17151fa71ea,2,2,1.0,0.0,6,0.75,,,
b364776c-ec08-417a-94aa-d8cee4e8b940,3,3,1.0,0.0,9,0.8,1.0,1.0,H
8b27e823-caec-4def-bd14-b0ae81275cea,1,0,0.0,3.0,3,0.3333333333333333,,,
d145708b-24b8-4e6a-b299-21b3f0c3031b,1,0,0.0,1.0,3,0.3333333333333333,,,
6b7098af-c8ae-46f2-85f7-89f4def28b1d,1,1,1.0,0.0,3,0.6666666666666666,,,
ee7ebce1-67ee-4ec1-a783-5ab622822cb1,3,0,0.0,1.0,9,0.2,0.0,0.0,L
d7f78323-e739-4c37-aa58-77370a2bf602,2,1,0.5,0.5,6,0.5,,,
e91469ab-4748-4624-8258-e534d8bcdda6,7,3,0.42857142857142855,1.1428571428571428,21,0.4444444444444444,0.42857142857142855,0.0,L
f531e383-30c0-474f-9bf6-66be3f5aa9c6,8,4,0.5,0.75,24,0.5,0.5,1.0,H
69d7ecd9-88fe-4f3e-9d7a-8c7893de8cfb,2,0,0.0,1.5,6,0.25,,,
f26ca7fa-01d7-4ce6-a817-2e4b0332c7e1,1,0,0.0,2.0,3,0.3333333333333333,,,
71782e9e-2ee4-458c-85f3-67a0e5be0799,7,2,0.2857142857142857,1.1428571428571428,21,0.3333333333333333,0.2857142857142857,0.0,L
b5e2cd08-8610-436c-b687-3bb20060b681,1,0,0.0,1.0,3,0.3333333333333333,,,
f765a35e-5e39-4894-a33c-a99a3d4be9ef,2,0,0.0,1.0,6,0.25,,,
3478fa54-bf3b-4229-9c51-9fdb6104b017,6,0,0.0,1.0,19,0.125,0.0,0.0,L
cbffa1eb-9a2e-49b3-a88d-5702564df46c,1,0,0.0,1.0,3,0.3333333333333333,,,
fe4604af-ef2d-429a-903f-fdfe90b55878,1,0,0.0,2.0,3,0.3333333333333333,,,
c61d2713-c004-4c50-a9ae-33f04ac61436,2,0,0.0,1.5,6,0.25,,,
e8654cee-2aad-4a6e-bafd-a7d048dedc83,1,0,0.0,2.0,3,0.3333333333333333,,,
ccd4d413-b17e-46bc-a666-b40dfe74f907,1,0,0.0,2.0,3,0.3333333333333333,,,
4a8f375a-e9f5-4056-8c9e-8596ff36491a,1,1,1.0,0.0,3,0.6666666666666666,,,
1ca3395c-a6a3-4aad-8df9-63165570e79d,1,1,1.0,0.0,3,0.6666666666666666,,,
254af8c1-de3d-49df-84c6-891236524113,5,0,0.0,1.6,15,0.14285714285714285,0.0,0.0,L
6202424d-9199-436c-b6c5-b49b976abb0e,1,0,0.0,1.0,3,0.3333333333333333,,,
8229043a-342a-4f0a-8010-0187dd54674e,2,0,0.0,1.5,6,0.25,,,
e62ed360-b47f-458b-afad-c25bc006d395,4,1,0.25,1.0,12,0.3333333333333333,0.25,0.0,L
b314c7de-15f3-4655-a2ff-63258d79ebc9,4,0,0.0,1.5,12,0.16666666666666666,0.0,0.0,L
a00f502d-7d08-45fa-bc6b-38ed6f631889,2,0,0.0,1.0,6,0.25,,,
1b793ca8-740f-4856-884c-9ff25449fdb8,4,0,0.0,1.5,12,0.16666666666666666,0.0,0.0,L
cb6a811a-8fc9-440e-a542-528b6d817c0a,3,1,0.3333333333333333,1.3333333333333333,9,0.4,0.3333333333333333,0.0,L
b62f30a7-dcc8-4a5f-b884-49de9e9e7adc,16,4,0.25,0.9375,48,0.2777777777777778,0.25,0.0,L
0fbe1eec-7933-44d1-8644-194e5bb21630,4,0,0.0,1.5,13,0.16666666666666666,0.0,0.0,L
ae17d249-e953-4c77-9afc-6a18edaac1a5,1,0,0.0,1.0,3,0.3333333333333333,,,
85533d84-665e-4db8-91da-0feeb98a6e96,1,0,0.0,1.0,3,0.3333333333333333,,,
265080a9-2aa4-4109-9bc3-2fe3a5be96aa,2,0,0.0,1.0,6,0.25,,,
3c46c1f7-50f1-4f07-8886-a54b1f841cb1,10,4,0.4,0.7,31,0.4166666666666667,0.4,0.0,L
30189ff5-2583-4313-aabd-ceb31da01724,1,1,1.0,0.0,3,0.6666666666666666,,,
10d6ed4a-b365-4783-932c-86418ab2ab40,1,0,0.0,1.0,3,0.3333333333333333,,,
adeb68c0-5c9f-4fca-8030-140a3d77bdbe,5,3,0.6,0.8,15,0.5714285714285714,0.6,1.0,H
df76a4da-e4f5-4bfc-a43d-f15e5bd9dd2f,1,0,0.0,2.0,3,0.3333333333333333,,,
8bff53f3-9e24-49c7-a58f-3663137dfebc,1,0,0.0,2.0,3,0.3333333333333333,,,
fc9238c6-98c9-431e-be33-3d9109182f96,5,2,0.4,0.8,15,0.42857142857142855,0.4,0.0,L
90c3c6fc-59be-4a7b-b72f-d5451afcf1c9,1,0,0.0,1.0,3,0.3333333333333333,,,
eb5c8182-474b-4bbf-8f6c-cfbbba684355,2,0,0.0,1.5,7,0.25,,,
3a1a3c0f-7dca-435b-87fb-9cdc60c81a77,5,2,0.4,0.8,16,0.42857142857142855,0.4,0.0,L
b0195fc8-232c-4966-a6c6-4dbd16612f64,2,0,0.0,1.5,6,0.25,,,
d025963c-bcd0-4cbf-aace-6458e67f403c,9,7,0.7777777777777778,0.3333333333333333,27,0.7272727272727273,0.7777777777777778,1.0,H
ed324cc6-73d6-4a00-acdf-b62a5b14ad2d,2,1,0.5,0.5,6,0.5,,,
e6e0e216-8b6b-491f-9768-4dff04010c9b,7,3,0.42857142857142855,0.8571428571428571,21,0.4444444444444444,0.42857142857142855,0.0,L
d75e156c-217a-4499-89d8-1f46963ec79b,1,0,0.0,1.0,3,0.3333333333333333,,,
62061bd3-5205-48b5-b0cc-7dee93a64c69,1,0,0.0,2.0,3,0.3333333333333333,,,
510aa9d6-0b8b-4cf7-8f62-0947a2b692a9,3,1,0.3333333333333333,0.6666666666666666,9,0.4,0.3333333333333333,0.0,L
5d62b034-3515-46e2-a872-74b82cbb6ff9,15,6,0.4,0.6666666666666666,45,0.4117647058823529,0.4,0.0,L
42d8663b-9d0c-4e01-9c81-8cc32a71273f,5,3,0.6,0.4,15,0.5714285714285714,0.6,1.0,H
6b8012de-1895-4f26-9cc4-c7d177a6b2ef,1,0,0.0,1.0,3,0.3333333333333333,,,
44b3b205-b29f-43f0-931d-2e10be8e86ff,5,4,0.8,0.2,15,0.7142857142857143,0.8,1.0,H
548fa25c-01f1-4115-a538-bcd9e2f0e5a8,10,1,0.1,1.5,30,0.16666666666666666,0.1,0.0,L
2d237bd5-e53a-4da3-93b0-a4d3a38ed738,1,0,0.0,1.0,3,0.3333333333333333,,,
c850a61f-474c-4397-8f0f-735ed5cbbf5d,2,0,0.0,1.5,6,0.25,,,
21372573-6179-4af6-b0f6-97b81b2c75d7,5,2,0.4,0.8,15,0.42857142857142855,0.4,0.0,L
e50618e0-b62b-4b7c-a410-2bbe3737ea9d,1,1,1.0,0.0,3,0.6666666666666666,,,
bbfe8861-a04f-436c-8c2d-ac961fb6ea6c,3,2,0.6666666666666666,0.3333333333333333,9,0.6,0.6666666666666666,1.0,H
d3536142-bdfa-4de4-a443-b63c310e9613,10,6,0.6,0.8,31,0.5833333333333334,0.6,1.0,H
53e2dc6d-22d0-4ef6-8e7d-fcd356af2978,5,0,0.0,1.4,16,0.14285714285714285,0.0,0.0,L
5d30e443-642a-48d2-8f49-85add08a36a4,1,0,0.0,2.0,3,0.3333333333333333,,,
bc538f6a-dcb3-4411-a876-b03544d8dde4,8,3,0.375,1.0,25,0.4,0.375,0.0,L
b2e08133-7d87-4398-ba0d-c34001a25459,1,0,0.0,2.0,3,0.3333333333333333,,,
3c337070-f5c6-4a23-9e14-91c60a2bfa53,27,5,0.18518518518518517,1.0,81,0.20689655172413793,0.18518518518518517,0.0,L
bd9ea89e-172d-43cf-908c-bc94e0d51c99,3,1,0.3333333333333333,1.0,9,0.4,0.3333333333333333,0.0,L
7648ba7c-8ba6-4dbe-b870-0d9ce0fceae7,1,0,0.0,1.0,3,0.3333333333333333,,,
d4694407-daf2-4d56-8d8c-ecf3179db0fc,4,0,0.0,1.5,12,0.16666666666666666,0.0,0.0,L
d7c323f2-2ebf-478c-a991-7af5c45db79c,21,11,0.5238095238095238,0.6190476190476191,64,0.5217391304347826,0.5238095238095238,1.0,H
b2155ad7-2e33-4961-b794-8bef90ec1728,3,2,0.6666666666666666,0.3333333333333333,9,0.6,0.6666666666666666,1.0,H
2b13ba1a-3223-471c-a4dd-4b6c0ef2ab0e,10,5,0.5,0.7,30,0.5,0.5,1.0,H
6b975466-4249-4d9c-bb0e-3dbbc354a164,1,0,0.0,1.0,3,0.3333333333333333,,,
642c8aa7-53aa-44ca-9f7c-20b3c211734f,1,0,0.0,1.0,3,0.3333333333333333,,,
f8faa006-23df-462a-9afb-f191dd139beb,13,3,0.23076923076923078,1.1538461538461537,39,0.26666666666666666,0.23076923076923078,0.0,L
cdeee026-5d97-443a-923f-b1ec422d3b24,2,2,1.0,0.0,6,0.75,,,
4aef7aa9-3701-40b9-8a28-b20a1a531e4d,1,0,0.0,1.0,3,0.3333333333333333,,,
aeb3ba20-f1f2-4bc0-b0ce-cc7af07bbb2b,2,2,1.0,0.0,6,0.75,,,
d779800b-eef0-4b66-abe7-5a1f1ec44702,8,5,0.625,0.375,24,0.6,0.625,1.0,H
c3cb522c-6990-4318-acd9-7bb8ee6eac5f,1,0,0.0,1.0,3,0.3333333333333333,,,
034d60e0-3fed-4ea2-81a6-e462edd4bbee,3,1,0.3333333333333333,1.0,9,0.4,0.3333333333333333,0.0,L
27c64a56-9f70-4111-b8af-edc00afbc696,2,0,0.0,1.0,6,0.25,,,
65a2761c-52d1-479c-a6fb-8189177d9e65,1,1,1.0,0.0,3,0.6666666666666666,,,
6f35a904-a219-4f95-8acb-ee89df03caa7,2,0,0.0,1.5,6,0.25,,,
f5a750fd-2223-43a5-86fd-b203120f1d5b,1,1,1.0,0.0,3,0.6666666666666666,,,
1ff3819d-c8be-48f3-804b-40e184700974,1,0,0.0,1.0,3,0.3333333333333333,,,
0039790e-473d-4355-a718-2fac44739543,1,0,0.0,1.0,3,0.3333333333333333,,,
ae41f56b-d9a0-4b7e-8d0b-f1d60a49298d,3,0,0.0,1.3333333333333333,9,0.2,0.0,0.0,L
98c7e59e-cf75-4f66-9178-ee29f03a08bf,1,1,1.0,0.0,3,0.6666666666666666,,,
994bd0d2-6f85-45f3-8861-3fd60cf3056f,8,2,0.25,1.0,24,0.3,0.25,0.0,L
75ae32b5-34e1-4a6a-ac1e-c6ae9ccc5d02,1,0,0.0,2.0,3,0.3333333333333333,,,
efbbbb63-6517-4813-b4f4-5fb88e7f39be,1,0,0.0,2.0,3,0.3333333333333333,,,
14116cc1-1812-4031-9c16-4ad3d039fd5c,3,1,0.3333333333333333,0.6666666666666666,9,0.4,0.3333333333333333,0.0,L
bd1d44bf-f928-444b-a1bf-17a9176c628e,5,3,0.6,0.6,15,0.5714285714285714,0.6,1.0,H
c242f3cd-9962-4396-a7b8-f346e87e2ef4,1,0,0.0,1.0,3,0.3333333333333333,,,
9c11aa8e-fcb3-4987-a0af-f3003329bbdc,1,0,0.0,1.0,3,0.3333333333333333,,,
f6ae4625-f0a4-437e-b45f-19e4a4a8c49b,1,1,1.0,0.0,3,0.6666666666666666,,,
c82e76d8-c99c-4a5f-9f09-918e7385abe0,1,0,0.0,1.0,3,0.3333333333333333,,,
a5ab42e4-b779-4908-8b75-16a1551fd10c,1,0,0.0,2.0,3,0.3333333333333333,,,
3af4a78f-eab3-4dbf-9a88-7952f0e3045d,4,1,0.25,1.25,12,0.3333333333333333,0.25,0.0,L
797e2e42-a8ae-471f-8174-aa9469e09a83,5,1,0.2,2.0,15,0.2857142857142857,0.2,0.0,L
d04f7104-6293-47ad-b8a4-b32d5e1caf26,7,3,0.42857142857142855,0.8571428571428571,21,0.4444444444444444,0.42857142857142855,0.0,L
3601274c-e5a9-4c56-9e4b-2109e244ddf3,1,0,0.0,1.0,3,0.3333333333333333,,,
0d1ca1bf-7eb6-4668-ac01-404898bc8905,8,2,0.25,1.25,24,0.3,0.25,0.0,L
1f7edb3c-c3e5-40f7-8ffd-93ae1d9137d7,1,0,0.0,1.0,3,0.3333333333333333,,,
5b77d298-480e-4042-be9d-08ae69ad8f2c,6,3,0.5,0.5,18,0.5,0.5,1.0,H
b6c0e5b8-0aa0-43ad-a80d-b0cdac92be45,2,1,0.5,0.5,6,0.5,,,
0fb2eda8-585e-48e8-85b7-794b9ea24179,1,0,0.0,2.0,3,0.3333333333333333,,,
a9520ee2-182b-4598-8d20-e9fd7ef620be,1,1,1.0,0.0,3,0.6666666666666666,,,
fe01679c-a03c-4620-a91d-1891a320a256,3,0,0.0,1.6666666666666667,9,0.2,0.0,0.0,L
ed665a64-f15d-481c-a99b-2fff8d47ca82,2,1,0.5,1.0,6,0.5,,,
d068c688-444e-4fa5-bc65-6dc0b00764a3,8,1,0.125,1.625,24,0.2,0.125,0.0,L
ed7b32c2-9785-4e04-864e-7aef1152a93d,1,0,0.0,1.0,3,0.3333333333333333,,,
bd64292c-5229-450f-8423-cf9a0d8c6c76,5,4,0.8,0.4,15,0.7142857142857143,0.8,1.0,H
3618c1e2-439e-44c8-b99b-d35ea3e55e94,2,0,0.0,1.0,6,0.25,,,
36d20c6c-32e5-494b-8ce3-e04a52c29f36,3,0,0.0,1.3333333333333333,9,0.2,0.0,0.0,L
4761ee8f-ec20-4151-8277-e62967b67c3f,2,2,1.0,0.0,6,0.75,,,
011ffb1f-8736-40a0-a751-8f9978f3544b,1,0,0.0,1.0,3,0.3333333333333333,,,
b241129f-a72c-442e-9fac-d9698ece185d,6,2,0.3333333333333333,1.0,18,0.375,0.3333333333333333,0.0,L
759a1ca0-1639-45e5-9db8-d40bcb7a8981,7,1,0.14285714285714285,1.1428571428571428,21,0.2222222222222222,0.14285714285714285,0.0,L
f881a92b-8e74-4743-b9bc-34e9b1764389,4,1,0.25,0.75,12,0.3333333333333333,0.25,0.0,L
7cd4759a-80c9-467e-bba1-6f610bbe32e9,1,1,1.0,0.0,3,0.6666666666666666,,,
b613a6df-ecdf-40b3-84a0-888059f4345b,1,0,0.0,1.0,3,0.3333333333333333,,,
8ee15591-392b-4062-9730-738addc72e0f,2,1,0.5,0.5,6,0.5,,,
c55cab75-7d9c-417f-bfb0-47253378f634,2,0,0.0,1.0,6,0.25,,,
f078294b-668e-47a5-bef7-8e16bd04a75c,4,1,0.25,0.75,12,0.3333333333333333,0.25,0.0,L
e5c2a1ea-0071-4602-9a86-9eb89e8c649a,2,0,0.0,1.5,6,0.25,,,
459580e0-a469-46b5-b23f-96e6c205d619,5,1,0.2,1.2,15,0.2857142857142857,0.2,0.0,L
a16bf2a5-8247-4bc3-af4f-de33d7b742df,1,0,0.0,1.0,3,0.3333333333333333,,,
ecdb0040-956f-4075-b345-9b3bc7843063,1,0,0.0,1.0,3,0.3333333333333333,,,
7ec3ce32-581e-402e-b43c-441051ef5ce6,1,0,0.0,1.0,3,0.3333333333333333,,,
aa284090-bf3b-48de-b80d-26d3e5345fbe,1,0,0.0,2.0,3,0.3333333333333333,,,
a38f78fa-f6bb-4182-ba3a-86f3a46273f9,4,1,0.25,1.5,12,0.3333333333333333,0.25,0.0,L
964dbbf3-305f-4a50-9ae3-74bf5be409c0,5,1,0.2,1.0,15,0.2857142857142857,0.2,0.0,L
176afd61-d3c7-4b68-ae20-89b91e98c406,1,0,0.0,1.0,3,0.3333333333333333,,,
d4b010b6-7337-4336-8a0f-87e2c74d50fa,2,1,0.5,0.5,6,0.5,,,
2c5b4d23-1c02-41bf-9178-909e018bbc0e,3,0,0.0,1.6666666666666667,9,0.2,0.0,0.0,L
d77fb7db-c781-4533-bf4a-8e51c8a52ae8,1,0,0.0,1.0,3,0.3333333333333333,,,
0605808b-7789-46cd-8f33-c8c8a2f89db2,5,3,0.6,0.6,15,0.5714285714285714,0.6,1.0,H
2861927c-7905-4f00-8742-0413d099843b,6,1,0.16666666666666666,1.0,18,0.25,0.16666666666666666,0.0,L
4c7a5455-8185-4af4-bcc9-65f2b0725a15,4,0,0.0,1.75,12,0.16666666666666666,0.0,0.0,L
0c6039e8-795a-4bc7-b29d-dde9cd45c3ea,1,0,0.0,1.0,3,0.3333333333333333,,,
4b683709-b248-4ecf-afa9-7e68d2d3ed3e,73,24,0.3287671232876712,1.0410958904109588,221,0.3333333333333333,0.3287671232876712,0.0,L
ba9f393f-9e56-48e0-aba5-abe02b073a93,1,0,0.0,1.0,3,0.3333333333333333,,,
0b1e1d06-5438-46ca-8367-d817a1cdd3a6,1,1,1.0,0.0,3,0.6666666666666666,,,
1fe10f1a-fdea-4240-8f1b-21aab8832106,14,4,0.2857142857142857,1.4285714285714286,42,0.3125,0.2857142857142857,0.0,L
4c16bb92-87d6-4452-bfd1-28bf23ae4360,1,0,0.0,1.0,3,0.3333333333333333,,,
48db17be-0d5c-4c89-9117-85b4f95f1a93,4,0,0.0,1.75,12,0.16666666666666666,0.0,0.0,L
bb2416da-a98c-47aa-8985-c2a3b384088e,3,0,0.0,1.3333333333333333,9,0.2,0.0,0.0,L
400bb658-e16a-46b8-94a8-f5a09c0c96d9,4,1,0.25,0.75,12,0.3333333333333333,0.25,0.0,L
80c04cbc-5f5b-4184-a7b2-9684e75e5f78,5,1,0.2,0.8,15,0.2857142857142857,0.2,0.0,L
48de7218-8e44-4b74-9585-b9c163eb2259,5,1,0.2,1.2,15,0.2857142857142857,0.2,0.0,L
9a067898-ee2b-4e98-9e19-ae976792bca1,1,0,0.0,1.0,3,0.3333333333333333,,,
33be1bdc-ba70-4679-a713-ba3f1839b355,2,1,0.5,0.5,6,0.5,,,
b348edd3-bd99-4059-b2f2-3fe9e8986b5d,1,1,1.0,0.0,3,0.6666666666666666,,,
2a00c05b-c768-4c1a-afae-b9b1b1d50d8a,8,3,0.375,0.75,24,0.4,0.375,0.0,L
f32ead39-b8f2-4ed3-953f-71e95858ef50,9,2,0.2222222222222222,1.2222222222222223,27,0.2727272727272727,0.2222222222222222,0.0,L
945cfc89-4366-4c3c-a779-a619fcf6454f,3,0,0.0,1.0,9,0.2,0.0,0.0,L
2fc8b412-2905-4474-a1ea-d9cf53dedb76,2,0,0.0,1.0,6,0.25,,,
81d75618-a718-4145-9a20-10c3541af102,1,0,0.0,1.0,3,0.3333333333333333,,,
0a070cf7-63a7-47eb-92dc-b343e4dd9134,4,2,0.5,0.5,12,0.5,0.49999999999999994,1.0,H
a9d32219-9c8a-4db8-a860-eeb46b5d267a,8,2,0.25,1.0,24,0.3,0.25,0.0,L
04376adb-f524-4134-8cfb-2fc789a6614a,4,1,0.25,1.0,12,0.3333333333333333,0.25,0.0,L
3388f3fd-d200-4aad-9012-f0343a321041,2,2,1.0,0.0,6,0.75,,,
5441e89f-cedb-46b4-8864-ad1a0b831e17,3,1,0.3333333333333333,1.3333333333333333,9,0.4,0.3333333333333333,0.0,L
c26f8ffe-59d0-4e6a-92a9-b5f1ef8c8e85,5,2,0.4,0.8,15,0.42857142857142855,0.4,0.0,L
513c1a04-8c14-412c-b320-16e5aedb91dd,1,0,0.0,1.0,3,0.3333333333333333,,,
f0d466ec-a0a5-46b9-a102-43ad939a6e6a,5,1,0.2,1.0,15,0.2857142857142857,0.2,0.0,L
cd4c55dc-47f2-48d6-b622-ee64ea9f2b04,1,0,0.0,1.0,3,0.3333333333333333,,,
8069fec9-9404-4fc8-a4d2-f52d14429d51,1,1,1.0,0.0,3,0.6666666666666666,,,
9c389066-dc45-46b5-a5c5-d2ff01cd1b5c,6,1,0.16666666666666666,1.1666666666666667,19,0.25,0.16666666666666666,0.0,L
bea180de-f244-4ccd-938d-16c23422bf52,2,1,0.5,1.0,6,0.5,,,
147a3484-7a36-4a23-b12f-34b97f923b9f,4,2,0.5,0.5,12,0.5,0.49999999999999994,1.0,H
6513a959-f57f-49b5-be1e-161544a99847,4,1,0.25,1.0,12,0.3333333333333333,0.25,0.0,L
060e8768-e8f7-4b01-8f2d-60db93b86897,7,4,0.5714285714285714,0.5714285714285714,21,0.5555555555555556,0.5714285714285714,1.0,H
207a86e8-5aa6-4186-9339-b36671d3aa4d,11,2,0.18181818181818182,1.3636363636363635,33,0.23076923076923078,0.18181818181818182,0.0,L
20570796-8773-4e3e-9f3b-d674549d1ef5,13,3,0.23076923076923078,1.0,39,0.26666666666666666,0.23076923076923078,0.0,L
5adfb47e-ccb6-47b1-acf5-640c33556cce,2,2,1.0,0.0,6,0.75,,,
14ee1a23-7f83-4726-a91b-58e4a8e4d65a,1,0,0.0,1.0,3,0.3333333333333333,,,
7b0402cd-6075-473b-831f-adb34147f9ba,3,2,0.6666666666666666,0.6666666666666666,9,0.6,0.6666666666666666,1.0,H
486f8dd4-289b-4953-abae-aa0c9074a3db,1,0,0.0,2.0,3,0.3333333333333333,,,
d57a463f-7236-419e-a4d8-44984c01ce73,1,0,0.0,1.0,3,0.3333333333333333,,,
4dba21fd-be8c-46e6-bdcc-470740aefb26,1,1,1.0,0.0,3,0.6666666666666666,,,
26ec5876-20c7-4de8-aa1a-ff8a2988312d,2,0,0.0,1.5,6,0.25,,,
a0bc2ada-7c70-4a46-a533-9a6e3f863fa5,2,2,1.0,0.0,6,0.75,,,
a0cd05ef-966a-4e81-b931-675641302c0b,7,5,0.7142857142857143,0.2857142857142857,21,0.6666666666666666,0.7142857142857143,1.0,H
3bab45d0-5d78-452d-8294-5e20ff1de750,3,1,0.3333333333333333,0.6666666666666666,9,0.4,0.3333333333333333,0.0,L
eb8708b5-f6f7-4019-af79-603a3ae10ad1,2,0,0.0,1.0,6,0.25,,,
3bd609b5-1fc6-47b0-a749-82471db864cf,5,1,0.2,1.6,15,0.2857142857142857,0.2,0.0,L
63876dd3-280f-4f50-be0a-8dfe7f6447ad,7,3,0.42857142857142855,0.8571428571428571,21,0.4444444444444444,0.42857142857142855,0.0,L
da23192d-8330-4a99-9503-2c2edef7424a,2,0,0.0,1.5,6,0.25,,,
ecbbe3c9-7f17-466b-9210-ca0e88ea8ebe,2,1,0.5,0.5,6,0.5,,,
3a91a355-350b-4e4d-b7cc-3e79086dbed5,8,0,0.0,2.75,24,0.1,0.0,0.0,L
0e10d81e-2592-45c8-99ee-10baee1b8d1f,5,2,0.4,0.6,15,0.42857142857142855,0.4,0.0,L
bec75e05-d986-432c-bc4a-185968503abf,16,8,0.5,0.6875,48,0.5,0.5,1.0,H
c987b03c-9802-4a88-81bd-c17595370c11,1,0,0.0,2.0,3,0.3333333333333333,,,
bd6000b3-4099-4c4c-a867-caccf5f6e003,7,3,0.42857142857142855,0.5714285714285714,21,0.4444444444444444,0.42857142857142855,0.0,L
e222fa68-60d3-4d5e-920c-eef1aca7b08b,1,1,1.0,0.0,3,0.6666666666666666,,,
bc620a50-a1bc-4646-a5d6-a449cff0bece,12,1,0.08333333333333333,1.1666666666666667,36,0.14285714285714285,0.08333333333333333,0.0,L
2c7ea84d-9d4b-44db-88f8-bcaf4ad9ad6e,2,1,0.5,0.5,6,0.5,,,
5bc72248-ec68-41f0-a792-8e77db8e5db5,5,3,0.6,1.0,15,0.5714285714285714,0.6,1.0,H
75616194-e405-428b-bac3-48424067d6cb,1,0,0.0,1.0,3,0.3333333333333333,,,
0bcf063d-183e-45cc-b347-f521e0fcbc59,1,1,1.0,0.0,3,0.6666666666666666,,,
8f05f8c8-e180-4fba-a759-12d30bcf70c9,1,0,0.0,1.0,3,0.3333333333333333,,,
5f3a8e96-968d-41f8-a0c7-033da43613e8,2,0,0.0,1.0,6,0.25,,,
3cbbc208-1c7b-489d-b010-74afc2f6152d,4,4,1.0,0.0,12,0.8333333333333334,1.0,1.0,H
295d8b85-6a2c-4379-ae88-6510fe96ccdd,2,1,0.5,1.0,6,0.5,,,
9f31febf-ffc9-4fdf-ab23-d74514de7068,1,0,0.0,1.0,3,0.3333333333333333,,,
f8b9e3e7-fb3f-4424-8bba-3b4ff6235984,2,0,0.0,1.5,6,0.25,,,
24724dfa-edc9-4a4f-bc00-bf7c3a3e1cf9,3,1,0.3333333333333333,1.0,9,0.4,0.3333333333333333,0.0,L
1fa8fd74-d5b4-4be7-8d97-46507185570a,2,0,0.0,1.0,6,0.25,,,
26902946-3bed-482f-86fc-0f9c60ab71dc,1,0,0.0,1.0,3,0.3333333333333333,,,
5d24f436-4a1d-41eb-8c78-117d7426f748,2,1,0.5,1.0,6,0.5,,,
5736df7c-b4e6-48ad-9694-f755e3cfab8a,1,0,0.0,1.0,3,0.3333333333333333,,,
8287fc93-2948-42fb-b2e5-99c6fc756dc7,1,0,0.0,1.0,3,0.3333333333333333,,,
34760749-52fb-47ca-960a-aa6e1e94334e,1,0,0.0,1.0,3,0.3333333333333333,,,
7da150c2-b370-4c1f-9e7e-e7f58248574e,1,1,1.0,0.0,3,0.6666666666666666,,,
dc181909-1741-4f91-8a91-773b0dc23857,1,0,0.0,1.0,3,0.3333333333333333,,,
f80c5e43-1eab-45e2-9465-25616d922cd5,10,2,0.2,1.5,30,0.25,0.2,0.0,L
165c3af8-9525-4336-a2c8-3dbfb090ff95,2,1,0.5,0.5,6,0.5,,,
a6bc81bc-8602-4501-8228-36cd270b22ca,1,0,0.0,1.0,3,0.3333333333333333,,,
eda897a3-f9dc-434e-92dc-f1814ed1bd78,1,0,0.0,2.0,3,0.3333333333333333,,,
bebadaee-33a0-4af8-9e73-10ea3b358277,3,0,0.0,1.3333333333333333,9,0.2,0.0,0.0,L
07189b03-b39e-451e-9d79-0381131da319,4,1,0.25,0.75,12,0.3333333333333333,0.25,0.0,L
3b0ba546-8455-465b-8e47-927226aa9ddb,5,1,0.2,1.2,15,0.2857142857142857,0.2,0.0,L
98fc356c-48dc-449c-b6a1-47563567db5f,1,0,0.0,2.0,3,0.3333333333333333,,,
3aa302d3-324b-4281-bc97-b5638d15377d,1,1,1.0,0.0,3,0.6666666666666666,,,
e7ae9956-7f23-4196-a2d9-e486d4344065,2,2,1.0,0.0,6,0.75,,,
52305160-66f3-4627-a9d5-cbbfba4068b5,7,1,0.14285714285714285,1.1428571428571428,21,0.2222222222222222,0.14285714285714285,0.0,L
2e7289ff-aaf6-4e68-ae63-a0706fa5ed7b,3,1,0.3333333333333333,1.3333333333333333,9,0.4,0.3333333333333333,0.0,L
43de75e0-161d-470a-8dd5-3d8c94b052c7,2,1,0.5,1.5,6,0.5,,,
3c3527fb-0f71-4384-a8ad-2daa4b75e4d3,1,0,0.0,3.0,3,0.3333333333333333,,,
10c84e5f-2ce2-42c2-ad03-2a0ee528e7f3,1,0,0.0,1.0,3,0.3333333333333333,,,
d0f7abf2-2e94-4e4d-8843-9ae104f62dd2,2,0,0.0,1.5,6,0.25,,,
03e2c3f4-c9d4-43c8-8ecc-3f9dc32491b8,3,0,0.0,1.3333333333333333,9,0.2,0.0,0.0,L
58ffd659-8b44-45d5-8cc9-e41f603c4a75,3,2,0.6666666666666666,0.3333333333333333,9,0.6,0.6666666666666666,1.0,H
9f605028-3dbb-4e78-bbd9-a7e9e6ccb823,1,1,1.0,0.0,3,0.6666666666666666,,,
2a6e952f-5ed5-4107-afb8-cfff77956a08,1,1,1.0,0.0,3,0.6666666666666666,,,
bc9c4664-a83f-409c-a056-5d54ee8ee16e,5,0,0.0,1.2,16,0.14285714285714285,0.0,0.0,L
884432a5-0649-40fb-9880-05e3eb76b204,1,1,1.0,0.0,3,0.6666666666666666,,,
3362dba8-d3e8-40b4-8929-850c7fb01c12,9,3,0.3333333333333333,0.7777777777777778,27,0.36363636363636365,0.3333333333333333,0.0,L
9c7d232f-5152-4a32-a23c-387f687c609f,2,1,0.5,0.5,6,0.5,,,
4cbf81d1-da65-4879-b063-ec9eb6fc4901,1,0,0.0,1.0,3,0.3333333333333333,,,
2459bdbe-a947-429b-8ce6-3ab483428b52,2,0,0.0,1.0,6,0.25,,,
d0f5cfbb-13e3-4c1f-a1d1-583d07989e52,2,1,0.5,0.5,6,0.5,,,
e9ecddce-db06-46b2-8658-59582b85e2af,7,0,0.0,1.4285714285714286,22,0.1111111111111111,0.0,0.0,L
9af9cea1-40eb-4658-a53c-e892a42a2373,1,0,0.0,1.0,3,0.3333333333333333,,,
b17e1de7-4d1c-47cf-9c4e-5f1232e16dba,3,1,0.3333333333333333,1.0,9,0.4,0.3333333333333333,0.0,L
9e0c3eaa-98d6-4fc7-8f46-da96eca84f05,5,1,0.2,1.6,15,0.2857142857142857,0.2,0.0,L
3f10d621-3f6e-476a-a19b-14489b326b25,5,1,0.2,1.0,15,0.2857142857142857,0.2,0.0,L
2d062c30-ce7c-43d2-8bdf-b44e2a4f0f86,5,1,0.2,1.4,15,0.2857142857142857,0.2,0.0,L
58763d81-cab1-4e69-8c78-fc11966e8e9a,2,0,0.0,1.5,6,0.25,,,
32d38d07-e4b0-4b97-9b39-bbe803f34370,1,0,0.0,2.0,3,0.3333333333333333,,,
795cab42-4f25-4c23-96e1-068276914890,1,1,1.0,0.0,3,0.6666666666666666,,,
dea9682d-73cb-4cac-931c-457bd739f166,1,0,0.0,2.0,3,0.3333333333333333,,,
a174d49c-f646-413c-b359-103092119f58,1,0,0.0,1.0,3,0.3333333333333333,,,
cadf3c6e-c5d6-4316-87d0-0f1ed74672e6,3,1,0.3333333333333333,0.6666666666666666,9,0.4,0.3333333333333333,0.0,L
f13495da-bd8c-49da-85dd-67dc00924b81,1,0,0.0,1.0,3,0.3333333333333333,,,
e77aec5c-8be4-4620-8396-a20debce2480,1,0,0.0,1.0,3,0.3333333333333333,,,
a08735ca-1b1d-4847-a74a-25869417ffc5,3,1,0.3333333333333333,0.6666666666666666,9,0.4,0.3333333333333333,0.0,L
db7a2699-4ae6-4429-a938-ab644b5fca0d,12,6,0.5,0.6666666666666666,37,0.5,0.5,1.0,H
13391093-3ff1-4536-8711-d272898340e5,1,0,0.0,2.0,3,0.3333333333333333,,,
3927bab9-1d73-4415-9c9e-a7d88fc03748,7,3,0.42857142857142855,0.8571428571428571,21,0.4444444444444444,0.42857142857142855,0.0,L
8c1abaf3-8952-42b5-a71f-a63e7a935d0a,2,0,0.0,2.0,6,0.25,,,
466b3d0f-4545-4a0d-9b91-71b38f5a7d61,3,3,1.0,0.0,9,0.8,1.0,1.0,H
ac4f08c8-8b20-494f-a870-f86562919a8c,4,2,0.5,0.75,12,0.5,0.5,1.0,H
a7d89f72-d215-462e-9c62-6420b6a53768,2,1,0.5,0.5,7,0.5,,,
0bdc19f7-bcc2-41c6-ae92-f949adfdef33,2,1,0.5,0.5,6,0.5,,,
337fb13f-1497-438a-a354-f5696371925c,1,0,0.0,1.0,3,0.3333333333333333,,,
b458077a-b3d8-4e01-9685-63b9c00f73b2,1,0,0.0,2.0,3,0.3333333333333333,,,
5a481d86-8ffb-4285-ad13-010df7b1a2ce,1,0,0.0,2.0,3,0.3333333333333333,,,
51d18067-7924-4073-86a1-db13f883a709,1,0,0.0,2.0,3,0.3333333333333333,,,
5f5f3896-f0ec-4871-b379-520686d2d36f,2,1,0.5,0.5,6,0.5,,,
04132f1d-8244-4c1f-ad5d-05d06cbaf665,1,0,0.0,2.0,3,0.3333333333333333,,,
b7036bce-8b3d-4026-9592-96d10e81c589,1,0,0.0,1.0,3,0.3333333333333333,,,
8ed9301d-3fb8-4c47-a023-f9d20a0dcde3,1,0,0.0,2.0,3,0.3333333333333333,,,
3815a906-f021-458b-b6d2-8a324cd11a82,1,1,1.0,0.0,3,0.6666666666666666,,,
7f17bf89-69d4-4bb9-97b8-b4ecbfc92f19,1,0,0.0,1.0,3,0.3333333333333333,,,
322f9254-a61c-4102-b6a7-5984b2a2a2d1,7,1,0.14285714285714285,1.0,21,0.2222222222222222,0.14285714285714285,0.0,L
a40f1617-33d5-4925-ae58-5734a5f347ad,2,2,1.0,0.0,6,0.75,,,
ba1f5a72-545e-4585-9728-6bc0ec821ea4,5,0,0.0,1.6,15,0.14285714285714285,0.0,0.0,L
7cedcb5e-2460-4ea1-a1f7-2912c9103642,1,0,0.0,1.0,3,0.3333333333333333,,,
a5868214-fb63-4669-8c5f-4adfd452f05f,3,1,0.3333333333333333,1.0,9,0.4,0.3333333333333333,0.0,L
02ae06ef-4820-4112-985a-9f38aebe00bc,1,0,0.0,2.0,3,0.3333333333333333,,,
b2dd0605-757b-4448-807d-2300c577527e,1,0,0.0,1.0,3,0.3333333333333333,,,
62536a7d-141e-4ace-88e8-a5dda8c97481,2,2,1.0,0.0,6,0.75,,,
5a83e9a0-7551-4c82-879c-4c5185874797,1,0,0.0,1.0,3,0.3333333333333333,,,
35056afb-ecd7-44e3-8e94-e88ca7ef78aa,1,0,0.0,1.0,3,0.3333333333333333,,,
563b9e3b-b3c7-42b3-a783-ce7f3637d199,1,0,0.0,2.0,3,0.3333333333333333,,,
fdedb5c1-cafb-492e-beb7-271cbde2a914,5,1,0.2,1.0,16,0.2857142857142857,0.2,0.0,L
cd104ddf-b48f-4e1c-b98f-645d436cbea6,2,0,0.0,2.5,6,0.25,,,
14aeed00-5e14-45f2-89fd-07b20dfac1aa,1,0,0.0,3.0,3,0.3333333333333333,,,
b7653dba-f390-4033-8850-c379de28168d,1,1,1.0,0.0,3,0.6666666666666666,,,
d4439d92-825e-4db5-b2da-b4ca130dd359,1,0,0.0,1.0,3,0.3333333333333333,,,
744c38f9-0475-4026-a8e6-5c8d0ec37a2f,1,0,0.0,2.0,3,0.3333333333333333,,,
b19f8124-4da1-4ae7-b26f-105b1ae4eb7f,2,0,0.0,1.5,6,0.25,,,
09e8639d-691c-4815-b350-134ccf092bc4,3,1,0.3333333333333333,1.0,10,0.4,0.3333333333333333,0.0,L
56803cf1-a591-4140-a443-27100bfb36b1,1,0,0.0,2.0,3,0.3333333333333333,,,
04d39c43-f4c3-41cd-9c84-f8c804c6dd9d,1,0,0.0,2.0,3,0.3333333333333333,,,
b338b69d-a43e-4063-a0cf-fd8a1e4f20bc,2,2,1.0,0.0,6,0.75,,,
423e5bab-16e3-43d3-8308-7575d78e67dd,1,0,0.0,2.0,3,0.3333333333333333,,,
ffeb79c6-bd03-4c99-9362-f243bac82212,6,3,0.5,0.6666666666666666,18,0.5,0.5,1.0,H
26af20c0-4cc4-4c58-9a53-27922c049fb5,9,2,0.2222222222222222,0.7777777777777778,27,0.2727272727272727,0.2222222222222222,0.0,L
2ba21d1d-df0a-4af1-ad18-47f5b20df3e7,9,7,0.7777777777777778,0.2222222222222222,27,0.7272727272727273,0.7777777777777778,1.0,H
655272a0-a7f4-425f-b7c7-c16108695954,3,1,0.3333333333333333,1.0,9,0.4,0.3333333333333333,0.0,L
a580bf09-cd70-4f4c-b4c5-ceca9dd7b6d9,3,1,0.3333333333333333,1.3333333333333333,9,0.4,0.3333333333333333,0.0,L
ad2c116f-9eab-48af-bd28-02f059c6960b,1,0,0.0,1.0,3,0.3333333333333333,,,
3a71ee6a-d26b-42a1-b0b5-94a1a8e421d2,3,1,0.3333333333333333,0.6666666666666666,9,0.4,0.3333333333333333,0.0,L
c35ec15d-41d6-461f-ba6f-7aeff8cdb7cc,1,0,0.0,2.0,3,0.3333333333333333,,,
fac7eaea-09e7-4545-89c5-3126e6ad4c91,1,0,0.0,1.0,3,0.3333333333333333,,,
eacdd895-1444-4c30-9263-f3d0f7302bc6,3,1,0.3333333333333333,1.0,9,0.4,0.3333333333333333,0.0,L
f74d9cc8-0a61-4e77-a133-9a323b72bbba,7,3,0.42857142857142855,0.7142857142857143,21,0.4444444444444444,0.42857142857142855,0.0,L
9b0b7884-a6a5-41e8-9bd6-7cdffe4c91a4,4,3,0.75,0.5,12,0.6666666666666666,0.75,1.0,H
b7fb874e-992b-4873-ac01-b9f2c83190d4,4,2,0.5,0.5,12,0.5,0.5,1.0,H
3d64d68f-9f9b-4850-b981-4f07b75a842e,1,0,0.0,2.0,3,0.3333333333333333,,,
460bafa5-cb0e-442e-b6fa-d28d81e7b4a7,2,1,0.5,0.5,6,0.5,,,
a48a7f20-b08b-4580-828c-49026cdd81f8,1,0,0.0,1.0,3,0.3333333333333333,,,
8042d299-01cc-4a25-8907-7302ae6d0e35,1,0,0.0,1.0,3,0.3333333333333333,,,
7feb5642-d5c5-467a-9e77-ba56c5a6d174,3,2,0.6666666666666666,0.3333333333333333,9,0.6,0.6666666666666666,1.0,H
5b86cbea-19f3-4a7d-a877-a6e2dfc97209,1,0,0.0,2.0,3,0.3333333333333333,,,
57303166-c313-4484-ad46-124e458cae94,1,0,0.0,1.0,3,0.3333333333333333,,,
6f37a672-4c45-41b1-b0f5-7c2b43aa87db,1,1,1.0,0.0,3,0.6666666666666666,,,
e919b9f7-e74b-40f0-b96e-08bda4c9c2d5,1,0,0.0,1.0,3,0.3333333333333333,,,
50fe50c1-f46d-4bd6-be33-8755607c979f,1,0,0.0,1.0,3,0.3333333333333333,,,
448d31aa-08a3-4f2a-9bc3-bc07522fe864,9,3,0.3333333333333333,0.6666666666666666,28,0.36363636363636365,0.3333333333333333,0.0,L
e46ae1f2-ab53-4cb4-b419-48f8bec69b37,1,0,0.0,2.0,3,0.3333333333333333,,,
e5648dff-1fea-4cd4-baa8-97605b5f6668,2,1,0.5,0.5,6,0.5,,,
03f8ad50-be0a-4e2a-897e-75e5caba0b13,4,2,0.5,1.0,12,0.5,0.5,1.0,H
9e8ae51b-d57c-4062-9f7b-e5bfaec547e2,1,0,0.0,1.0,3,0.3333333333333333,,,
76c31702-34cf-49cd-863b-448bb480aaf4,5,0,0.0,1.6,15,0.14285714285714285,0.0,0.0,L
24616c80-ebdf-4471-a4a5-664d7be36fea,1,0,0.0,2.0,3,0.3333333333333333,,,
04089cca-28c8-44e5-8952-4d984999428a,8,2,0.25,1.125,24,0.3,0.25,0.0,L
8818f7a9-60af-4674-a249-032ed2f1dc0a,2,1,0.5,0.5,6,0.5,,,
d8eed8ac-cbf9-49d1-a41c-3f42c3793939,1,1,1.0,0.0,3,0.6666666666666666,,,
d84e29e8-1a3a-4093-b210-4f7a0d95bb49,122,47,0.38524590163934425,0.9836065573770492,370,0.3870967741935484,0.38524590163934425,0.0,L
1c36fb27-ffc4-4635-ab9d-1815648c2d99,7,0,0.0,2.142857142857143,21,0.1111111111111111,0.0,0.0,L
e3d8eb83-0396-4ea2-af53-f7449e76d809,4,0,0.0,1.5,12,0.16666666666666666,0.0,0.0,L
1ed13135-15b7-43af-b9ea-7cbc8c484e03,71,30,0.4225352112676056,1.0845070422535212,221,0.4246575342465753,0.4225352112676056,0.0,L
903a7cca-4e1c-4e48-9fea-3ee30215f3c6,52,13,0.25,1.2115384615384615,159,0.25925925925925924,0.25,0.0,L
213e905c-99d0-4bdd-9708-3b837bc0ba03,14,4,0.2857142857142857,1.9285714285714286,42,0.3125,0.2857142857142857,0.0,L
52a85953-f8f0-444c-80d0-b0818b39645a,42,19,0.4523809523809524,0.8333333333333334,126,0.45454545454545453,0.4523809523809524,1.0,H
2998ffeb-b867-49be-8f75-93ec86aa2f38,47,5,0.10638297872340426,1.5957446808510638,142,0.12244897959183673,0.10638297872340426,0.0,L
a1a72f38-c66c-411d-bb0f-55c022594b0d,13,5,0.38461538461538464,1.0769230769230769,39,0.4,0.38461538461538464,0.0,L
54a54ed3-d063-424f-8485-3561ef4bc788,2,2,1.0,0.0,6,0.75,,,
9c3c1785-a650-4cbd-b6a1-417b119847d7,2,1,0.5,1.0,6,0.5,,,
ca4bc50c-8ac0-403a-8545-a228af08227d,44,12,0.2727272727272727,1.3636363636363635,133,0.2826086956521739,0.2727272727272727,0.0,L
4ad37ee5-9307-40bb-8ff0-9fe5262118d0,3,1,0.3333333333333333,1.0,9,0.4,0.3333333333333333,0.0,L
c6fe755f-14b8-457e-a7d3-1d766cd36881,8,2,0.25,0.875,24,0.3,0.25,0.0,L
37feb2fc-dc6a-47f3-804a-c78cc6a47edd,1,0,0.0,1.0,3,0.3333333333333333,,,
47b7eb9d-7b2e-4ced-be27-a36ecb4bbbdf,14,5,0.35714285714285715,1.2857142857142858,43,0.375,0.35714285714285715,0.0,L
c64a76ac-75e4-456a-8cfb-4f4f9e1c3f7a,2,0,0.0,1.0,6,0.25,,,
1c5a84fe-45bc-48b2-88c1-4333ab6f4032,29,14,0.4827586206896552,0.7586206896551724,87,0.4838709677419355,0.4827586206896552,1.0,H
376c173c-edb9-44e4-9868-5dc9fb20744c,3,2,0.6666666666666666,0.3333333333333333,9,0.6,0.6666666666666666,1.0,H
e5e38ae2-0a27-4004-b9ff-ee0f4ab6fba2,5,1,0.2,2.0,16,0.2857142857142857,0.2,0.0,L
ccbedac1-4969-42f3-ac92-2450be19c1ae,9,5,0.5555555555555556,0.6666666666666666,27,0.5454545454545454,0.5555555555555556,1.0,H
97cb21f8-5bf4-4ab8-bf2a-59e1f99b46cf,3,0,0.0,1.6666666666666667,9,0.2,0.0,0.0,L
33256ac5-b5c9-4392-b198-db5f07a84c74,3,2,0.6666666666666666,0.6666666666666666,9,0.6,0.6666666666666666,1.0,H
a5cc80e2-a0f6-4d8e-aebc-28f34f1bb0e0,4,1,0.25,1.5,12,0.3333333333333333,0.25,0.0,L
f3d2f618-51e4-460a-9153-24f9c87ae563,56,14,0.25,1.2142857142857142,169,0.25862068965517243,0.24999999999999997,0.0,L
a9de48bf-70d6-4f1f-91e5-2e6aa78534c2,2,0,0.0,1.5,6,0.25,,,
01e6aede-02f9-4d4f-9d85-7b5544a36b78,47,11,0.23404255319148937,1.3829787234042554,143,0.24489795918367346,0.23404255319148937,0.0,L
e54e8c27-8b48-4c2c-ab3a-d64bb30f17dc,51,7,0.13725490196078433,1.6470588235294117,154,0.1509433962264151,0.13725490196078433,0.0,L
a5deb30c-ea23-475f-8b34-41919f4b1144,1,0,0.0,3.0,3,0.3333333333333333,,,
4cc27c8e-4ac4-4f6f-aee9-f0f8c884123a,2,1,0.5,0.5,6,0.5,,,
f6aadcb7-306b-4c83-af33-3097d5365360,8,5,0.625,0.5,24,0.6,0.625,1.0,H
78cefcae-d50b-4af1-81ae-faed4fc6ae01,6,2,0.3333333333333333,1.6666666666666667,19,0.375,0.3333333333333333,0.0,L
4587f08b-b793-40c7-83b9-4aaaca5aeb96,18,3,0.16666666666666666,1.6666666666666667,54,0.2,0.16666666666666666,0.0,L
1afb0b34-e9ea-42bb-8331-d906d7c87355,5,3,0.6,1.0,15,0.5714285714285714,0.6,1.0,H
779e9ae5-4bf0-411d-a1ec-610bcc8cea3b,27,5,0.18518518518518517,1.3703703703703705,81,0.20689655172413793,0.18518518518518517,0.0,L
d824c507-47e3-4dbc-880b-8a25d4ca7dfa,1,1,1.0,0.0,3,0.6666666666666666,,,
1e27b3af-5f0e-4e04-8900-a6200b07f621,5,1,0.2,0.8,15,0.2857142857142857,0.2,0.0,L
4435d53e-59fc-4ae6-9539-ea703571ac29,3,1,0.3333333333333333,1.0,9,0.4,0.3333333333333333,0.0,L
177e8ee9-047b-425b-9fa1-2519594a2afb,3,1,0.3333333333333333,1.0,9,0.4,0.3333333333333333,0.0,L
12acdcec-52fc-4d1a-895d-a253fdf65345,1,0,0.0,1.0,3,0.3333333333333333,,,
9ded7200-a376-41f1-ba8a-353b6ea5f7af,2,1,0.5,1.0,6,0.5,,,
98d6dacb-052e-4c42-aec9-db66027a81ae,2,1,0.5,0.5,6,0.5,,,
b7c9e643-cfd0-4864-85a8-6e249ae710bd,12,2,0.16666666666666666,1.75,36,0.21428571428571427,0.16666666666666666,0.0,L
7d78f170-2021-4a17-9437-d674b089fa8f,2,0,0.0,1.0,6,0.25,,,
9d8756c2-0d13-4857-a51b-f3d420c7b83a,5,2,0.4,1.2,15,0.42857142857142855,0.4,0.0,L
47fa1a5c-f773-456a-9e78-36644cc04a07,2,1,0.5,1.0,6,0.5,,,
fa6353b9-0c47-4702-a14f-0d2031ddd42a,21,6,0.2857142857142857,1.1428571428571428,64,0.30434782608695654,0.2857142857142857,0.0,L
c6faf90b-03a8-4db2-85f3-6976655c7694,1,1,1.0,0.0,3,0.6666666666666666,,,
0d842439-292b-4654-b06a-c5f7fd6ab2ec,5,2,0.4,0.6,16,0.42857142857142855,0.4,0.0,L
afcdeccc-7391-4648-9a7a-8e36337b904f,4,3,0.75,0.5,12,0.6666666666666666,0.75,1.0,H
2e604bbe-e87f-4393-b36a-27d64c6c4df1,2,2,1.0,0.0,7,0.75,,,
caaddd8b-6f76-4458-85a9-a95373f58a35,25,14,0.56,0.56,75,0.5555555555555556,0.56,1.0,H
aed21d4f-23c3-456d-80eb-de32e15d5c5d,3,1,0.3333333333333333,0.6666666666666666,9,0.4,0.3333333333333333,0.0,L
bb52b1fb-e3d2-41de-a2a7-e3a37bbe538f,9,6,0.6666666666666666,0.4444444444444444,27,0.6363636363636364,0.6666666666666666,1.0,H
bcdbad05-8597-4f4f-bacc-031dbd1e2a32,16,8,0.5,0.8125,48,0.5,0.5,1.0,H
bf1173bc-dfed-480c-ae34-19cea1e6ecaf,2,1,0.5,0.5,6,0.5,,,
a58c66f0-5a9a-410a-bb5d-a5389ff01a8f,1,0,0.0,1.0,3,0.3333333333333333,,,
6af41497-d003-4da1-b2bf-d4494a6f763f,4,1,0.25,1.25,12,0.3333333333333333,0.25,0.0,L
8c4e0b9d-cb61-4a29-9c40-26df9943ed7b,6,0,0.0,1.8333333333333333,19,0.125,0.0,0.0,L
e0b78c3a-9bbd-40d7-8918-f275ee05e786,7,2,0.2857142857142857,2.2857142857142856,21,0.3333333333333333,0.2857142857142857,0.0,L
eeb8a664-0413-4cba-a116-a313e8024626,7,2,0.2857142857142857,0.8571428571428571,21,0.3333333333333333,0.2857142857142857,0.0,L
d3871f17-465e-47de-a9bc-563e26353fc0,3,1,0.3333333333333333,1.3333333333333333,9,0.4,0.3333333333333333,0.0,L
954eea8b-01dd-4a8f-bc88-c98c47192517,1,0,0.0,3.0,3,0.3333333333333333,,,
d8390aaf-9a12-4204-b527-6278f1d06eae,2,0,0.0,2.0,6,0.25,,,
deee6f9a-36a0-4cae-b251-9bcfe24dbcc1,2,0,0.0,1.5,6,0.25,,,
05dfaa5e-820a-447e-854a-5b7dae639385,3,2,0.6666666666666666,0.3333333333333333,9,0.6,0.6666666666666666,1.0,H
801b6133-acc0-477e-8b9e-c220ddb1c9e0,1,0,0.0,2.0,3,0.3333333333333333,,,
1ef1da17-623e-4f48-b246-a78e4f0f6cc1,6,1,0.16666666666666666,1.3333333333333333,18,0.25,0.16666666666666666,0.0,L
875d9f7f-0f27-49de-af62-4102804e7beb,10,0,0.0,1.7,30,0.08333333333333333,0.0,0.0,L
1e226130-750f-4ab4-a8a9-3daa264958f2,2,0,0.0,3.0,6,0.25,,,
b2084bdc-951a-49f8-b81e-c11b955ff724,5,1,0.2,1.4,16,0.2857142857142857,0.2,0.0,L
dc172e05-0cc8-4fcc-bef0-a09f5f1d2165,4,2,0.5,0.75,12,0.5,0.49999999999999994,1.0,H
dee2780d-cd75-4ab9-8b03-dae65951fe7a,1,0,0.0,1.0,3,0.3333333333333333,,,
f6440ff0-2b94-4782-893d-2efae59c39ad,1,0,0.0,1.0,3,0.3333333333333333,,,
d07c15d3-ddc0-43da-ae20-bf611850b288,6,3,0.5,0.6666666666666666,20,0.5,0.5,1.0,H
198f6301-2860-4cf9-8745-7e6fc558fd25,8,3,0.375,0.875,24,0.4,0.375,0.0,L
6f045424-387e-4157-903b-7b6c1d05fc9f,1,0,0.0,3.0,3,0.3333333333333333,,,
4d77df6f-764a-44b0-ad36-aeb31aefb159,18,7,0.3888888888888889,0.8888888888888888,54,0.4,0.3888888888888889,0.0,L
dd8bc4a2-d2a7-4a4c-8305-41d2391309f6,2,0,0.0,1.5,7,0.25,,,
5c7d662f-d7b1-416d-9843-e525c48bc1ae,1,0,0.0,2.0,4,0.3333333333333333,,,
be05ad0a-da01-4e3f-a6e7-c66d86e014c0,1,0,0.0,1.0,3,0.3333333333333333,,,
b065bc90-9b4c-47c4-8ef4-ce8f1a98333e,1,0,0.0,2.0,3,0.3333333333333333,,,
8534b469-603f-4a4c-8915-6a58a4304476,3,0,0.0,1.3333333333333333,9,0.2,0.0,0.0,L
c767a70a-a145-468a-aee1-86d7388dde0f,3,2,0.6666666666666666,0.3333333333333333,9,0.6,0.6666666666666666,1.0,H
2a1733df-661c-47be-bda2-c72c201fbf5a,4,0,0.0,1.5,12,0.16666666666666666,0.0,0.0,L
8b7ef841-1e59-4621-84a7-194c3e19d24f,11,2,0.18181818181818182,2.090909090909091,33,0.23076923076923078,0.18181818181818182,0.0,L
1026e378-c266-4d34-85ea-32113dbc1f7c,6,2,0.3333333333333333,1.1666666666666667,18,0.375,0.3333333333333333,0.0,L
b4805ec7-a74a-4315-8da7-7128f7a05816,9,1,0.1111111111111111,2.2222222222222223,28,0.18181818181818182,0.1111111111111111,0.0,L
3992a761-216c-4fae-aaca-06e59e902cb7,11,3,0.2727272727272727,0.8181818181818182,35,0.3076923076923077,0.2727272727272727,0.0,L
803cbe67-8ed9-4b9f-aa2c-9eca59c0f4b5,1,1,1.0,0.0,3,0.6666666666666666,,,
9321ba89-ebe4-400d-9257-4154c988fb4f,1,0,0.0,1.0,3,0.3333333333333333,,,
cdacee24-03a1-4a4a-8a7c-aedf107003da,1,1,1.0,0.0,3,0.6666666666666666,,,
54433fe0-65c4-4349-91f7-f9d0fda51347,2,1,0.5,1.0,6,0.5,,,
0d615fe8-1857-41ac-8575-e14899e481b9,6,0,0.0,3.6666666666666665,18,0.125,0.0,0.0,L
5b5fccfb-d5bf-4eb3-80be-447c02fcdf97,1,0,0.0,2.0,4,0.3333333333333333,,,
a1694a18-7f19-43fc-9589-2a7a2dc98bb1,12,8,0.6666666666666666,0.5,36,0.6428571428571429,0.6666666666666666,1.0,H
a68b3181-6fc1-46e7-8c14-ece9b963bfde,1,1,1.0,0.0,3,0.6666666666666666,,,
173d8de4-9f55-40bd-b4bb-97915cfd643f,1,0,0.0,1.0,4,0.3333333333333333,,,
fa86d4e4-c8db-41da-b31b-54a6c0ebbebf,7,2,0.2857142857142857,1.4285714285714286,21,0.3333333333333333,0.2857142857142857,0.0,L
0dcecbad-be37-4ead-a2e7-af5ac7aedfe2,6,3,0.5,0.5,18,0.5,0.5,1.0,H
0b8c1657-1a06-47e4-9b5a-e196729795f3,17,2,0.11764705882352941,1.6470588235294117,51,0.15789473684210525,0.11764705882352941,0.0,L
65a3bd6c-e926-4977-ad0e-e1eb5c0237cb,9,4,0.4444444444444444,1.2222222222222223,27,0.45454545454545453,0.4444444444444444,1.0,H
4eb0c646-0edf-4a50-8930-e4f2934c19a9,2,0,0.0,2.5,6,0.25,,,
9399f228-bb8b-4049-9805-7993587eff76,2,1,0.5,1.5,6,0.5,,,
1350ecaa-9384-45f9-ab10-e91dadcf0a02,2,1,0.5,1.0,6,0.5,,,
2aeece02-9789-4352-9912-9fc20d848f4c,7,4,0.5714285714285714,0.8571428571428571,21,0.5555555555555556,0.5714285714285714,1.0,H
ebb2f074-692c-434b-9200-bf56a01ef44b,18,8,0.4444444444444444,1.2777777777777777,55,0.45,0.4444444444444444,1.0,H
ad94bb40-a147-4d5b-b94f-50ef4b8bd8d4,3,0,0.0,2.3333333333333335,9,0.2,0.0,0.0,L
84011450-1f3c-4324-b576-db5ed6dba5d8,25,4,0.16,1.72,78,0.18518518518518517,0.16,0.0,L
81a3a97e-6af2-495c-9d63-c73b97934df7,12,4,0.3333333333333333,0.8333333333333334,36,0.35714285714285715,0.3333333333333333,0.0,L
4af387dc-5eba-4108-a553-47c9624cebbf,7,3,0.42857142857142855,1.0,21,0.4444444444444444,0.42857142857142855,0.0,L
d3b1987b-5589-4e3d-b33f-0ee01ef437c0,1,0,0.0,4.0,3,0.3333333333333333,,,
076b30f8-e8a6-4c78-a375-6452c83fd76e,4,2,0.5,0.5,12,0.5,0.49999999999999994,1.0,H
619ba1da-7305-4b14-98e8-ada304a6253d,12,5,0.4166666666666667,0.75,36,0.42857142857142855,0.4166666666666667,0.0,L
37623880-8b75-4fb0-908f-2789cc3fc3d9,1,1,1.0,0.0,3,0.6666666666666666,,,
5ba8932e-ae7c-419c-bc20-fbab7497b45e,2,0,0.0,1.0,6,0.25,,,
6103c202-d458-45f8-bee2-85569aa37d8c,2,1,0.5,1.0,6,0.5,,,
b799bfb1-682f-4687-afba-e40be880f09f,4,2,0.5,1.0,13,0.5,0.5,1.0,H
305a23f9-a72b-4667-92af-2eb4df439318,7,3,0.42857142857142855,1.0,21,0.4444444444444444,0.42857142857142855,0.0,L
af9dafad-f34e-40af-9b44-209daea66fae,1,0,0.0,1.0,3,0.3333333333333333,,,
4445f774-bb18-46c7-8bc2-a613e6cd86ea,2,1,0.5,1.0,6,0.5,,,
d0b19fef-6663-467e-8588-da9c7a51a2b4,1,0,0.0,1.0,3,0.3333333333333333,,,
c6a06832-2d18-49eb-9ea1-4e0d02f599e3,1,0,0.0,2.0,3,0.3333333333333333,,,
b9976a5a-30a8-4e28-8791-03d10e2e3871,7,2,0.2857142857142857,0.7142857142857143,21,0.3333333333333333,0.2857142857142857,0.0,L
5be26c62-8b66-4ef1-94d4-4271cc1c4de4,15,5,0.3333333333333333,0.8,45,0.35294117647058826,0.3333333333333333,0.0,L
ece6520d-f29c-45f3-a121-790a5b7a37a5,9,3,0.3333333333333333,0.7777777777777778,28,0.36363636363636365,0.3333333333333333,0.0,L
d1147ff9-d44d-4794-8a3e-bbe253a5023d,8,2,0.25,1.125,24,0.3,0.25,0.0,L
46df5688-d047-437b-b7fa-0c405f8231f0,1,1,1.0,0.0,3,0.6666666666666666,,,
6a725cae-abcc-4e73-8148-6a3e4e5e0e8b,6,0,0.0,2.3333333333333335,18,0.125,0.0,0.0,L
964fdbdf-fe33-4ec1-a759-e4cc639ec7e5,1,0,0.0,3.0,3,0.3333333333333333,,,
c18c8dc7-8241-4beb-bbce-508688708ba5,3,0,0.0,1.3333333333333333,9,0.2,0.0,0.0,L
bbf4003e-5794-4507-be04-73695fb9974b,3,0,0.0,1.6666666666666667,9,0.2,0.0,0.0,L
1e339050-7671-4037-a882-3c171d4d57bd,1,0,0.0,1.0,3,0.3333333333333333,,,
9e30263b-0fac-439c-9362-c1f0659f0899,2,1,0.5,1.0,6,0.5,,,
a008e95d-67a3-43f9-95cd-2198712f1118,10,2,0.2,1.9,31,0.25,0.2,0.0,L
50629a3d-1206-4269-87b0-a101af3acfa1,6,4,0.6666666666666666,0.6666666666666666,20,0.625,0.6666666666666666,1.0,H
c3e04a8e-061d-4892-9037-1758a644850a,4,0,0.0,2.75,13,0.16666666666666666,0.0,0.0,L
22fc9b18-24ed-4f51-842c-37d02385aaf1,11,2,0.18181818181818182,1.8181818181818181,33,0.23076923076923078,0.18181818181818182,0.0,L
6f935f9c-db0b-49e4-83e9-a616e39e9d6d,1,0,0.0,2.0,3,0.3333333333333333,,,
5ca63fa8-55ed-4299-a4fd-b6462322ce29,21,1,0.047619047619047616,2.6666666666666665,64,0.08695652173913043,0.047619047619047616,0.0,L
5ffa8b7b-038a-426f-be82-c709c03b4fec,22,4,0.18181818181818182,2.227272727272727,67,0.20833333333333334,0.18181818181818182,0.0,L
a7e777d7-2cf3-4378-bdfb-71b75a8d1ef5,5,0,0.0,1.8,16,0.14285714285714285,0.0,0.0,L
6b75bc7c-7df1-44dc-b740-065bcce0c599,8,1,0.125,2.25,24,0.2,0.125,0.0,L
f2e37eaf-07f9-4aec-a5a2-f32cce2a1763,10,1,0.1,2.4,30,0.16666666666666666,0.1,0.0,L
2f1875c0-a84a-428b-ba88-1bfe1ec1db14,4,0,0.0,3.25,12,0.16666666666666666,0.0,0.0,L
5dc22ca0-77d1-4f36-b0a2-cc47793865f0,6,2,0.3333333333333333,1.3333333333333333,18,0.375,0.3333333333333333,0.0,L
d7fc4975-9ad2-42bf-a074-39334f209116,37,15,0.40540540540540543,1.162162162162162,115,0.41025641025641024,0.40540540540540543,0.0,L
62e5e316-aabe-43e5-b6be-6370cc3ea4be,3,0,0.0,5.333333333333333,10,0.2,0.0,0.0,L
c8bbdfd5-fa58-47f0-8dfd-54bc34dde3a1,8,1,0.125,2.75,26,0.2,0.125,0.0,L
ca29504b-52e1-4d51-af68-882903a062c6,9,1,0.1111111111111111,3.5555555555555554,27,0.18181818181818182,0.1111111111111111,0.0,L
4b1bf528-819c-441a-b1aa-8a5f4be9a976,1,0,0.0,11.0,3,0.3333333333333333,,,
47db9c35-20e8-4901-8391-ef6b84cfa4a8,1,0,0.0,14.0,3,0.3333333333333333,,,
540126a3-4f85-46c3-a46d-9299e745768a,3,0,0.0,7.0,9,0.2,0.0,0.0,L
9cea483a-2339-44f0-8cac-9806dfdef290,11,2,0.18181818181818182,1.1818181818181819,34,0.23076923076923078,0.18181818181818182,0.0,L
6f136680-a2fa-4b27-8524-8c061a66c224,9,6,0.6666666666666666,0.4444444444444444,27,0.6363636363636364,0.6666666666666666,1.0,H
f49596e5-570e-4ab9-96c3-f44954970040,13,3,0.23076923076923078,1.6923076923076923,39,0.26666666666666666,0.23076923076923078,0.0,L
ec0bc2c1-f010-457d-a8dd-9728af9fefec,6,3,0.5,0.6666666666666666,20,0.5,0.5,1.0,H
0db52f86-b43d-4cb0-978a-0a3174770f28,3,1,0.3333333333333333,0.6666666666666666,9,0.4,0.3333333333333333,0.0,L
5b48f61f-c441-4d2b-a3cf-645ac21715d2,9,1,0.1111111111111111,1.2222222222222223,29,0.18181818181818182,0.1111111111111111,0.0,L
837ef886-4367-419a-bae4-c0edb596231d,1,0,0.0,2.0,3,0.3333333333333333,,,
2fcc8d06-921b-43f8-b959-a1a83906377c,1,1,1.0,0.0,3,0.6666666666666666,,,
bc2355c0-d40a-4c13-936e-306371c4bab8,1,0,0.0,1.0,3,0.3333333333333333,,,
0d780ed5-6a2f-4753-b0ed-495f86fe84ec,1,0,0.0,2.0,3,0.3333333333333333,,,
7c6fb693-3940-44d0-ac10-5b3c072c9af9,2,2,1.0,0.0,6,0.75,,,
7e2c295c-e1ed-4959-9172-a13d53bfb6ce,2,0,0.0,1.5,7,0.25,,,
d2e58e81-4488-4330-8918-188dfbb1790f,11,0,0.0,2.4545454545454546,33,0.07692307692307693,0.0,0.0,L
57007173-2131-47b5-99f6-299f461c7e75,5,0,0.0,1.6,15,0.14285714285714285,0.0,0.0,L
b9be2f5e-81d5-42c9-8b74-82b4e63caa38,6,1,0.16666666666666666,2.8333333333333335,18,0.25,0.16666666666666666,0.0,L
2e0753af-9f90-43c6-93c8-fb1c2afed1da,12,4,0.3333333333333333,0.8333333333333334,36,0.35714285714285715,0.3333333333333333,0.0,L
fb0f6ca5-bbaf-4251-b0d1-cd3caf504a9b,4,2,0.5,0.75,12,0.5,0.5,1.0,H
ae16200d-efb5-4e23-8f40-cf416dd7372f,1,1,1.0,0.0,3,0.6666666666666666,,,
d152cc81-57da-4461-a213-48771c6dcd31,6,5,0.8333333333333334,0.16666666666666666,18,0.75,0.8333333333333334,1.0,H
3f03d07f-b598-4b3f-92a3-7eb39c6506ad,6,2,0.3333333333333333,0.8333333333333334,18,0.375,0.3333333333333333,0.0,L
8e2f7bde-1545-436a-9d20-80cee8855449,4,0,0.0,2.0,12,0.16666666666666666,0.0,0.0,L
d7fc7d44-feb7-4817-857d-9668cfbb6550,1,0,0.0,1.0,3,0.3333333333333333,,,
bf6e3997-165b-4f87-ba17-9557ca7da80e,1,0,0.0,2.0,3,0.3333333333333333,,,
f58ea280-76c9-4951-ab80-dc8343f9cdde,1,0,0.0,3.0,3,0.3333333333333333,,,
ac7cf791-c680-4028-8c71-31bdc74cf06e,1,1,1.0,0.0,3,0.6666666666666666,,,
703ce4d4-1738-4099-b639-588927215c02,2,0,0.0,1.5,6,0.25,,,
3875ba74-79e2-4b5c-b2b8-ca9556171147,11,0,0.0,1.6363636363636365,33,0.07692307692307693,0.0,0.0,L
ea7c6765-68bd-43f7-9551-d2be02224711,1,0,0.0,2.0,3,0.3333333333333333,,,
6e873b96-3389-443d-bec7-95ee61e58482,6,1,0.16666666666666666,1.3333333333333333,19,0.25,0.16666666666666666,0.0,L
4c40a653-c7e8-42e0-af64-13e1535509ae,6,5,0.8333333333333334,0.3333333333333333,18,0.75,0.8333333333333334,1.0,H
b762d594-2e58-4ea6-802b-9d17b05ec576,2,1,0.5,0.5,6,0.5,,,
a3f2da36-971c-46b2-b4b1-c4013c3ed104,6,0,0.0,1.8333333333333333,18,0.125,0.0,0.0,L
cecaab55-f778-4f91-975c-b90f58220fd3,1,1,1.0,0.0,3,0.6666666666666666,,,
0adf1d7d-a77b-49aa-a1a7-15ace6249584,4,1,0.25,3.0,13,0.3333333333333333,0.25,0.0,L
ec5f324e-c4dc-469c-a071-f5ed8f9488f1,1,0,0.0,4.0,3,0.3333333333333333,,,
81bf297b-528a-4df7-b5fc-402e5d47d8b2,1,0,0.0,2.0,3,0.3333333333333333,,,
e3e96679-8f91-47b7-aa68-64ebf318b7ea,1,1,1.0,0.0,3,0.6666666666666666,,,
2739208c-69c3-4ef0-b08c-9ff4e12895df,2,0,0.0,1.5,6,0.25,,,
4c7dd7f3-6ad4-4bc3-a99f-61a702040dc8,1,1,1.0,0.0,3,0.6666666666666666,,,
ac4449f3-c12b-42cc-a8dd-0743e661a88a,2,0,0.0,2.5,6,0.25,,,
2b20e777-d1fd-45f2-a6e1-db7b90a12546,15,2,0.13333333333333333,2.3333333333333335,47,0.17647058823529413,0.13333333333333333,0.0,L
624d6cdd-415c-4e4c-be87-eff013de5a12,4,1,0.25,1.0,12,0.3333333333333333,0.25,0.0,L
c563aa10-59cc-43f4-a099-6f94ba309886,1,0,0.0,1.0,4,0.3333333333333333,,,
7420065c-1711-4719-87b3-9a9e97c17155,1,0,0.0,1.0,3,0.3333333333333333,,,
43252968-852e-4a57-8d66-edec84e0e52a,1,0,0.0,4.0,3,0.3333333333333333,,,
d3045dfb-3393-4ee4-90fb-3f5ce5ff6288,2,1,0.5,1.0,6,0.5,,,
5f5cc1f0-0b7a-460e-9a88-dab4b8637693,1,0,0.0,1.0,3,0.3333333333333333,,,
25ca4e3a-0398-4507-9428-d8f334a719d9,2,0,0.0,1.0,6,0.25,,,
68b952dd-c529-4cfc-954c-5399cc053e6d,1,0,0.0,2.0,3,0.3333333333333333,,,
2db0827c-09c6-4814-97c2-a66514f982a4,13,5,0.38461538461538464,2.076923076923077,41,0.4,0.38461538461538464,0.0,L
f6490a43-2b75-4f62-b0eb-def8e5fd32c0,8,1,0.125,1.875,24,0.2,0.125,0.0,L
920b57b0-21cf-4831-bcfa-cd6f4b157ec6,16,8,0.5,1.0,48,0.5,0.5,1.0,H
fa18fc57-256f-41b0-b700-679648cf9792,2,0,0.0,3.0,6,0.25,,,
fef47797-ab54-419e-9db2-28c6f0df18c3,2,2,1.0,0.0,6,0.75,,,
520a9595-d07b-4f6b-9366-9cb75041221b,68,24,0.35294117647058826,1.0588235294117647,204,0.35714285714285715,0.35294117647058826,0.0,L
017fa236-1824-4d83-ae70-0483d726943b,1,0,0.0,1.0,3,0.3333333333333333,,,
296ae0e4-5039-4a4c-b04a-6bf89844de5c,31,8,0.25806451612903225,1.1612903225806452,93,0.2727272727272727,0.25806451612903225,0.0,L
ad76b167-0645-4f63-a975-c761d4ed7085,4,1,0.25,0.75,12,0.3333333333333333,0.25,0.0,L
9a1ee28c-a43b-45ae-81b7-83d5253db0ec,2,0,0.0,1.5,6,0.25,,,
db5bdb05-9211-48bc-bbcf-9aa6a47cbaa1,1,0,0.0,1.0,3,0.3333333333333333,,,
00137f7d-b521-479a-ba16-f2b33c564b0d,1,0,0.0,2.0,3,0.3333333333333333,,,
0f1882d3-6ea4-4da4-a305-7db12812dde3,1,1,1.0,0.0,3,0.6666666666666666,,,
a8ebf1c8-81fb-418f-8666-28ed32ba911c,2,0,0.0,1.0,6,0.25,,,
dcd2deb0-06cb-4387-9167-1057ae7a1f1d,2,2,1.0,0.0,6,0.75,,,
728f05ff-0450-4b92-8a7e-9b8e3b1f80dd,5,3,0.6,0.6,17,0.5714285714285714,0.6,1.0,H
0410dd0d-dcb7-41b1-91dc-03097ae7fda9,2,0,0.0,1.0,6,0.25,,,
1e993315-8c99-4f4c-9016-e57cfb118432,5,1,0.2,1.4,16,0.2857142857142857,0.2,0.0,L
b5ba20d3-0e51-4af7-92f6-3c16ce04f7ea,9,5,0.5555555555555556,0.6666666666666666,27,0.5454545454545454,0.5555555555555556,1.0,H
2b7ef5ec-c116-4a82-a1ff-8b8ec197eead,1,1,1.0,0.0,3,0.6666666666666666,,,
91c63f48-8af6-4171-8d36-33053db827dc,2,0,0.0,2.0,6,0.25,,,
9e0798d9-e66a-441c-878e-d61dd85afae8,5,2,0.4,1.0,17,0.42857142857142855,0.4,0.0,L
8249d780-83fc-4df4-b43e-25d220b2bd11,1,0,0.0,1.0,4,0.3333333333333333,,,
ca890399-84d5-4fed-aa2e-5113acafcba9,2,0,0.0,1.5,6,0.25,,,
b8d487ce-b499-466d-9138-1102556716e8,1,0,0.0,1.0,3,0.3333333333333333,,,
b496d823-0452-4617-9dcc-0f2f29448835,2,1,0.5,1.0,7,0.5,,,
8befbc88-6a12-4ef7-b3e9-dca63d66007c,3,1,0.3333333333333333,2.0,9,0.4,0.3333333333333333,0.0,L
04be3ac0-913c-4ca9-b822-03ffa1741ad7,4,2,0.5,1.0,12,0.5,0.5,1.0,H
c547ec07-565c-4072-b0ca-d49ca5f4ca6e,1,1,1.0,0.0,3,0.6666666666666666,,,
07ef9a46-f85a-4dd5-8071-1865999ea35d,4,0,0.0,4.25,15,0.16666666666666666,0.0,0.0,L
5dba39f0-bf7c-4908-8da2-4e3a281d2f2b,1,0,0.0,4.0,3,0.3333333333333333,,,
56916028-db43-4c8a-82c8-7a217c042cfe,13,4,0.3076923076923077,1.4615384615384615,41,0.3333333333333333,0.3076923076923077,0.0,L
5dcf72ce-f44e-464b-85e8-e44489784c6a,3,0,0.0,2.0,9,0.2,0.0,0.0,L
efbbd4ee-0139-4baf-b504-9cad6b7f039f,1,1,1.0,0.0,3,0.6666666666666666,,,
ef02f848-6abe-44aa-9609-98f6749d2705,3,1,0.3333333333333333,0.6666666666666666,9,0.4,0.3333333333333333,0.0,L
bbd92e2f-8db2-4394-89a0-c3b77aa28677,8,2,0.25,1.875,24,0.3,0.25,0.0,L
484ee02f-4ecf-403f-867f-2a77232015d2,4,2,0.5,1.5,13,0.5,0.5,1.0,H
63d989e8-a42a-46e1-a66a-19703f154c4d,2,0,0.0,1.5,6,0.25,,,
f870cc21-9d4f-4c52-8d6c-53b1b879e67a,1,0,0.0,3.0,3,0.3333333333333333,,,
d52a6159-41d7-46df-8c1e-961d0814d073,14,5,0.35714285714285715,1.1428571428571428,42,0.375,0.35714285714285715,0.0,L
25bc8f5a-632c-4207-8533-bc14babde9c8,1,0,0.0,1.0,3,0.3333333333333333,,,
654422f1-4341-4d0f-b50e-ca432aceb859,40,18,0.45,0.75,122,0.4523809523809524,0.45,1.0,H
20a8097f-9e10-4a59-ba62-ae1319ba95d4,3,1,0.3333333333333333,2.0,9,0.4,0.3333333333333333,0.0,L
65ee3d2a-2b98-482e-899f-ff7e40a3f596,11,3,0.2727272727272727,1.1818181818181819,34,0.3076923076923077,0.2727272727272727,0.0,L
77161841-4be2-4f79-8f08-b457b4177ff4,4,0,0.0,3.25,13,0.16666666666666666,0.0,0.0,L
cc634fed-18d1-4e83-a424-af8616dfd630,3,0,0.0,1.3333333333333333,10,0.2,0.0,0.0,L
71ae0828-b7c9-45ba-9f63-79230cb5544d,1,0,0.0,2.0,3,0.3333333333333333,,,
f5e6d187-6c92-4a37-8f74-592d82a4206a,1,1,1.0,0.0,3,0.6666666666666666,,,
b1721dde-c629-4049-8920-cad0f69041b5,1,0,0.0,1.0,3,0.3333333333333333,,,
2d75ff6b-b514-4ae7-b289-2519bf405a2d,8,0,0.0,3.0,24,0.1,0.0,0.0,L
317394b2-c91f-4fb6-8ada-664cf1ad25c9,4,1,0.25,2.0,13,0.3333333333333333,0.25,0.0,L
a70514d3-3a8d-48fd-8253-dbfb4f6e121b,1,0,0.0,2.0,3,0.3333333333333333,,,
94f81944-284c-4688-88e8-f0d8b8ab8912,4,2,0.5,1.25,12,0.5,0.5,1.0,H
b3879183-74ea-469d-8147-8d028025f179,3,0,0.0,2.3333333333333335,9,0.2,0.0,0.0,L
d6b6bb98-8892-4f06-a1ff-6f76829f0320,12,1,0.08333333333333333,1.8333333333333333,36,0.14285714285714285,0.08333333333333333,0.0,L
27e1c5c5-91f4-44ed-b229-59e3dfcb193d,1,0,0.0,1.0,3,0.3333333333333333,,,
11c3dd44-3c4b-41e0-9b49-8c8737fc8cb7,1,1,1.0,0.0,3,0.6666666666666666,,,
6a5e8c02-e7c2-4405-8c86-ef3ea472393a,1,0,0.0,1.0,3,0.3333333333333333,,,
22c16e63-814d-484d-959f-9b4aeb0be047,4,1,0.25,1.75,12,0.3333333333333333,0.25,0.0,L
056262f1-dbb8-4c53-a760-fda91f41bc8a,2,0,0.0,2.5,6,0.25,,,
ebb1521b-5dcf-4c60-94f7-a667ccf45a10,2,1,0.5,1.5,6,0.5,,,
8e807177-6285-4c0f-890d-8d2d0c208169,1,0,0.0,4.0,3,0.3333333333333333,,,
a1d63baf-fce1-47a0-baa6-ae66293b0b8b,1,0,0.0,2.0,3,0.3333333333333333,,,
725e875c-78d0-428b-88ab-9cc81ab3bda4,3,2,0.6666666666666666,0.3333333333333333,9,0.6,0.6666666666666666,1.0,H
1eda3ae9-9aab-463b-b798-9bbc69ea2a52,1,0,0.0,1.0,3,0.3333333333333333,,,
7c54066c-b151-4367-8457-151acf8f5e21,2,1,0.5,1.5,6,0.5,,,
7ef97648-2b0f-4f43-859d-30fe954b8c2d,7,2,0.2857142857142857,1.7142857142857142,24,0.3333333333333333,0.2857142857142857,0.0,L
cf1b072c-a8a6-4ad8-8e61-81314ae7a8d3,3,2,0.6666666666666666,0.3333333333333333,9,0.6,0.6666666666666666,1.0,H
4c6ced3a-1127-46c2-b169-e70c581d76d2,1,0,0.0,2.0,3,0.3333333333333333,,,
ba45ed50-43d7-42b9-8a71-7fb14aeb6a8a,1,0,0.0,2.0,3,0.3333333333333333,,,
15af6c35-c37a-48f0-9734-d9e6c9b92164,3,1,0.3333333333333333,1.6666666666666667,9,0.4,0.3333333333333333,0.0,L
37f599ea-ee2d-42dd-bceb-f9f439805044,22,4,0.18181818181818182,1.7727272727272727,66,0.20833333333333334,0.18181818181818182,0.0,L
c32ad8b3-ad44-4797-a159-ac508d9be712,1,0,0.0,1.0,3,0.3333333333333333,,,
4042caba-8c55-4f7b-a715-42babda34dd9,9,1,0.1111111111111111,1.5555555555555556,27,0.18181818181818182,0.1111111111111111,0.0,L
faf1f8a2-7922-4281-8728-ff9957a4b24f,3,2,0.6666666666666666,0.3333333333333333,9,0.6,0.6666666666666666,1.0,H
0be82b58-f2d6-4430-965a-7d4070b12dfd,1,0,0.0,1.0,3,0.3333333333333333,,,
4ee256f1-c30b-4fdb-aa54-a2e328218e08,1,0,0.0,2.0,3,0.3333333333333333,,,
b39dfe08-2873-4618-b34e-4b6f53213590,1,0,0.0,2.0,3,0.3333333333333333,,,
b65bbbf5-5f41-4769-beeb-3f639061a7d5,10,5,0.5,1.0,30,0.5,0.5,1.0,H
e42fade2-ab8e-4f6e-8b11-ad482c37e6c4,1,1,1.0,0.0,3,0.6666666666666666,,,
24f2f489-7933-4b64-946f-e20355ce8380,6,3,0.5,0.5,18,0.5,0.5,1.0,H
e6879fb2-2350-49e9-990f-078ab00da739,28,4,0.14285714285714285,1.3571428571428572,85,0.16666666666666666,0.14285714285714285,0.0,L
d6e9a7e2-b739-4ae5-9376-0527cf08f587,13,7,0.5384615384615384,0.6923076923076923,40,0.5333333333333333,0.5384615384615384,1.0,H
e8453d07-9240-49da-8cb5-2f8d79d37e51,42,15,0.35714285714285715,1.119047619047619,128,0.36363636363636365,0.35714285714285715,0.0,L
eecb0a85-29e2-4a18-91db-647503ae772b,2,2,1.0,0.0,6,0.75,,,
6f378e49-cf68-45fd-a77a-464292aa9c14,3,1,0.3333333333333333,1.0,9,0.4,0.3333333333333333,0.0,L
778c3116-738b-432e-8adf-84612a8accf8,3,0,0.0,1.0,9,0.2,0.0,0.0,L
1183786f-4e7b-40dc-ba37-a0056bb255ec,3,1,0.3333333333333333,1.3333333333333333,9,0.4,0.3333333333333333,0.0,L
db926e3e-e337-4a66-9196-d5fcba056e9e,10,6,0.6,0.5,30,0.5833333333333334,0.6,1.0,H
707cf078-4bc4-4ea6-8e90-876990387969,11,1,0.09090909090909091,1.6363636363636365,34,0.15384615384615385,0.09090909090909091,0.0,L
128c00c6-0497-4617-8341-18f12becf1b8,3,1,0.3333333333333333,1.0,9,0.4,0.3333333333333333,0.0,L
29e6ae7e-7893-420d-a8ef-a82905094843,6,2,0.3333333333333333,1.3333333333333333,20,0.375,0.3333333333333333,0.0,L
b55342dd-4ff0-4329-b35d-4fa4a267e1ce,9,2,0.2222222222222222,1.1111111111111112,27,0.2727272727272727,0.2222222222222222,0.0,L
b676ec15-abd6-4811-8c07-0e23d515b6f8,19,3,0.15789473684210525,2.210526315789474,58,0.19047619047619047,0.15789473684210525,0.0,L
27b5211c-49ca-45c6-b8fe-3b3a8692b7bf,1,0,0.0,3.0,3,0.3333333333333333,,,
766f8b82-34a3-4d1c-9c53-d8204d090a0f,1,0,0.0,2.0,3,0.3333333333333333,,,
047602ee-7a5a-410a-97e6-8e0656fa14e1,2,0,0.0,1.5,6,0.25,,,
367babc9-6826-4c3a-8fac-5c320f168ebd,1,1,1.0,0.0,3,0.6666666666666666,,,
c1a73380-2d2b-4191-9c10-824fceb795ff,12,3,0.25,0.9166666666666666,37,0.2857142857142857,0.25,0.0,L
b7d12118-b1ff-4fd0-819f-dc2955cb8dcc,5,0,0.0,2.4,15,0.14285714285714285,0.0,0.0,L
0cf9f9c0-b2d0-41a4-869a-402b7b09f501,11,2,0.18181818181818182,2.090909090909091,33,0.23076923076923078,0.18181818181818182,0.0,L
9008cc7c-b0d0-4647-a159-d41794a08484,6,4,0.6666666666666666,0.5,18,0.625,0.6666666666666666,1.0,H
e297f6fc-c8b1-4fb6-8e08-0859ac3f0997,9,1,0.1111111111111111,1.3333333333333333,28,0.18181818181818182,0.1111111111111111,0.0,L
bf5f1ccf-d5af-4c8a-acff-84fd48722e49,2,0,0.0,1.5,6,0.25,,,
6d647791-cde5-40bc-b046-9466b3ad554a,1,0,0.0,3.0,3,0.3333333333333333,,,
29a3283f-c671-4be1-839e-105e3ab026b9,3,0,0.0,2.3333333333333335,10,0.2,0.0,0.0,L
0ba6dcee-83b5-495d-81c4-c6b67d6c1f2c,1,0,0.0,1.0,3,0.3333333333333333,,,
76b8e698-883f-4838-bd81-bc26decabfd9,2,0,0.0,1.5,6,0.25,,,
c9205db3-e412-48c7-b448-86231e29489a,1,0,0.0,1.0,3,0.3333333333333333,,,
f2f8613f-0608-4158-acca-b3f2ec0cbdf0,6,2,0.3333333333333333,0.8333333333333334,18,0.375,0.3333333333333333,0.0,L
ab9e6559-6be8-48ed-ad92-b761ee62932f,6,2,0.3333333333333333,1.8333333333333333,18,0.375,0.3333333333333333,0.0,L
9109eaad-017a-46f9-91c5-231cd95d73d0,27,0,0.0,2.185185185185185,81,0.034482758620689655,0.0,0.0,L
d6d65f83-b1f8-41af-b241-b461e4da2d81,4,2,0.5,0.75,12,0.5,0.49999999999999994,1.0,H
b72003a8-2b49-47c9-928b-4d34c375f31c,5,3,0.6,0.8,18,0.5714285714285714,0.6,1.0,H
088c9291-64b5-4db6-8775-415389b45a8e,24,8,0.3333333333333333,0.9166666666666666,74,0.34615384615384615,0.3333333333333333,0.0,L
a622da87-af4f-49bf-81f3-92269b50b337,1,1,1.0,0.0,3,0.6666666666666666,,,
27649334-806a-4a39-a730-f7e832c89e55,31,9,0.2903225806451613,1.0,93,0.30303030303030304,0.2903225806451613,0.0,L
1f598596-73f3-4c84-8d5f-f041538b038e,4,2,0.5,1.5,12,0.5,0.49999999999999994,1.0,H
d20f0428-d291-4591-92c7-f35d05b9d549,2,0,0.0,2.5,8,0.25,,,
e9841197-cc58-4548-912f-211d2c3f034b,5,1,0.2,2.6,16,0.2857142857142857,0.2,0.0,L
beb256de-0d4d-4968-8758-c01dcd5d86ce,1,1,1.0,0.0,3,0.6666666666666666,,,
ab6bb42d-d9ec-40c8-9254-32af3390b39e,4,0,0.0,1.75,13,0.16666666666666666,0.0,0.0,L
2f071305-68c7-45a6-b73d-96ad9ff04152,2,1,0.5,1.0,6,0.5,,,
4dcbab26-03f1-41ce-9e8b-74ab849abe5e,7,3,0.42857142857142855,1.1428571428571428,24,0.4444444444444444,0.42857142857142855,0.0,L
5284df1d-b462-4a3a-b239-10cdb1fc564f,1,0,0.0,1.0,3,0.3333333333333333,,,
4042129a-4700-4cea-a307-ac061f33e622,1,0,0.0,2.0,3,0.3333333333333333,,,
c628c392-9ac9-4158-b1a9-66e690cde20a,1,0,0.0,2.0,3,0.3333333333333333,,,
3b979e0b-aa2a-46b6-adb5-9ee35aa2b87e,2,0,0.0,2.5,6,0.25,,,
f329fbcc-975e-438f-a63f-cf4ae77bfa91,1,0,0.0,2.0,3,0.3333333333333333,,,
fe39184c-c59d-4cbc-88b7-a063f1d0adf0,1,0,0.0,1.0,4,0.3333333333333333,,,
7b95cb97-3645-4d64-b804-ef5356901446,2,0,0.0,2.5,7,0.25,,,
2319cca2-b6b2-4d8b-ac37-b8bf59be7f84,1,0,0.0,8.0,3,0.3333333333333333,,,
eaf8cfc1-b3ad-4131-90b3-d1547e8a3127,5,1,0.2,1.0,15,0.2857142857142857,0.2,0.0,L
9a4dfc7f-3bf3-4e27-ad29-cb2d0ba36ab7,2,0,0.0,2.5,6,0.25,,,
b3bdc012-4cd6-47a8-978d-ad9502926253,4,2,0.5,0.5,12,0.5,0.49999999999999994,1.0,H
3984ceba-3552-420b-8b48-4c8fd3f2d77e,2,0,0.0,1.5,6,0.25,,,
e94d784f-d0a4-4b94-8552-2e50003ba1cf,1,1,1.0,0.0,3,0.6666666666666666,,,
4e42def0-260f-438d-8f52-a492710e38cd,6,3,0.5,0.6666666666666666,19,0.5,0.5,1.0,H
b55b8bab-2d8b-483b-bb8e-b61f92639912,2,1,0.5,0.5,6,0.5,,,
f8010720-742b-4c60-8ce5-1141085ed215,1,0,0.0,2.0,3,0.3333333333333333,,,
bb58546a-a35c-4c0a-a3d5-1b15939cc70c,8,5,0.625,0.5,24,0.6,0.625,1.0,H
8a9d78b7-5b39-4033-8829-1b5486fdba76,12,4,0.3333333333333333,0.8333333333333334,37,0.35714285714285715,0.3333333333333333,0.0,L
62fbda8b-3a3c-4417-9495-ab1ea155c554,1,0,0.0,2.0,3,0.3333333333333333,,,
51d57933-1b9e-4f83-be92-fbd91cb5ef3f,1,1,1.0,0.0,3,0.6666666666666666,,,
37369d5d-87d9-4c9c-9f26-b1e50a65f4cf,1,0,0.0,1.0,3,0.3333333333333333,,,
0a5eca2b-30e5-475e-8905-875ef97f11cd,7,2,0.2857142857142857,1.4285714285714286,21,0.3333333333333333,0.2857142857142857,0.0,L
47c8f732-74c7-4f35-a01e-6e5634dd9ad6,11,2,0.18181818181818182,1.6363636363636365,33,0.23076923076923078,0.18181818181818182,0.0,L
84cd3909-0221-4243-8cd9-707144179b47,1,0,0.0,1.0,3,0.3333333333333333,,,
9a7ee7e6-6ea5-4598-8969-d19c6d3fff4a,4,1,0.25,2.5,12,0.3333333333333333,0.25,0.0,L
3d2e2b41-ae8d-43ce-bc42-7231e3bd4fb2,1,0,0.0,1.0,3,0.3333333333333333,,,
5c5ea0de-6de1-4999-a0c9-1b5682c16582,5,2,0.4,0.6,15,0.42857142857142855,0.4,0.0,L
8d05cc63-5ac1-4820-bbd8-db567c5cce7d,7,1,0.14285714285714285,2.0,21,0.2222222222222222,0.14285714285714285,0.0,L
398f7203-f4ff-4f8d-8eee-b315ebab4ea9,10,2,0.2,1.3,30,0.25,0.2,0.0,L
df6e7d47-7c0e-4958-8bc4-4558af0ece38,18,3,0.16666666666666666,1.1111111111111112,56,0.2,0.16666666666666666,0.0,L
821aa813-6ae5-476f-8c17-127c97aa78d8,2,0,0.0,1.0,6,0.25,,,
8e4fd335-7b73-49ca-a83b-02a6d0f67d7b,3,0,0.0,2.0,9,0.2,0.0,0.0,L
932bb42d-f613-45ab-9d3c-f9703572df37,1,0,0.0,2.0,3,0.3333333333333333,,,
79d6c649-ea82-4328-aa0d-5b73586f873d,1,0,0.0,3.0,3,0.3333333333333333,,,
3aef5ec7-1121-4279-82aa-a082948707e7,1,0,0.0,2.0,4,0.3333333333333333,,,
1b7b5ff0-3442-4941-9dfa-f13728fab294,3,1,0.3333333333333333,1.0,9,0.4,0.3333333333333333,0.0,L
badc5ff1-ad0d-4379-80fd-328289d90672,2,0,0.0,1.0,6,0.25,,,
6558f261-027b-4ff7-bd4f-22f2d92254d6,1,0,0.0,2.0,3,0.3333333333333333,,,
f586ec13-466f-4714-adc1-4ecd272430e1,1,0,0.0,2.0,3,0.3333333333333333,,,
d55efb62-d7fe-4aab-9c10-f5ff6f976216,1,0,0.0,1.0,4,0.3333333333333333,,,
8711f970-09cf-4eb5-8c04-6f699e63525a,1,0,0.0,3.0,3,0.3333333333333333,,,
89e8189e-d78d-4e49-b183-c5bdb1dc0f28,6,1,0.16666666666666666,1.3333333333333333,20,0.25,0.16666666666666666,0.0,L
4ee09b50-4c66-49d9-a731-50257d2c9035,1,0,0.0,2.0,3,0.3333333333333333,,,
c73a927e-931e-4b2a-a69a-4c0ba185c5ae,4,1,0.25,1.25,12,0.3333333333333333,0.25,0.0,L
c5332f1e-28fc-4e73-93a1-96b0af050216,1,0,0.0,3.0,3,0.3333333333333333,,,
80d4e0bc-82a3-4ae9-bb8f-b1016257db6a,2,1,0.5,1.5,7,0.5,,,
16d4074c-6d87-4596-bd91-22d13498e9db,2,1,0.5,1.5,6,0.5,,,
c21ab2c7-d5dd-415a-9e73-be18b1171514,10,2,0.2,1.4,30,0.25,0.2,0.0,L
3aaec5e3-b03d-4d3c-866c-39a8e6f17954,1,0,0.0,3.0,3,0.3333333333333333,,,
460a1572-8420-4f45-ac11-1705a80c3bb6,18,7,0.3888888888888889,1.2222222222222223,54,0.4,0.3888888888888889,0.0,L
227ab3de-ccc1-4ceb-ab93-3192b8cd9c96,26,11,0.4230769230769231,1.0769230769230769,79,0.42857142857142855,0.4230769230769231,0.0,L
cf4470fc-58f0-44ac-ac9b-43a5bfd672f2,16,6,0.375,0.9375,48,0.3888888888888889,0.375,0.0,L
71782cf5-ea45-495e-9885-476b53358475,1,1,1.0,0.0,3,0.6666666666666666,,,
4aa429ce-2aa9-4453-95e2-3b943b634d44,3,1,0.3333333333333333,1.0,9,0.4,0.3333333333333333,0.0,L
151f5c53-2318-49db-9ca7-284bd91d072f,2,0,0.0,1.0,6,0.25,,,
96e47e2a-2a98-4965-a6c0-760ce9003161,1,0,0.0,2.0,3,0.3333333333333333,,,
b94c3b74-861e-4444-8855-bea591d8cc1d,9,3,0.3333333333333333,1.0,28,0.36363636363636365,0.3333333333333333,0.0,L
32dc5b90-e84a-48fd-b5f1-b7283d00fc71,2,0,0.0,2.5,6,0.25,,,
0ce51736-86ea-4f2a-b4fd-dd5ccd6c0d60,1,1,1.0,0.0,3,0.6666666666666666,,,
81ba2633-ede7-4d32-9c5d-e6b4d7525b18,1,0,0.0,2.0,3,0.3333333333333333,,,
e726dc88-3da0-4e29-8e91-ac6533070de3,1,0,0.0,2.0,3,0.3333333333333333,,,
93766f65-ac38-4f56-a2d6-432111c99926,3,0,0.0,1.3333333333333333,9,0.2,0.0,0.0,L
bf92b3f5-1ee2-4ea8-9511-05f08f8f8163,1,1,1.0,0.0,3,0.6666666666666666,,,
a41ea8c5-ea69-4ae7-86d5-e5c9f11a7601,1,0,0.0,3.0,3,0.3333333333333333,,,
62200be7-078b-4229-a239-c89da511d588,1,0,0.0,2.0,3,0.3333333333333333,,,
c7e31fb7-d10b-4220-92b8-cf42846f9ed9,7,6,0.8571428571428571,0.14285714285714285,21,0.7777777777777778,0.8571428571428571,1.0,H
a38d48c5-61ce-4a08-9e5f-a4fb7a1b51c2,12,2,0.16666666666666666,1.3333333333333333,36,0.21428571428571427,0.16666666666666666,0.0,L
46c6151f-fbd7-4c7d-be14-03106d8da2ab,2,0,0.0,1.5,6,0.25,,,
944e1ad4-cd7c-4dc4-b491-3226d4e201bd,1,0,0.0,3.0,3,0.3333333333333333,,,
0d51a8c1-0392-4524-8028-15ed6ce2d258,9,2,0.2222222222222222,1.2222222222222223,28,0.2727272727272727,0.2222222222222222,0.0,L
3e07f423-b268-4915-866b-79f8a12bb00c,2,1,0.5,1.0,6,0.5,,,
f0fcb5b1-d277-4a48-ac1a-662fa0f7b43d,2,0,0.0,4.0,6,0.25,,,
61f82b9a-5f1e-41b5-b1c9-b8eda0fac276,2,0,0.0,3.0,6,0.25,,,
cbb0fdaa-7150-4bbf-973f-6c1082b451eb,6,1,0.16666666666666666,2.5,18,0.25,0.16666666666666666,0.0,L
bd18a07e-c419-463f-a9e1-37e2e48c3cd0,14,5,0.35714285714285715,1.1428571428571428,44,0.375,0.35714285714285715,0.0,L
e897b0c4-f2f6-436d-baa7-994654e25dc1,2,1,0.5,0.5,7,0.5,,,
ea4df4fa-a9a6-4103-9593-c475d30b9db8,15,4,0.26666666666666666,1.2,47,0.29411764705882354,0.26666666666666666,0.0,L
02539162-8c5e-467e-a881-cb1d6046c8ce,12,0,0.0,2.8333333333333335,36,0.07142857142857142,0.0,0.0,L
bc928cb0-d7b8-4024-b895-8ffce760efa3,5,2,0.4,0.6,15,0.42857142857142855,0.4,0.0,L
d6d4cd79-2b13-4c12-881f-cbf6e43d7f9d,12,4,0.3333333333333333,1.0833333333333333,36,0.35714285714285715,0.3333333333333333,0.0,L
5fde988d-2223-4358-92c0-62b5e4fd8426,4,0,0.0,2.5,12,0.16666666666666666,0.0,0.0,L
f8d06c1b-39b1-4140-8981-c60e19910873,1,0,0.0,2.0,3,0.3333333333333333,,,
ca97c9ce-f289-47d6-9995-7b1f002cf96d,5,2,0.4,0.6,15,0.42857142857142855,0.4,0.0,L
f538ed32-c613-47dc-98a7-e691190810d6,5,2,0.4,0.8,15,0.42857142857142855,0.4,0.0,L
18ad4fad-41ce-4180-8e8c-a92c6df15692,1,0,0.0,2.0,3,0.3333333333333333,,,
19bfe1ec-01f3-4dff-86b2-dfdfe3dbde0c,4,2,0.5,1.0,12,0.5,0.5,1.0,H
1d0ef623-d4bf-426e-ba11-c0bc87fe8981,1,1,1.0,0.0,3,0.6666666666666666,,,
b3ea6cb3-042f-4a05-84ae-e1a886273f90,4,0,0.0,1.75,12,0.16666666666666666,0.0,0.0,L
a65808c4-30ce-4948-8eb4-2a5dd6f65e17,1,0,0.0,1.0,3,0.3333333333333333,,,
45d61035-3ecf-48d1-8c7d-48cb47c5a5b5,7,3,0.42857142857142855,1.0,21,0.4444444444444444,0.42857142857142855,0.0,L
3ba5af67-28f6-4a29-a002-f86df73b2839,7,3,0.42857142857142855,0.8571428571428571,21,0.4444444444444444,0.42857142857142855,0.0,L
828250ec-9eed-4852-bb6e-20b5cc0f927d,2,0,0.0,1.5,6,0.25,,,
4ea92b74-ebe5-4280-8a29-a1127a16c55e,3,1,0.3333333333333333,1.3333333333333333,9,0.4,0.3333333333333333,0.0,L
f93bc309-1bfc-4bc8-9704-ac8c15f5e382,9,1,0.1111111111111111,2.3333333333333335,27,0.18181818181818182,0.1111111111111111,0.0,L
c720c5b8-8d48-473c-bc32-e8253b96852e,1,0,0.0,2.0,3,0.3333333333333333,,,
a3572a0e-24bf-462b-9541-12e08bfd99da,4,1,0.25,1.0,12,0.3333333333333333,0.25,0.0,L
f36c6b4b-df57-4572-b563-8fe952d50fe2,3,2,0.6666666666666666,0.3333333333333333,9,0.6,0.6666666666666666,1.0,H
e57cd200-f995-45d8-bfd0-77a707b1b752,1,0,0.0,2.0,3,0.3333333333333333,,,
053e5f48-5366-4f8f-b14a-04a9d0d8d772,7,3,0.42857142857142855,1.4285714285714286,21,0.4444444444444444,0.42857142857142855,0.0,L
dd16cd3c-2a2a-43a1-8fbe-516e0e7fefbb,5,4,0.8,0.2,15,0.7142857142857143,0.8,1.0,H
8d99e707-288a-4f2a-84d2-e909555ea35d,9,1,0.1111111111111111,2.888888888888889,28,0.18181818181818182,0.1111111111111111,0.0,L
c90a30b4-438c-401b-b5e6-c5e3c2d94594,4,0,0.0,1.75,12,0.16666666666666666,0.0,0.0,L
f962c3f7-795c-4547-85c7-0716a36899e4,1,0,0.0,1.0,3,0.3333333333333333,,,
a3c33349-cef9-4523-b9b8-246525b57383,2,0,0.0,1.0,6,0.25,,,
755597af-1e0c-4276-8812-c1159c017f5c,1,1,1.0,0.0,3,0.6666666666666666,,,
44c9d36a-945e-4774-8dc9-ec3a81d18393,1,0,0.0,2.0,3,0.3333333333333333,,,
4e439fb4-53ac-418b-b01c-b8280e133317,1,0,0.0,4.0,3,0.3333333333333333,,,
b861f647-3251-432a-8051-1cb8cb721b68,7,1,0.14285714285714285,2.2857142857142856,21,0.2222222222222222,0.14285714285714285,0.0,L
3acad00e-38b7-44f2-bda2-b278cbb7b932,6,3,0.5,0.8333333333333334,18,0.5,0.5,1.0,H
42422dcd-3c3d-4104-8b85-0a110ed96e5b,1,0,0.0,1.0,3,0.3333333333333333,,,
6d4b0335-0b61-4dda-8609-514697bba336,2,1,0.5,1.0,6,0.5,,,
fbdeaeb5-3199-43de-ba60-a395549c6937,2,0,0.0,2.0,6,0.25,,,
424301df-4ac0-4403-a718-ce3baf345c44,1,0,0.0,8.0,3,0.3333333333333333,,,
cb57bcf8-615b-48f3-93a3-2884276853e2,5,2,0.4,0.6,15,0.42857142857142855,0.4,0.0,L
0d6f9d31-6434-4fc3-962e-533440d63c39,7,2,0.2857142857142857,1.0,21,0.3333333333333333,0.2857142857142857,0.0,L
aa1c1e8e-2851-48c2-91cf-cc245fdbf39e,2,1,0.5,0.5,6,0.5,,,
f98a6658-5655-459d-882a-16862087915e,5,1,0.2,1.0,15,0.2857142857142857,0.2,0.0,L
8eaeb148-22de-40ef-a444-1b8a7238a0eb,3,2,0.6666666666666666,0.3333333333333333,9,0.6,0.6666666666666666,1.0,H
2fd65e5e-472b-4813-921b-7255488ee111,1,0,0.0,1.0,3,0.3333333333333333,,,
32e3b73a-39f7-49a0-aeb4-80790cd821f3,1,0,0.0,2.0,3,0.3333333333333333,,,
0077063f-8a93-455d-a613-66a52086c1fd,1,0,0.0,2.0,3,0.3333333333333333,,,
c7c57f44-6c33-4122-87f1-26c5dbd479de,1,0,0.0,3.0,3,0.3333333333333333,,,
f46a4b94-b321-4d3b-ac2a-4f1a31b55c10,8,2,0.25,1.25,24,0.3,0.25,0.0,L
eea6ed70-c82d-427b-9afc-4adc4f963224,3,1,0.3333333333333333,2.0,10,0.4,0.3333333333333333,0.0,L
d1e3eebd-1711-4624-abfe-9a03e9dba771,2,0,0.0,1.5,6,0.25,,,
6d552762-7a62-46f3-8e05-222e0c5505f2,9,2,0.2222222222222222,1.3333333333333333,28,0.2727272727272727,0.2222222222222222,0.0,L
a9df6f7a-7396-4f65-a3fd-c507abe9c310,1,0,0.0,4.0,3,0.3333333333333333,,,
15058504-75e8-4742-a29b-0829b70f91ef,1,1,1.0,0.0,3,0.6666666666666666,,,
4b525fb6-f3b7-4b98-9454-d5db7715b565,7,2,0.2857142857142857,1.5714285714285714,21,0.3333333333333333,0.2857142857142857,0.0,L
43f36e6f-abcb-4429-96bf-810d2867a6ab,1,0,0.0,2.0,3,0.3333333333333333,,,
988ebaae-3751-411d-a9f3-b1ac92762563,3,1,0.3333333333333333,2.0,9,0.4,0.3333333333333333,0.0,L
a0f04a15-f9d8-45ff-85ee-028eaf6a30e0,1,1,1.0,0.0,3,0.6666666666666666,,,
66fefcc2-fc2a-4871-a9db-7cf7496c25a8,1,1,1.0,0.0,3,0.6666666666666666,,,
ad1afce1-132a-4c61-a9d0-a26e04558dc1,1,0,0.0,1.0,3,0.3333333333333333,,,
99d5d664-ebda-4ced-bf12-ecf6e1c4c388,2,0,0.0,1.0,6,0.25,,,
c4b4dbbb-eaef-4b67-b9f6-515b6cac519e,1,0,0.0,4.0,3,0.3333333333333333,,,
2e5516b3-014c-4810-b286-380802dddc7e,5,0,0.0,3.0,16,0.14285714285714285,0.0,0.0,L
3b36dcf1-3437-4000-a29d-f9c03dd1e5c5,5,0,0.0,2.8,15,0.14285714285714285,0.0,0.0,L
a13f3db2-6318-4bad-8d73-5a75b47692a2,2,1,0.5,0.5,6,0.5,,,
b408dc21-e56e-46b0-a491-35321eb44a30,5,3,0.6,0.4,15,0.5714285714285714,0.6,1.0,H
0dccd3fc-5571-4c39-9671-d0c12ab4429f,1,0,0.0,3.0,3,0.3333333333333333,,,
e58a4589-d417-4c72-aff1-8882b4dfa805,10,2,0.2,1.2,30,0.25,0.2,0.0,L
bab4cf56-9a84-476e-bdef-0f30f425cd87,6,1,0.16666666666666666,0.8333333333333334,19,0.25,0.16666666666666666,0.0,L
8768422b-9d1c-4b56-a89d-645558dafd59,4,2,0.5,0.5,12,0.5,0.49999999999999994,1.0,H
49c073c7-45e7-40ae-9767-12c0005dc144,4,2,0.5,0.75,12,0.5,0.49999999999999994,1.0,H
71413e7f-e8b9-4b94-b748-582c7a964a83,2,0,0.0,3.0,6,0.25,,,
028a7b42-207f-4abb-847e-36df15e28ef7,5,0,0.0,2.2,15,0.14285714285714285,0.0,0.0,L
d9b5f18c-1fe6-4ebe-b5d6-d86b92665da3,1,0,0.0,2.0,3,0.3333333333333333,,,
4802acde-e702-462f-a2e7-c78a842d0917,1,1,1.0,0.0,3,0.6666666666666666,,,
0c1fd1bf-2161-4e1c-bf5c-1fa7b0829725,1,1,1.0,0.0,3,0.6666666666666666,,,
bc047825-7589-4de6-9f1d-331bed6c27ac,2,1,0.5,0.5,6,0.5,,,
03208283-4359-4431-8ca2-87db664e4558,6,2,0.3333333333333333,0.8333333333333334,19,0.375,0.3333333333333333,0.0,L
a914f287-323e-4dbb-933a-a54788f66d0f,1,0,0.0,3.0,3,0.3333333333333333,,,
1c272ac6-f12e-4bdd-bb9d-4341c3d4dfcf,1,0,0.0,2.0,3,0.3333333333333333,,,
76b1212b-3111-413f-bc31-c401d8f6e618,4,0,0.0,1.75,12,0.16666666666666666,0.0,0.0,L
2a360b2c-e96b-420c-b6f4-dfa25fed8366,1,0,0.0,2.0,3,0.3333333333333333,,,
c1aa8ade-8380-437f-aa48-6d97bca436d4,1,0,0.0,1.0,3,0.3333333333333333,,,
3e484f5b-fcaa-4d28-af07-771ded3d7418,2,2,1.0,0.0,6,0.75,,,
f8f7b881-f5be-4764-a118-26713f6b31ac,3,2,0.6666666666666666,0.6666666666666666,9,0.6,0.6666666666666666,1.0,H
03d34e05-8e7f-4420-8645-1cb559a20f03,2,0,0.0,1.5,6,0.25,,,
9f1e2ff9-2ddb-4c6e-84af-1df27aaee34b,3,0,0.0,2.0,9,0.2,0.0,0.0,L
b1cbfccc-3371-48bd-bdf1-9553df4816cb,2,0,0.0,2.5,6,0.25,,,
ce5d203e-5922-4701-bb25-91cbdf490078,2,0,0.0,1.0,6,0.25,,,
7704a59f-7e96-4484-a01f-38450eaa7283,2,1,0.5,1.0,7,0.5,,,
1c624220-e4a8-4125-8b10-59c0a83e5501,1,0,0.0,1.0,3,0.3333333333333333,,,
2fd26c65-f707-4ee5-912f-284ba75d673d,1,0,0.0,2.0,3,0.3333333333333333,,,
9aa13ead-a9fc-4b73-958c-42810ea4df12,2,0,0.0,1.0,6,0.25,,,
ca5404b6-b4ab-46a0-a42b-6f8f9963db00,1,0,0.0,3.0,3,0.3333333333333333,,,
4865dc11-f056-49ac-9a3a-1eda89632508,10,6,0.6,0.7,30,0.5833333333333334,0.6,1.0,H
b39a9532-67e2-491d-9021-f6346ca4c8f1,1,0,0.0,1.0,3,0.3333333333333333,,,
a69dcf38-dc9f-41e3-be8d-851f15094f41,10,3,0.3,0.9,30,0.3333333333333333,0.3,0.0,L
deae0dc8-1d4a-4e32-b4b4-21b3cd1daafe,2,1,0.5,0.5,6,0.5,,,
7663c516-873d-41d2-9ae6-6ad9ac0ef9d0,5,0,0.0,2.2,17,0.14285714285714285,0.0,0.0,L
68f4effa-0520-4a50-bf98-0d56bff0ad52,1,0,0.0,4.0,4,0.3333333333333333,,,
b126bb17-4a99-46d9-8c29-0f7293ebce89,1,0,0.0,1.0,3,0.3333333333333333,,,
a3a0999b-3486-4f5b-a1a8-54d5c4021c3e,9,3,0.3333333333333333,0.7777777777777778,27,0.36363636363636365,0.3333333333333333,0.0,L
f439e9f6-b801-4201-bd49-44eef133abb2,4,0,0.0,2.0,13,0.16666666666666666,0.0,0.0,L
2b52964f-21a9-498c-bde9-70aff766a7f1,1,1,1.0,0.0,3,0.6666666666666666,,,
a3aa26b2-2cf1-47ff-bbc3-9775d0f1b589,3,2,0.6666666666666666,0.3333333333333333,9,0.6,0.6666666666666666,1.0,H
9e8b540c-8761-4f72-aa40-3c3bf7888bbd,1,0,0.0,1.0,3,0.3333333333333333,,,
3115df01-f5d9-4988-afea-d8642733f6fc,4,1,0.25,0.75,12,0.3333333333333333,0.25,0.0,L
8bab28b1-8398-410e-b389-e8078b710f66,2,0,0.0,1.5,6,0.25,,,
23b12732-f38f-44a6-a552-4218e7821737,1,1,1.0,0.0,3,0.6666666666666666,,,
9af01120-8f0d-4bb3-9214-c2404dd534ce,5,1,0.2,1.2,15,0.2857142857142857,0.2,0.0,L
a74a49d2-6cd4-4695-9487-e6e6901ce84a,2,0,0.0,1.5,6,0.25,,,
f25b706a-58c3-42c3-a2eb-f757cc3f8004,1,0,0.0,1.0,3,0.3333333333333333,,,
89e88343-58bb-43bf-899d-ca5672a0171d,1,0,0.0,2.0,3,0.3333333333333333,,,
bd59ad6d-c7df-4345-9464-d97d3aa67a60,2,0,0.0,1.5,6,0.25,,,
74afe755-1322-4bbe-939f-1103fed9eb84,4,2,0.5,0.5,12,0.5,0.49999999999999994,1.0,H
5c598517-d199-47ee-b879-193ab6f0dfe3,1,0,0.0,5.0,3,0.3333333333333333,,,
05d2473a-8853-45c8-9a92-9ec81969e79c,7,2,0.2857142857142857,1.5714285714285714,21,0.3333333333333333,0.2857142857142857,0.0,L
8e086d94-5255-460f-b022-540ba7e6232c,8,3,0.375,1.25,24,0.4,0.375,0.0,L
e56c9cc2-3f52-4be0-9375-f1c54f738589,3,3,1.0,0.0,9,0.8,1.0,1.0,H
772aff12-23c5-4939-92d8-8d05ff2ce5d9,1,0,0.0,1.0,3,0.3333333333333333,,,
1cba503e-46a5-4b78-87a6-1beefd5f41ab,7,0,0.0,2.2857142857142856,22,0.1111111111111111,0.0,0.0,L
608175fd-2f8a-4c9b-a1ab-c1cf6965fe3b,7,3,0.42857142857142855,1.1428571428571428,21,0.4444444444444444,0.42857142857142855,0.0,L
9efc4e4f-6078-4bb8-9fcb-46607f51cd16,1,1,1.0,0.0,3,0.6666666666666666,,,
81b455bf-fd62-46e6-98f4-9db883e0440b,1,0,0.0,1.0,3,0.3333333333333333,,,
e731c691-587a-4f4c-95f3-f1a5e96cf7ac,2,0,0.0,1.0,6,0.25,,,
703197a8-1693-46d2-b534-abc935a4927a,6,2,0.3333333333333333,1.0,18,0.375,0.3333333333333333,0.0,L
844d42b5-d1a9-4f0f-88fb-5b2d71bde6fe,1,0,0.0,2.0,3,0.3333333333333333,,,
3b234a82-4b15-4d99-9d26-3ed2b193f0c8,1,0,0.0,1.0,3,0.3333333333333333,,,
2640a5bd-c8b6-4853-b5c4-11841b9c85ce,1,0,0.0,1.0,3,0.3333333333333333,,,
789a829a-7253-4335-a089-e64006a4f0a9,1,0,0.0,2.0,3,0.3333333333333333,,,
0dc5fc49-d2f4-44a5-bb34-40e1b565c6ec,1,1,1.0,0.0,3,0.6666666666666666,,,
ee246a8a-cf48-47f9-a367-4a922168d193,1,0,0.0,1.0,3,0.3333333333333333,,,
b1e356d3-5e84-4cee-a293-f0699798344a,2,0,0.0,1.0,6,0.25,,,
94d37f30-c4c6-459b-bfb1-a234ecf1ef1f,3,0,0.0,2.3333333333333335,10,0.2,0.0,0.0,L
5f7efd6a-91ce-4b0d-a6a7-6c806b769393,1,0,0.0,2.0,3,0.3333333333333333,,,
4d41f7a4-2074-4fc9-b46b-ea6ae7a50dd8,1,0,0.0,1.0,3,0.3333333333333333,,,
594c2b92-3e3a-49c1-8500-5806b43ee83d,3,1,0.3333333333333333,1.3333333333333333,9,0.4,0.3333333333333333,0.0,L
b75a865d-f501-4f78-b78b-a53573d03077,5,3,0.6,0.8,15,0.5714285714285714,0.6,1.0,H
18030cfd-af10-49de-8478-2908e41605b4,13,5,0.38461538461538464,1.2307692307692308,40,0.4,0.38461538461538464,0.0,L
12ba2780-6069-4d0c-a833-d216e1f6997b,4,0,0.0,2.5,12,0.16666666666666666,0.0,0.0,L
32c502f3-ae23-44c5-90fd-d6426148999d,2,0,0.0,2.0,6,0.25,,,
9341b3a9-7e9c-46df-b2d4-c9014437f6ea,2,0,0.0,3.5,6,0.25,,,
06ed93d8-8afd-477c-9292-4199d2b600c9,1,0,0.0,2.0,3,0.3333333333333333,,,
d2365416-7edb-4790-a657-29b6ed51d8f3,9,4,0.4444444444444444,1.0,27,0.45454545454545453,0.4444444444444444,1.0,H
00a763e4-f8ad-4406-92c6-c3fcadc87656,2,0,0.0,2.0,6,0.25,,,
653a0c5c-7ceb-442b-b773-f2622a8a6496,4,3,0.75,0.25,12,0.6666666666666666,0.75,1.0,H
9cc6da6d-1afc-4185-b449-c26da7528dd2,1,1,1.0,0.0,3,0.6666666666666666,,,
40277dfe-59bd-4db6-ae35-c0579e99b7b7,1,0,0.0,2.0,3,0.3333333333333333,,,
30b297b2-f5ce-47de-bbbf-39803a1ba8ea,2,1,0.5,0.5,6,0.5,,,
5dc5632a-0e45-46f9-95e4-7b108b5ae153,1,0,0.0,2.0,3,0.3333333333333333,,,
43e2ecdf-dd5d-4759-8828-8670f0135f49,1,0,0.0,3.0,3,0.3333333333333333,,,
526de1c7-7699-4e85-8c4b-1975d09cf266,1,1,1.0,0.0,3,0.6666666666666666,,,
220aed92-43e3-4a84-a4c7-bd926ae6b965,1,0,0.0,2.0,3,0.3333333333333333,,,
c2b9be50-8730-4f4b-8532-6707ce03aa42,1,1,1.0,0.0,3,0.6666666666666666,,,
cf52ae8d-4448-41d5-aea3-ba2769f9bc59,4,1,0.25,1.0,12,0.3333333333333333,0.25,0.0,L
d6d24717-bd19-457e-a97b-be185cc6f0a1,4,0,0.0,1.5,12,0.16666666666666666,0.0,0.0,L
198a7073-7aa6-4b50-b29e-2b34dbf06b20,3,1,0.3333333333333333,1.0,9,0.4,0.3333333333333333,0.0,L
3d48bd30-b977-4ff8-bf00-8039a4c12aff,1,0,0.0,2.0,3,0.3333333333333333,,,
b6374295-2d1b-4d0d-a1ca-b323435b641d,2,2,1.0,0.0,6,0.75,,,
885fd1c3-fb77-4dd0-83c8-00d85a682e64,2,0,0.0,1.5,6,0.25,,,
c33b052e-d00f-4072-bf83-28ce9a48e97c,2,1,0.5,0.5,6,0.5,,,
782e0f24-b450-4406-8a15-0ccef226ac2e,1,0,0.0,3.0,3,0.3333333333333333,,,
3f873b9b-a1ce-447b-a603-5954b68a9a9a,5,0,0.0,2.6,15,0.14285714285714285,0.0,0.0,L
be4feebd-25bc-43c8-96d9-6bf014d79184,1,0,0.0,2.0,3,0.3333333333333333,,,
75fa3d9d-8b49-40b8-ae7a-9e0a04457d43,8,2,0.25,1.375,25,0.3,0.25,0.0,L
5a6fd1f9-1a9b-4b38-81d4-183a094cc3e0,5,2,0.4,2.2,15,0.42857142857142855,0.4,0.0,L
5740a85e-404a-4dcb-abca-70f9fde551d0,1,0,0.0,2.0,3,0.3333333333333333,,,
ade595ec-c5af-4d96-86a8-f6b05c563cbe,5,3,0.6,0.6,15,0.5714285714285714,0.6,1.0,H
4bfa1f58-da3d-4593-90a6-5206a7e7d19d,1,0,0.0,2.0,3,0.3333333333333333,,,
645752e9-cb58-4649-82e7-705d6fd691ff,4,0,0.0,1.25,12,0.16666666666666666,0.0,0.0,L
0d8c8da0-873b-46f8-8f55-0628233fc24f,1,1,1.0,0.0,3,0.6666666666666666,,,
c2a0ca8b-a54f-45e1-9cad-6ff84886f0f4,3,0,0.0,2.3333333333333335,9,0.2,0.0,0.0,L
e0326d49-c0cc-401b-b245-42cf751a1b1e,1,1,1.0,0.0,3,0.6666666666666666,,,
4ecbd14f-a99c-4380-ad0c-58239ef5d5e9,2,0,0.0,2.0,6,0.25,,,
9abde85c-c8ca-42f7-b01d-c1572dbf4cea,1,0,0.0,2.0,3,0.3333333333333333,,,
42d0722e-c480-4cc0-abe1-c795f6ca347e,5,0,0.0,2.4,16,0.14285714285714285,0.0,0.0,L
830fe348-6e79-49fc-a61b-7acec7d0ff7a,7,3,0.42857142857142855,1.1428571428571428,22,0.4444444444444444,0.42857142857142855,0.0,L
ae7e5173-818a-45e4-8624-63f3c1afb8b9,3,0,0.0,2.0,9,0.2,0.0,0.0,L
b6d67d2f-57dd-4bbf-b3cc-20b0188c6390,3,2,0.6666666666666666,0.3333333333333333,9,0.6,0.6666666666666666,1.0,H
937cb8c7-a37b-468e-bb63-c4d45b9d5899,1,0,0.0,4.0,3,0.3333333333333333,,,
8924f153-47b5-430d-95b3-d61ba03ce82a,4,0,0.0,1.25,13,0.16666666666666666,0.0,0.0,L
35d1c824-ae54-441f-8630-76cec126577d,1,0,0.0,2.0,3,0.3333333333333333,,,
dd529007-4e23-44a8-a804-8e44c1d98aa4,4,0,0.0,1.75,13,0.16666666666666666,0.0,0.0,L
496af00e-5e5e-4685-a21f-bec87d221d1c,3,0,0.0,2.3333333333333335,10,0.2,0.0,0.0,L
abe78485-899e-457d-ac05-1ad72d460b31,5,3,0.6,0.4,16,0.5714285714285714,0.6,1.0,H
9e6387fb-5411-4cb2-9998-4da39f87f259,3,0,0.0,2.3333333333333335,9,0.2,0.0,0.0,L
580c3c5a-5bdd-413d-b87e-d028634477af,1,0,0.0,2.0,3,0.3333333333333333,,,
190fc2fc-83fe-4b8f-a32a-5dc06f96fad4,1,0,0.0,2.0,3,0.3333333333333333,,,
965ba92f-6b7d-48a5-839e-88a311205fc8,7,3,0.42857142857142855,1.5714285714285714,21,0.4444444444444444,0.42857142857142855,0.0,L
7b1c6b43-0935-46c4-a4fc-fe0b0984c0cf,1,0,0.0,3.0,3,0.3333333333333333,,,
deb4a0ca-572c-473a-827d-6e614426416e,4,3,0.75,0.25,13,0.6666666666666666,0.75,1.0,H
7368af2a-9e40-435b-8b55-a4c33ddc93b7,2,1,0.5,0.5,6,0.5,,,
8dbf1889-5d08-4872-a51d-f386840a93a8,10,0,0.0,1.4,30,0.08333333333333333,0.0,0.0,L
ae296945-87b1-44fa-99d1-006897d1b103,3,1,0.3333333333333333,0.6666666666666666,9,0.4,0.3333333333333333,0.0,L
59516309-2905-4ef5-9b26-e7274e1cc448,2,0,0.0,2.0,6,0.25,,,
092ca1dc-d5ba-4d51-a557-52570c1ccca1,3,1,0.3333333333333333,1.0,9,0.4,0.3333333333333333,0.0,L
4394dcff-476e-4bd4-8727-94ecf6215a58,3,1,0.3333333333333333,1.3333333333333333,9,0.4,0.3333333333333333,0.0,L
2a1fce91-c231-4193-981a-3c8bbcaaeea4,4,0,0.0,2.25,13,0.16666666666666666,0.0,0.0,L
4b1a33b6-aec4-49f8-9243-c9b11d72ee7d,2,2,1.0,0.0,6,0.75,,,
1402eaec-f7d2-4f4e-a04b-b4f501addac6,2,0,0.0,1.0,6,0.25,,,
737ce891-d7d2-416d-bc47-7757eb78389e,3,2,0.6666666666666666,0.3333333333333333,9,0.6,0.6666666666666666,1.0,H
fc6ce2fa-dfd9-4d81-9f48-c46bf2d79bbc,3,0,0.0,2.0,9,0.2,0.0,0.0,L
f53ff129-eb80-4bfb-9468-ff6b6630d356,3,3,1.0,0.0,10,0.8,1.0,1.0,H
5ca4e5be-dab4-4c56-9274-751aa6a8d27e,2,0,0.0,1.5,6,0.25,,,
3bb5a48c-7eff-405e-b5f0-4b9319146a47,1,0,0.0,2.0,3,0.3333333333333333,,,
00e8494c-7b8b-4219-b588-f5fc73d80494,1,0,0.0,1.0,3,0.3333333333333333,,,
d414c419-5d4e-41c1-9d96-742a8efb9b88,3,1,0.3333333333333333,1.0,9,0.4,0.3333333333333333,0.0,L
6b94223e-7436-46ae-b94a-50265b31a358,2,0,0.0,1.5,6,0.25,,,
53778217-cd0a-4112-bc82-f829c55bed4d,1,1,1.0,0.0,3,0.6666666666666666,,,
145877a3-7e72-4ca2-9fa9-d7a7d22bbefe,2,0,0.0,2.0,6,0.25,,,
8d5bb215-32f1-4ef2-878b-3af6e9f9347b,3,0,0.0,2.0,9,0.2,0.0,0.0,L
faf18084-560a-4cb3-95e2-17f827cf3337,1,0,0.0,1.0,3,0.3333333333333333,,,
e1a94cdb-f053-435c-a4e6-6fc9b05e6b78,1,0,0.0,3.0,3,0.3333333333333333,,,
e423ee56-577b-4ba5-9f88-e9eeca01b64f,2,0,0.0,1.0,6,0.25,,,
ad57c082-834a-4a48-b948-8bb9fb260354,2,1,0.5,1.0,6,0.5,,,
3c78573d-7a66-4286-ac87-3942c3bc9891,1,0,0.0,2.0,3,0.3333333333333333,,,
0de581b7-f503-412e-b006-57a9879eb13e,7,3,0.42857142857142855,0.7142857142857143,21,0.4444444444444444,0.42857142857142855,0.0,L
de75d82b-2840-483b-be77-5bb86739b81a,1,0,0.0,2.0,3,0.3333333333333333,,,
8f89d2f1-e064-4163-9cf6-520aaf0762c5,2,0,0.0,1.5,6,0.25,,,
e7b8cdd4-1eca-4595-b8b3-644af9359801,2,0,0.0,1.5,6,0.25,,,
fe9b35ae-c439-4b25-bab5-62aeb8493f0b,2,2,1.0,0.0,6,0.75,,,
b6caa748-092f-4438-b6b0-fce5e1093254,5,3,0.6,0.6,16,0.5714285714285714,0.6,1.0,H
61dec785-4ff8-463f-96be-d8ebf9f6c76b,1,0,0.0,1.0,3,0.3333333333333333,,,
8ecf861c-6118-4e46-bce5-7f07719a928e,8,0,0.0,2.25,24,0.1,0.0,0.0,L
0d6da336-8f5e-40bc-b6f4-fb144e885b46,2,0,0.0,2.0,6,0.25,,,
e723bbc2-96c9-4d37-8f01-b3d601149d33,6,1,0.16666666666666666,1.1666666666666667,18,0.25,0.16666666666666666,0.0,L
6db4288e-e664-461e-bee7-2fbb0805f58f,1,1,1.0,0.0,3,0.6666666666666666,,,
5a825a2c-5793-468c-8939-e0cb71981523,1,0,0.0,1.0,3,0.3333333333333333,,,
fc2c1fe9-f8a1-44ad-9a56-6bcfd5ebe1a0,1,0,0.0,2.0,3,0.3333333333333333,,,
40c48622-2621-47c5-b516-3f9f708beca2,3,1,0.3333333333333333,1.0,9,0.4,0.3333333333333333,0.0,L
65161972-74e9-4308-a63a-f6ede0ade7f4,3,3,1.0,0.0,10,0.8,1.0,1.0,H
413f2a7a-102d-4378-8d77-dcbc50d3d15e,2,1,0.5,1.0,6,0.5,,,
ead13218-df85-4bfc-8a0a-ea892be0a653,2,0,0.0,1.5,6,0.25,,,
77787598-a9e5-493f-b3d1-7ee9473e5869,1,1,1.0,0.0,3,0.6666666666666666,,,
9b9b4f83-d78e-44d2-900e-dd9218e0ef45,3,0,0.0,2.6666666666666665,9,0.2,0.0,0.0,L
4db91be5-30cb-40b0-b170-08f9295850a9,1,0,0.0,2.0,3,0.3333333333333333,,,
715f9e14-35f2-4d0a-b35e-91428612edde,2,0,0.0,1.5,6,0.25,,,
f06d9919-ff74-4a1c-990f-f86064094aa7,4,0,0.0,1.0,12,0.16666666666666666,0.0,0.0,L
1fd3eb74-50b0-425b-a715-1069b9aa6d5e,1,0,0.0,2.0,3,0.3333333333333333,,,
ac636d10-242f-4fa5-aa11-2b1cb44a4a77,2,1,0.5,1.0,6,0.5,,,
4f38a849-8cc9-4dc0-8d21-6462c75eb8be,2,2,1.0,0.0,6,0.75,,,
ce78a222-f529-4926-9298-0987561d3995,2,0,0.0,1.5,6,0.25,,,
922eecbb-9f2d-42c5-ba95-5d54e676e89f,1,0,0.0,2.0,3,0.3333333333333333,,,
c5854aaa-685d-4c94-9270-f9d840124abe,4,2,0.5,1.0,13,0.5,0.49999999999999994,1.0,H
ac1747c3-70ef-419c-ae23-510ae1638e7d,3,1,0.3333333333333333,1.6666666666666667,9,0.4,0.3333333333333333,0.0,L
3792620b-ed22-4aef-85e7-fc7903c0447c,8,4,0.5,1.375,25,0.5,0.49999999999999994,1.0,H
137211d0-39e1-4b11-b875-dfd7be122bd1,2,0,0.0,4.0,6,0.25,,,
cffb6bc3-aa6f-48cf-8ffd-6ea4a6d5f2f3,3,1,0.3333333333333333,0.6666666666666666,9,0.4,0.3333333333333333,0.0,L
633f8097-409f-4285-b883-b9dff97bf180,1,0,0.0,1.0,3,0.3333333333333333,,,
16f3f377-b627-4138-9c44-eeff8ef67e88,12,6,0.5,0.6666666666666666,36,0.5,0.5,1.0,H
c29645c3-7e92-4112-9874-894da9891b36,2,0,0.0,3.0,6,0.25,,,
2ce72d42-5bb6-4273-a4e4-d8ee50410cc7,2,1,0.5,1.0,7,0.5,,,
9693880f-63c3-4c01-8192-1e250dc1a69f,3,0,0.0,1.6666666666666667,9,0.2,0.0,0.0,L
648d56db-0470-4693-8845-9f6ad6877563,1,1,1.0,0.0,3,0.6666666666666666,,,
3be2e29c-264d-4651-bf44-426bdf0bc90e,1,1,1.0,0.0,3,0.6666666666666666,,,
e2b3bfe1-e589-4f7c-b982-86ad1fe5d313,1,0,0.0,1.0,3,0.3333333333333333,,,
42f394eb-54b4-44b0-b695-f069f9d931ac,1,0,0.0,2.0,3,0.3333333333333333,,,
8141157f-ac31-4a82-ac3a-bc4106a0dea9,1,1,1.0,0.0,3,0.6666666666666666,,,
2024707d-5443-4d02-b186-5b912c553036,1,0,0.0,2.0,3,0.3333333333333333,,,
ed541327-84ee-4966-812c-4ffced306555,3,1,0.3333333333333333,0.6666666666666666,9,0.4,0.3333333333333333,0.0,L
d109fb40-808b-4be0-baeb-9ee9ec11e68b,3,3,1.0,0.0,9,0.8,1.0,1.0,H
c8c1404c-d6ef-4f5e-a6f9-6798807ac279,3,1,0.3333333333333333,1.3333333333333333,9,0.4,0.3333333333333333,0.0,L
74ce27dc-ae27-40a4-801b-48aea753c54a,1,0,0.0,1.0,3,0.3333333333333333,,,
f2a5f809-b5a8-4ce9-9534-f45bb13f51a7,4,0,0.0,1.75,12,0.16666666666666666,0.0,0.0,L
3aaae529-ee3f-4752-9868-23e189eea1f1,3,2,0.6666666666666666,0.3333333333333333,9,0.6,0.6666666666666666,1.0,H
ba72fab3-7447-442e-ad23-3ff86f9b1399,1,0,0.0,1.0,5,0.3333333333333333,,,
4fb9a0a8-989c-4e11-9bc3-48906766e08c,1,0,0.0,3.0,3,0.3333333333333333,,,
b23f40c5-0206-431c-b18c-c0adba0ec138,2,0,0.0,2.0,6,0.25,,,
31de625f-20eb-4731-b73a-bf0308e55fed,5,1,0.2,1.6,15,0.2857142857142857,0.2,0.0,L
dbf40ae7-8fb4-4b68-86f5-4db2155782ae,1,0,0.0,2.0,3,0.3333333333333333,,,
b146b8bd-82b4-48a3-bdde-1e96ca0192b8,3,0,0.0,1.6666666666666667,9,0.2,0.0,0.0,L
a30d76d0-340f-4690-891e-8490f7f4422a,3,0,0.0,1.6666666666666667,9,0.2,0.0,0.0,L
99c12456-905e-4139-a1b0-b4cf238b0ffa,1,1,1.0,0.0,3,0.6666666666666666,,,
477f17d0-7a2b-4566-a9e4-860af998219d,1,0,0.0,2.0,3,0.3333333333333333,,,
7931268d-d4a5-42d2-b579-5211a2d35435,1,0,0.0,2.0,4,0.3333333333333333,,,
86c58aa3-f77f-4170-af86-1088a451e6f5,1,0,0.0,1.0,3,0.3333333333333333,,,
714094e1-484b-47d3-a347-78d0ee428d11,1,0,0.0,1.0,3,0.3333333333333333,,,
80027861-09dc-402c-ae70-fb7b5c3ee603,2,0,0.0,1.5,6,0.25,,,
b33fae6d-d8f1-4aa1-b51e-6feceea205c7,1,0,0.0,3.0,3,0.3333333333333333,,,
25561b1f-40bb-49f8-8894-b673ae655c63,2,0,0.0,1.5,6,0.25,,,
ed42425a-d930-441f-9cd9-27af440f7e7b,8,2,0.25,1.125,24,0.3,0.25,0.0,L
81d55896-21dc-48d8-b093-6e3d44cbb918,2,1,0.5,1.0,6,0.5,,,
d01a79f4-ed8d-4caf-8515-282ae4692e44,5,2,0.4,0.6,15,0.42857142857142855,0.4,0.0,L
c762ce31-3ef8-4b87-acca-edf91b66ebe1,2,0,0.0,1.5,6,0.25,,,
936c8dbf-3aef-45c7-8d04-a4424a30d5c2,2,1,0.5,0.5,7,0.5,,,
c378317c-0a33-4e4a-9cce-3c349248f3a4,5,0,0.0,2.6,15,0.14285714285714285,0.0,0.0,L
818581ee-4355-4990-9da5-8390f1e708bd,1,1,1.0,0.0,3,0.6666666666666666,,,
c03219e7-c15d-4787-a17b-f926380206ed,2,1,0.5,1.5,6,0.5,,,
23fa4689-b148-4d99-a148-b0406eda2ab6,2,0,0.0,3.0,6,0.25,,,
037269d8-e57d-42c1-9905-5f37bfc04047,2,0,0.0,2.5,6,0.25,,,
2d74fe8f-7130-48b0-91e7-8785c8b8c89e,3,1,0.3333333333333333,1.0,9,0.4,0.3333333333333333,0.0,L
c6795c2e-85c4-499d-86aa-4144d4e0476e,1,1,1.0,0.0,3,0.6666666666666666,,,
86287d7f-83ce-4ff8-afe6-85839e1b6b10,1,0,0.0,4.0,3,0.3333333333333333,,,
e8a4b9ac-9b37-445c-ba77-2f748fcdd537,2,0,0.0,2.0,6,0.25,,,
3c7b35d5-58e1-49d8-bcea-d9cc38b7d16b,1,0,0.0,1.0,3,0.3333333333333333,,,
b7144692-9cf5-4f1b-ab6a-ecbb4bac2c6f,3,1,0.3333333333333333,1.0,10,0.4,0.3333333333333333,0.0,L
364e3192-91c8-417c-9840-2c579a6a2e85,1,0,0.0,3.0,3,0.3333333333333333,,,
1daa3223-c8fa-444c-8d17-3841e1edc389,1,0,0.0,2.0,3,0.3333333333333333,,,
d4a2172f-7237-48b7-90a9-25e4852a7546,2,1,0.5,1.0,6,0.5,,,
64664f42-239b-4a02-8813-9cc776a217d0,1,0,0.0,2.0,3,0.3333333333333333,,,
a5cf9559-47f0-4fa4-b593-edd18972bf5c,1,0,0.0,1.0,3,0.3333333333333333,,,
a4d2b993-6ffb-4b58-8a2f-3dacf3f69b85,2,1,0.5,1.0,6,0.5,,,
c1b543bf-a45c-473b-a6f2-28aac7f1ffc8,5,2,0.4,1.0,15,0.42857142857142855,0.4,0.0,L
066c4092-5fc2-4e9f-a4aa-158c2a7efa19,6,1,0.16666666666666666,1.6666666666666667,19,0.25,0.16666666666666666,0.0,L
adff7fc8-ee00-4b2a-9622-f6ae4af032d3,4,1,0.25,1.75,12,0.3333333333333333,0.25,0.0,L
ead1d453-2d93-45a0-af38-d71a008bef14,3,0,0.0,2.0,9,0.2,0.0,0.0,L
b6cd9991-7d06-4765-bbc3-5fa89d67635f,3,1,0.3333333333333333,2.3333333333333335,9,0.4,0.3333333333333333,0.0,L
a3c879f2-6a7d-4c4c-911f-bade710d0419,3,0,0.0,2.0,10,0.2,0.0,0.0,L
03dba883-a850-42f4-8096-85c175d7fb38,1,0,0.0,1.0,3,0.3333333333333333,,,
0fbfb9c8-dcab-4bfc-91fe-e570e9fe8644,5,1,0.2,1.2,16,0.2857142857142857,0.2,0.0,L
ba881b00-dc13-4569-87a8-efdfda7cddb4,2,0,0.0,1.5,6,0.25,,,
f6454db6-989f-4c73-be73-a739e6c09165,5,1,0.2,1.2,15,0.2857142857142857,0.2,0.0,L
016e22dc-7840-45d3-8c9a-20088f44b5e8,1,0,0.0,2.0,3,0.3333333333333333,,,
aed34dc9-abc1-47a7-80a3-059d9b63b9ee,4,0,0.0,1.75,12,0.16666666666666666,0.0,0.0,L
7b4e01f5-04e2-4d32-87d6-aede6d80dbbb,8,7,0.875,0.125,24,0.8,0.875,1.0,H
f8eea037-5991-4129-b864-b921e8aa143d,1,1,1.0,0.0,3,0.6666666666666666,,,
e438387b-510b-42b1-b394-f809071e787c,2,2,1.0,0.0,6,0.75,,,
1caa44cc-fc71-4bf6-a28a-394a0cb7c807,1,1,1.0,0.0,3,0.6666666666666666,,,
b7b74c75-ab21-409d-95f9-448dd35be97d,1,0,0.0,1.0,3,0.3333333333333333,,,
0430641f-b1cd-43a6-b6bf-23fe26edffa9,1,0,0.0,2.0,3,0.3333333333333333,,,
d10715a8-ff6e-408d-b3d9-69500cc9459f,1,0,0.0,1.0,3,0.3333333333333333,,,
57f077c1-f36a-457d-98c8-67eb49b80137,1,0,0.0,2.0,3,0.3333333333333333,,,
1301f8fc-c2ea-4b86-87ec-0aa62526f9dd,2,0,0.0,2.0,6,0.25,,,
e25007d0-baf4-4426-b925-166742cafe16,2,1,0.5,0.5,6,0.5,,,
8e817855-5215-4bbc-a983-ddda0579ac1d,5,0,0.0,1.6,15,0.14285714285714285,0.0,0.0,L
85aa71d6-1a88-4bf8-91fa-72838a5a497f,1,0,0.0,2.0,3,0.3333333333333333,,,
651f3fa6-e132-4221-8a77-ec84345cb462,1,0,0.0,2.0,3,0.3333333333333333,,,
a63181b7-107c-4fcc-913c-6871e68a9ffe,4,2,0.5,0.75,12,0.5,0.5,1.0,H
ef1045df-2af0-4320-a73a-669fcb8930d0,3,0,0.0,1.6666666666666667,9,0.2,0.0,0.0,L
c2177139-10d6-4058-a606-0769cb26b2ef,1,0,0.0,2.0,3,0.3333333333333333,,,
5502df70-ca07-4219-a17e-4dfd552e9f8a,1,0,0.0,3.0,3,0.3333333333333333,,,
2a1780c4-582d-4eb0-9696-1e516ec5bb7e,1,0,0.0,2.0,3,0.3333333333333333,,,
b16af784-93bb-40af-935f-d58bbc1127a4,2,0,0.0,1.5,7,0.25,,,
501cf953-63fe-4f52-881d-0b61257c0b4e,1,0,0.0,1.0,3,0.3333333333333333,,,
af747761-3aab-474b-9a70-42475b10218c,1,0,0.0,2.0,3,0.3333333333333333,,,
033f2ccd-7188-4aa9-83b4-9d4f138193ae,1,0,0.0,1.0,3,0.3333333333333333,,,
80ff56fc-ad14-4217-af8a-2cd1da05cc76,1,0,0.0,1.0,3,0.3333333333333333,,,
59a78c62-6d44-497a-8923-4226dec8bbe6,3,2,0.6666666666666666,0.3333333333333333,9,0.6,0.6666666666666666,1.0,H
d880c618-a575-4e02-9f86-9c94c67388a8,3,1,0.3333333333333333,1.3333333333333333,9,0.4,0.3333333333333333,0.0,L
ad3a1b8a-b820-4878-a00e-f33cb8f3601b,3,1,0.3333333333333333,1.0,9,0.4,0.3333333333333333,0.0,L
81f4a33f-fef8-45bf-b533-a70af4ce5728,2,1,0.5,1.0,6,0.5,,,
7609e715-0c32-41cf-9bb5-8bb94a4b4955,1,0,0.0,1.0,3,0.3333333333333333,,,
1f7d6995-cd07-4a14-aed1-1531b05144f9,1,0,0.0,1.0,3,0.3333333333333333,,,
18d0accf-b52a-4ce3-b517-cdc86bb919a2,1,0,0.0,2.0,3,0.3333333333333333,,,
8e2f2d84-8cc6-4b89-83ce-2a650c3df50a,4,1,0.25,1.25,12,0.3333333333333333,0.25,0.0,L
a2758f54-4bac-4f8c-9f28-325dee13ce3e,1,0,0.0,2.0,3,0.3333333333333333,,,
44e1f246-cdce-459c-be7a-7e503ee9c124,10,2,0.2,1.2,31,0.25,0.2,0.0,L
64ac1467-96e5-4593-9eeb-69a254a5bbe0,5,1,0.2,3.8,15,0.2857142857142857,0.2,0.0,L
532f7995-0c38-4c43-ae5d-1a384b10dde8,2,0,0.0,3.0,6,0.25,,,
7fbd5085-01a6-4018-9722-0373951e0563,2,0,0.0,2.0,7,0.25,,,
69843860-f2fd-4e25-b006-1b3bc511a499,2,0,0.0,1.0,6,0.25,,,
3ba5ecb0-81f0-4b90-b124-ab84400509ce,4,4,1.0,0.0,12,0.8333333333333334,1.0,1.0,H
195c4ac4-0b44-4b24-851b-47f21db33fd5,2,0,0.0,3.5,6,0.25,,,
3d2ff8a4-df5b-45a0-8b26-df05a0578c85,1,1,1.0,0.0,3,0.6666666666666666,,,
fc393a0e-8dcf-4ae9-aad0-5b6d10e1a432,1,0,0.0,1.0,3,0.3333333333333333,,,
5496f41a-1fe4-4c54-a551-3eff54ad94f1,1,1,1.0,0.0,3,0.6666666666666666,,,
d755e2fa-9562-452f-be96-f905967743e3,16,6,0.375,1.1875,49,0.3888888888888889,0.375,0.0,L
f832c93e-ceba-4d69-b3c4-469f14ee7820,3,1,0.3333333333333333,1.0,9,0.4,0.3333333333333333,0.0,L
6139f5dc-5053-4bc3-a933-c5e082496971,1,0,0.0,1.0,3,0.3333333333333333,,,
9321be07-70a1-4e27-8083-a6af23d35e12,1,0,0.0,2.0,3,0.3333333333333333,,,
65dd2c3d-d4e9-4c50-9566-d7d00bd99140,1,1,1.0,0.0,3,0.6666666666666666,,,
08383f7f-b7ea-4217-a627-addadf094b62,1,0,0.0,1.0,3,0.3333333333333333,,,
78f37cc3-7bf1-49a8-8c7a-6c50bc695275,6,0,0.0,1.8333333333333333,18,0.125,0.0,0.0,L
2fec666f-5619-44ca-a0de-69bc050f65fa,1,0,0.0,2.0,3,0.3333333333333333,,,
9f7f0120-339f-4eba-9d6f-1728c81afa05,3,2,0.6666666666666666,0.3333333333333333,9,0.6,0.6666666666666666,1.0,H
a230a729-56b2-4fe8-8aa7-a11563173ac1,1,0,0.0,3.0,3,0.3333333333333333,,,
bb879d21-6bd1-43ee-86cd-3bcb8d05699d,1,0,0.0,3.0,3,0.3333333333333333,,,
91ee92ae-3a39-4527-8db9-89dbf919cbf7,1,0,0.0,3.0,3,0.3333333333333333,,,
480e9eaf-de20-44a9-82d1-1a1223f5e679,1,0,0.0,1.0,3,0.3333333333333333,,,
470d02ab-5b08-48b1-8816-80c9a46a6755,1,0,0.0,4.0,3,0.3333333333333333,,,
d31dc31f-ba1b-454f-9323-dfaecf76fcf9,1,0,0.0,1.0,3,0.3333333333333333,,,
4f84cf89-69de-4b77-a4f2-9397a0d7980a,1,1,1.0,0.0,3,0.6666666666666666,,,
ba894046-6fbd-469f-88b3-e5bf0137784b,2,1,0.5,0.5,6,0.5,,,
9d032ef7-0b60-4a14-9f79-b287820ce366,1,0,0.0,2.0,3,0.3333333333333333,,,
ab92a7cb-6526-4f8a-8488-cedd65ec6175,5,3,0.6,0.6,15,0.5714285714285714,0.6,1.0,H
f604fdeb-4691-4af0-ab40-662e88367d1e,1,0,0.0,3.0,3,0.3333333333333333,,,
1e036fd4-ecf7-4195-ab95-6a1d2dba3db1,2,0,0.0,2.0,6,0.25,,,
8c5be317-11a0-4e54-9d84-412e7cdae0e8,2,0,0.0,1.0,6,0.25,,,
a56d1c6e-6258-4ad1-b018-019ed6a94634,3,1,0.3333333333333333,1.3333333333333333,9,0.4,0.3333333333333333,0.0,L
3fb9275f-ed05-44b8-81ff-867b4580cbbd,3,0,0.0,2.6666666666666665,9,0.2,0.0,0.0,L
82de74cd-2eb9-4e17-b026-bc02c438a245,1,1,1.0,0.0,3,0.6666666666666666,,,
2268f0ab-aa13-4f7d-bb1d-16a33d26b4b4,1,1,1.0,0.0,3,0.6666666666666666,,,
699d24ff-6205-42c6-bbe9-117e6af38c79,1,0,0.0,4.0,3,0.3333333333333333,,,
b67bffba-1e1e-4345-92a5-1f9c3bb3d8a1,1,0,0.0,2.0,3,0.3333333333333333,,,
3e6f1224-5b27-4116-bf46-7771aad0a0f7,1,0,0.0,1.0,3,0.3333333333333333,,,
03c58105-4aa6-4129-8ad0-d35bd5dfcf59,1,0,0.0,1.0,3,0.3333333333333333,,,
7cfcfe2c-8f99-464f-b5e3-403e9b32a9bd,1,0,0.0,2.0,3,0.3333333333333333,,,
f1f77b05-d6a8-4bbf-87ae-9d3b8ce3bc53,1,1,1.0,0.0,3,0.6666666666666666,,,
34112741-5fc5-432c-9d13-671d3316c787,1,1,1.0,0.0,3,0.6666666666666666,,,
22cececd-8095-458c-8d77-dbb6f1b62a72,1,0,0.0,1.0,3,0.3333333333333333,,,
ce33191c-6f8f-4f75-82b1-0e5ce6bc871f,2,0,0.0,1.5,6,0.25,,,
8a36236d-a30a-4089-8c62-2c74914ff664,5,4,0.8,0.4,15,0.7142857142857143,0.8,1.0,H
876f831f-d6df-42db-a69b-9d060db0c63a,1,0,0.0,1.0,3,0.3333333333333333,,,
5cb09a40-ba30-4ec2-ac5e-6ef91d71d209,1,0,0.0,1.0,3,0.3333333333333333,,,
e1b6e3ec-51ce-4cea-8cd1-fd104e3a7a3c,1,1,1.0,0.0,3,0.6666666666666666,,,
fee08d79-5aa6-4c0b-83bc-bf56be3abf43,3,0,0.0,2.0,9,0.2,0.0,0.0,L
c75de3e1-59aa-427e-a9da-8230eb3db689,1,0,0.0,2.0,3,0.3333333333333333,,,
60742892-404e-43c3-954a-5fc8fa191a3c,1,0,0.0,1.0,3,0.3333333333333333,,,
67edd469-dfbd-4001-980e-9fecf0c1a69c,1,1,1.0,0.0,3,0.6666666666666666,,,
9bb76093-34a4-4912-a4be-034717550ea9,2,0,0.0,1.5,6,0.25,,,
6792b295-9fd9-487c-ac78-ec740b8518fb,1,0,0.0,1.0,3,0.3333333333333333,,,
ca4d29ca-b706-476b-8590-67d6875e6329,1,0,0.0,2.0,3,0.3333333333333333,,,
bf84fb72-2c82-4aeb-be94-9b0f69069411,1,1,1.0,0.0,3,0.6666666666666666,,,
c5d6279a-814c-4b73-8096-e59f56fba364,1,0,0.0,1.0,3,0.3333333333333333,,,
9449783b-415f-4209-8241-0bb1913ea915,2,1,0.5,1.0,6,0.5,,,
30811e28-e05f-4b84-a032-680a052a0e7a,2,1,0.5,0.5,6,0.5,,,
d228fc81-33f1-42cc-a2e6-4b4ce9dc37ff,1,0,0.0,2.0,3,0.3333333333333333,,,
caae53b4-8734-4ccb-b8f3-2cde5e04e746,6,3,0.5,0.6666666666666666,18,0.5,0.5,1.0,H
01350d48-6402-4da4-a10d-ad6964076a66,2,0,0.0,2.0,6,0.25,,,
5d20d5d4-037c-4bcd-a6b4-9bd646d869c1,1,0,0.0,1.0,3,0.3333333333333333,,,
17a28032-6836-402f-aee9-78dda4b6c041,6,0,0.0,1.6666666666666667,18,0.125,0.0,0.0,L
1d0772da-b4c3-47c2-89b4-f08972c3a0a5,1,0,0.0,2.0,3,0.3333333333333333,,,
7b20d4a5-0098-47dd-89b9-87669332eef1,1,1,1.0,0.0,3,0.6666666666666666,,,
f1129b1f-d899-443b-a090-ef42e93fe557,1,0,0.0,1.0,3,0.3333333333333333,,,
5d0e78d0-6a01-4b0d-b4ca-1384f0b67156,2,0,0.0,1.5,6,0.25,,,
6cf95376-d90b-4fc9-989a-67145ba780a9,1,0,0.0,3.0,3,0.3333333333333333,,,
653fde3a-cce6-40f2-a0eb-5ea4dbcb6c53,3,0,0.0,1.6666666666666667,9,0.2,0.0,0.0,L
152fd401-fe41-4f2e-af88-24b6d54bae5a,5,1,0.2,1.0,15,0.2857142857142857,0.2,0.0,L
f3dc060e-682c-42bf-8643-45588d66925b,1,0,0.0,1.0,3,0.3333333333333333,,,
8e2cc853-0e4a-4d64-8765-2505aa5dd97c,4,0,0.0,1.5,12,0.16666666666666666,0.0,0.0,L
bcdbf8d0-2c3b-42d2-a78a-97fc5384359e,1,0,0.0,1.0,3,0.3333333333333333,,,
0f55c096-9e09-44d6-bc3d-e5377e3ec91d,2,0,0.0,2.0,6,0.25,,,
a45d65aa-4191-4bd4-8df3-e9bbff1a3df5,1,0,0.0,1.0,3,0.3333333333333333,,,
85231be9-e07a-4893-bd08-82e9bd23da1b,1,1,1.0,0.0,3,0.6666666666666666,,,
a55949b2-2b7c-4f53-b5a5-c92b849d341a,1,0,0.0,1.0,3,0.3333333333333333,,,
901e806b-367d-4619-a265-e988e5b45f2a,1,0,0.0,1.0,3,0.3333333333333333,,,
3dc1b1e1-203c-4424-8455-61854ceb9c0c,2,2,1.0,0.0,6,0.75,,,
74989ea5-8949-4156-b4d5-126b8b3fdb20,1,0,0.0,1.0,3,0.3333333333333333,,,
5a56697f-1eec-4415-893f-34da07794d78,4,3,0.75,0.25,12,0.6666666666666666,0.75,1.0,H
c9b5054f-5fb7-45cd-9f82-7b45c1e01c79,1,1,1.0,0.0,3,0.6666666666666666,,,
90679c51-aa28-4782-ba4c-4d9fc56a9ace,1,1,1.0,0.0,3,0.6666666666666666,,,
2ba23e5d-d53c-45f5-a16d-a89b494758b4,2,0,0.0,1.5,6,0.25,,,
74419233-2c91-42b0-8a2c-98815608794d,1,0,0.0,3.0,3,0.3333333333333333,,,
300aabf4-288f-4451-9cc6-25ccae1e15c3,1,0,0.0,1.0,3,0.3333333333333333,,,
511790e0-3fb0-46e0-ad9d-ecb4c3f1881c,2,0,0.0,2.5,6,0.25,,,
88aab9d3-7ef0-4d01-8800-fd7d9be42e26,2,1,0.5,0.5,6,0.5,,,
1b21ef76-20ed-4b16-bd6c-410f73297678,1,0,0.0,2.0,3,0.3333333333333333,,,
6cd1e6f7-720a-4ee2-be00-acec467ccedc,1,1,1.0,0.0,3,0.6666666666666666,,,
6e906a96-0d9c-49de-8804-93703bc95488,1,0,0.0,2.0,3,0.3333333333333333,,,
ba0ace83-08ba-4150-bef3-04703a648d26,3,1,0.3333333333333333,0.6666666666666666,9,0.4,0.3333333333333333,0.0,L
998f0c3f-ac21-436e-947f-4d4e2285dbfc,2,1,0.5,0.5,6,0.5,,,
af0e2f44-fed8-4d22-a0c8-8eafcc8ae64c,1,0,0.0,1.0,3,0.3333333333333333,,,
da9a4cff-415e-403d-b353-6884bb1e4df1,3,1,0.3333333333333333,1.3333333333333333,9,0.4,0.3333333333333333,0.0,L
d832b0bc-924b-4e4b-99aa-d54eb020ea14,1,0,0.0,4.0,3,0.3333333333333333,,,
02fdcfb9-43ff-4501-bf19-47119dfa9314,1,0,0.0,5.0,3,0.3333333333333333,,,
a849b408-37d0-419d-8924-675f16d4ce0d,4,0,0.0,1.75,12,0.16666666666666666,0.0,0.0,L
e73496b2-e019-466b-b300-907c882f4b95,2,1,0.5,1.0,6,0.5,,,
e770118c-3c93-4317-bfaa-672ab2f3230f,1,0,0.0,1.0,3,0.3333333333333333,,,
a7268598-59dc-4c64-87c9-6233da17fb25,1,0,0.0,2.0,3,0.3333333333333333,,,
2e1ef3fa-0101-40fc-9932-86f983f4581a,1,0,0.0,3.0,3,0.3333333333333333,,,
3ec2bc3f-0571-4ade-9529-dd146eaa37b5,1,0,0.0,2.0,3,0.3333333333333333,,,
eae843c8-0ef1-494e-851d-ad9f2aafc25e,1,0,0.0,1.0,3,0.3333333333333333,,,
c0caae41-fe0a-4fdf-8677-51d279d6e31e,1,0,0.0,1.0,3,0.3333333333333333,,,
ae7138bc-484e-4484-83c1-a1546038208c,1,0,0.0,2.0,3,0.3333333333333333,,,
4379dd28-a9fc-44c0-8567-9ebb52577c6c,1,0,0.0,1.0,3,0.3333333333333333,,,
a88deb70-2fc0-465d-bf6a-b829eaafb6d7,1,0,0.0,1.0,3,0.3333333333333333,,,
ff629131-c963-4bb9-a7a5-56bd6dfeb6ba,1,0,0.0,2.0,3,0.3333333333333333,,,
d534be13-87bc-4296-80b9-bb74b36b0360,1,0,0.0,2.0,3,0.3333333333333333,,,
adca772c-983f-40eb-9a8b-75f25e0e3bbc,4,2,0.5,0.5,12,0.5,0.49999999999999994,1.0,H
7f09a8f1-3abc-403f-a5f3-fcbe84d520b9,1,0,0.0,2.0,4,0.3333333333333333,,,
5c0a4738-bbe9-4099-9f12-143f41f37d50,1,1,1.0,0.0,3,0.6666666666666666,,,
31513f20-f750-455c-b7a2-6b2c1b20e6df,1,0,0.0,2.0,3,0.3333333333333333,,,
8bb96da1-d4e4-4289-b8fc-f0dc5cb5b6f4,1,0,0.0,2.0,3,0.3333333333333333,,,
2e773560-4e1a-4ef8-bbba-c29224bea1a6,1,1,1.0,0.0,3,0.6666666666666666,,,
f6206d43-cea1-4d09-8fa2-8de5fd77e8d0,1,0,0.0,2.0,3,0.3333333333333333,,,
fc32db2b-5b81-4b34-a5cf-9f3073614ba6,2,0,0.0,1.5,6,0.25,,,
66cb2b92-68f7-4ccd-9603-ebf324087c12,1,0,0.0,2.0,3,0.3333333333333333,,,
fd1d04a9-ed0b-46f7-aacc-e7a5b64dcd75,2,0,0.0,3.0,6,0.25,,,
99dab1ba-f021-46b6-a835-af7d57009b63,1,0,0.0,1.0,3,0.3333333333333333,,,
41714d68-e649-461d-82b6-aa9d6d35f470,2,0,0.0,2.5,6,0.25,,,
6171f177-c5c5-4e83-ab2f-aef9a59be8d2,1,0,0.0,2.0,3,0.3333333333333333,,,
65fd206d-d2f0-42c6-b59d-e4ce82380e4c,2,0,0.0,3.5,6,0.25,,,
4b25024b-fe24-48fc-815e-0c40919aea56,1,0,0.0,2.0,3,0.3333333333333333,,,
303ce531-3478-4800-8218-15d32858f070,1,0,0.0,2.0,3,0.3333333333333333,,,
0a61a799-5975-4470-baa6-4d5438feee90,2,2,1.0,0.0,6,0.75,,,
63321c74-d512-4221-96ef-04bd1f2d95fd,8,1,0.125,1.25,24,0.2,0.125,0.0,L
1d11f84d-3915-4bf7-8fd5-84d32364dbbd,2,2,1.0,0.0,6,0.75,,,
e3871ad5-dd0e-4967-a135-97bf9b227816,2,0,0.0,1.5,6,0.25,,,
88d81991-a08e-4157-b10a-913bca8095f6,1,0,0.0,2.0,3,0.3333333333333333,,,
378897ee-16cd-4727-9487-b7335269bea2,5,3,0.6,0.8,15,0.5714285714285714,0.6,1.0,H
3b9a19da-ac99-44f2-a57b-a80c8ab49c6c,1,0,0.0,2.0,3,0.3333333333333333,,,
0d62226e-46ca-414f-80d1-398d44246753,1,1,1.0,0.0,3,0.6666666666666666,,,
07003e67-73b8-4b31-a1c5-80fcbf43d485,1,0,0.0,2.0,3,0.3333333333333333,,,
50f76166-c558-47be-80b1-5e2b2df6ff09,1,0,0.0,1.0,3,0.3333333333333333,,,
8506fd71-79c3-4942-9d17-29cdc02609c7,2,1,0.5,1.0,6,0.5,,,
7a6937cf-7c67-4523-b0b7-ecc5788479a1,1,0,0.0,2.0,3,0.3333333333333333,,,
1c2a1511-734f-4169-9fce-3fcd42904d20,3,0,0.0,1.3333333333333333,9,0.2,0.0,0.0,L
df52d67a-c3c1-4fb2-a14f-103a2fbb1450,1,0,0.0,4.0,3,0.3333333333333333,,,
7610a701-6ce9-499e-b8d2-d468277762da,1,0,0.0,5.0,3,0.3333333333333333,,,
00b37f06-b7e7-4ac5-b0b4-73bd65edf88a,2,0,0.0,1.5,6,0.25,,,
511cacda-a7a3-4098-959e-beeb50010eba,2,0,0.0,2.5,7,0.25,,,
a716d61e-6cec-4df5-a76c-545bf5766619,8,5,0.625,0.375,24,0.6,0.625,1.0,H
0e3504b3-d45d-4d47-a55c-82ae230b05b2,1,0,0.0,1.0,3,0.3333333333333333,,,
9b993a01-7fe2-44b1-b21a-5a8c42df06d6,4,3,0.75,0.5,12,0.6666666666666666,0.75,1.0,H
b5efaa96-c99e-43fd-b15d-e61796730eab,1,0,0.0,2.0,3,0.3333333333333333,,,
081ddee5-2f55-41cb-9132-63b12d8f256c,1,0,0.0,1.0,3,0.3333333333333333,,,
6616867d-c859-4a73-9cd1-01ff98e65b47,1,0,0.0,1.0,3,0.3333333333333333,,,
dd357942-7fcd-4401-b170-bd9ab999cdf9,1,1,1.0,0.0,3,0.6666666666666666,,,
eb86abc5-191d-4d3c-a3af-f52a943cc81e,2,0,0.0,1.0,6,0.25,,,
79d54b70-ce91-434a-9f70-2dae5ed66693,1,1,1.0,0.0,3,0.6666666666666666,,,
fbb643d6-83d3-4d96-8006-21710de6e5ac,1,1,1.0,0.0,3,0.6666666666666666,,,
20f831c7-f0cc-4efa-a3b4-69068d452a0e,1,0,0.0,2.0,3,0.3333333333333333,,,
4abc1469-5c67-4ce1-8e72-941e32311064,4,2,0.5,0.75,12,0.5,0.49999999999999994,1.0,H
6d0111a1-de70-4b45-8d04-f3a6ecda4ee4,1,1,1.0,0.0,3,0.6666666666666666,,,
cb638cb3-cea0-443b-b387-c5ce12e9b761,1,0,0.0,1.0,3,0.3333333333333333,,,
3ad67081-26df-4364-8942-d02bdade2ae8,1,0,0.0,1.0,3,0.3333333333333333,,,
5cbdeca8-9718-48a3-8809-fb1c8a7e948a,3,2,0.6666666666666666,0.6666666666666666,9,0.6,0.6666666666666666,1.0,H
44e0cfbf-45b5-4915-aa95-5181c13de6fd,1,0,0.0,2.0,3,0.3333333333333333,,,
0b70df07-af43-4b78-959b-e48db98984d6,5,1,0.2,1.2,15,0.2857142857142857,0.2,0.0,L
c9010e4e-ab8d-4a26-b29e-b519ec204dc9,3,2,0.6666666666666666,0.3333333333333333,9,0.6,0.6666666666666666,1.0,H
5d8c03f6-1149-45f6-8018-6f949efc5cdb,1,1,1.0,0.0,3,0.6666666666666666,,,
095253fc-2cfa-4f0b-81b7-6e34294c6dde,1,0,0.0,1.0,3,0.3333333333333333,,,
43f9845a-9196-4512-94f9-d198cfbf00f9,1,0,0.0,2.0,3,0.3333333333333333,,,
2e18af9e-da55-4046-ac19-09452f9f6026,2,1,0.5,0.5,6,0.5,,,
a11adf0b-4f9b-4e1e-95b2-042e452a0533,1,1,1.0,0.0,3,0.6666666666666666,,,
215593f8-3457-4ae2-becc-c2cf2097fe2c,1,0,0.0,1.0,3,0.3333333333333333,,,
90bb0f08-d417-48e0-a7e5-ddfec143b18c,3,0,0.0,1.6666666666666667,9,0.2,0.0,0.0,L
fef65fa3-93c8-45d9-b2f6-5683eed4d4d1,1,0,0.0,2.0,3,0.3333333333333333,,,
8d3b738e-8a31-48d1-bafa-c6e9c01865d4,3,0,0.0,1.0,9,0.2,0.0,0.0,L
1bd54345-ae61-41c8-a944-b8a7419f041f,2,1,0.5,0.5,6,0.5,,,
15240b43-e666-4d57-a14d-37d786663dcf,1,0,0.0,1.0,3,0.3333333333333333,,,
f4f966c5-f325-4a91-8178-2a0120f72324,1,0,0.0,3.0,3,0.3333333333333333,,,
383dada7-dc3f-41c4-ac33-830b4ef9cd07,3,0,0.0,1.6666666666666667,9,0.2,0.0,0.0,L
7d46c16b-ffd0-42d6-874e-fb870e6fa979,1,0,0.0,1.0,3,0.3333333333333333,,,
d5278af4-b460-4499-ac90-dffd9451b95f,1,0,0.0,1.0,3,0.3333333333333333,,,
948d7588-a0b6-4bc5-a233-b1c7047001c5,1,0,0.0,2.0,3,0.3333333333333333,,,
b2abfc0d-b663-43d0-85bb-b1fd5b0d8990,4,0,0.0,1.75,12,0.16666666666666666,0.0,0.0,L
4d14a3fc-c8d7-4186-b9a5-4a7b1ec77af8,1,0,0.0,2.0,3,0.3333333333333333,,,
ea55b3e9-1890-400b-81ed-431d4679f110,1,0,0.0,2.0,3,0.3333333333333333,,,
46386678-664b-4abf-9483-5ac2b751eadf,1,0,0.0,2.0,3,0.3333333333333333,,,
a5c1f15d-b073-4668-9110-e7089c80a527,1,0,0.0,1.0,3,0.3333333333333333,,,
af0492e6-d9e5-4fad-9df2-e10ed7cca7d9,1,0,0.0,2.0,3,0.3333333333333333,,,
f958474d-6f97-4714-bd38-43dd473c8e67,1,1,1.0,0.0,3,0.6666666666666666,,,
bf35f91a-a2f7-4a9f-8dae-5a474b4fa771,1,1,1.0,0.0,3,0.6666666666666666,,,
455680ca-3884-4257-8e59-e0735d054eb3,1,1,1.0,0.0,3,0.6666666666666666,,,
a5f9717b-fc9e-4530-9cbd-436da358bfef,1,0,0.0,1.0,3,0.3333333333333333,,,
777a6ba0-2ac8-4274-bb9c-c2108cf6be09,1,0,0.0,2.0,3,0.3333333333333333,,,
ba0ebd13-7378-48b2-9a07-4cf47804ccbc,1,1,1.0,0.0,3,0.6666666666666666,,,
2048377f-e943-4d86-a7df-9cd1c74b466a,2,0,0.0,1.5,6,0.25,,,
2fb3c88d-3e2f-4bd2-a643-331dbae8af42,2,0,0.0,2.0,6,0.25,,,
687b1065-fc42-41d5-a38d-2049579de6c1,1,0,0.0,1.0,3,0.3333333333333333,,,
4a71dc86-085e-48f8-b69b-8d3dc0c9db06,1,0,0.0,2.0,3,0.3333333333333333,,,
04900eb2-f4cc-4a6e-94d6-3e0e806c6e16,1,0,0.0,1.0,3,0.3333333333333333,,,
ffe55102-634f-4f20-aaf3-140288f993ed,9,2,0.2222222222222222,1.2222222222222223,27,0.2727272727272727,0.2222222222222222,0.0,L
ff37f155-34b5-415e-8c1b-f08112f86a91,5,2,0.4,1.0,15,0.42857142857142855,0.4,0.0,L
630849cc-19f0-4a14-8cad-d85c43cd185f,2,0,0.0,1.5,6,0.25,,,
18ab89ff-cc93-44a1-a365-afaa476fc61f,2,0,0.0,1.5,6,0.25,,,
ce8436ef-08c4-4092-97f1-d1e84f72f3b1,7,1,0.14285714285714285,1.4285714285714286,21,0.2222222222222222,0.14285714285714285,0.0,L
40bbe98d-14fa-4384-a761-9566db8deeda,1,0,0.0,2.0,3,0.3333333333333333,,,
15752580-74ba-4374-8db4-5795ca298ef0,1,0,0.0,1.0,3,0.3333333333333333,,,
5e141cd9-c4d6-48e8-a38a-b00d6981be0f,1,0,0.0,2.0,3,0.3333333333333333,,,
14765c18-428f-457a-b195-b36251f2a8e8,3,1,0.3333333333333333,0.6666666666666666,9,0.4,0.3333333333333333,0.0,L
5d635846-3caf-4067-8687-9a30b8f082f4,1,0,0.0,1.0,3,0.3333333333333333,,,
1304d6b7-9a9b-45f0-96dd-7fd122d5b594,2,0,0.0,1.0,6,0.25,,,
af7ebe5f-c9ec-401d-9b22-916deea5edf3,4,0,0.0,2.0,12,0.16666666666666666,0.0,0.0,L
389ed9a2-362a-4f52-9dca-0694a83271d9,2,2,1.0,0.0,6,0.75,,,
d53bb53f-e1ea-4b37-97d9-5bdba2302eb4,1,0,0.0,1.0,3,0.3333333333333333,,,
5ca10586-77e7-4cbe-85ec-cc5065bb40a2,1,1,1.0,0.0,3,0.6666666666666666,,,
2b8d91bc-6ca3-48f6-9293-fb144f612594,4,1,0.25,1.25,12,0.3333333333333333,0.25,0.0,L
c89f03d2-5ed1-422f-9558-f2fb316804a0,1,0,0.0,2.0,3,0.3333333333333333,,,
df653a4c-e144-4c22-9277-249ec9f04eed,1,0,0.0,1.0,3,0.3333333333333333,,,
13937d18-8382-492d-a208-8af4030faf1f,1,0,0.0,2.0,3,0.3333333333333333,,,
a98753ee-6ba3-4cb1-a004-6b0e324d4308,3,2,0.6666666666666666,1.0,9,0.6,0.6666666666666666,1.0,H
e8940fcd-cfe0-4f63-bbf9-07ddfae0897a,1,0,0.0,2.0,3,0.3333333333333333,,,
32559d2d-8d49-44a0-ac55-77f04de11e82,1,0,0.0,1.0,4,0.3333333333333333,,,
9df5fa32-893b-41ec-91e6-1d2d890b4ef8,1,0,0.0,1.0,3,0.3333333333333333,,,
9c224d9c-8008-4ea9-b738-847fe17dc63c,4,1,0.25,0.75,12,0.3333333333333333,0.25,0.0,L
3d180719-00ce-492d-81a7-7b490e434c4a,1,1,1.0,0.0,3,0.6666666666666666,,,
56f49231-a537-4315-a08f-9aca40e01e6d,1,0,0.0,1.0,3,0.3333333333333333,,,
2c794ab2-657e-42be-a1aa-ee0d693296f9,1,0,0.0,1.0,3,0.3333333333333333,,,
dab91222-073b-4bad-b548-e98e6e3de59c,1,0,0.0,1.0,3,0.3333333333333333,,,
fe2a4eca-90fd-41e8-8974-cc1cce6e7879,7,2,0.2857142857142857,0.8571428571428571,21,0.3333333333333333,0.2857142857142857,0.0,L
53c6ad01-cba8-4ad4-8beb-e282ea8e5600,2,0,0.0,1.5,6,0.25,,,
5a006562-0db1-446f-9b5d-fe2f91743557,2,0,0.0,1.5,6,0.25,,,
8be0f4c0-83ae-49ad-99f6-e17f521edc3e,2,0,0.0,2.0,6,0.25,,,
b999dece-550a-4c9f-bd72-d9dafc878456,1,0,0.0,2.0,3,0.3333333333333333,,,
50fe73df-e47c-4242-b11e-3adc357e8b73,1,0,0.0,2.0,3,0.3333333333333333,,,
a69a711f-f8b4-486e-8a75-24ed46c7a5ac,1,0,0.0,1.0,3,0.3333333333333333,,,
2bc2cb53-6d5a-4108-a824-4423addb06e4,2,1,0.5,1.0,6,0.5,,,
f14aa565-a0ed-4d18-b949-0daccb549f03,10,8,0.8,0.3,30,0.75,0.8,1.0,H
733480e6-6f1f-4a5f-8499-40c8e7c61404,1,0,0.0,2.0,3,0.3333333333333333,,,
9341a160-5d60-4e9f-b23d-549c9910710e,1,1,1.0,0.0,3,0.6666666666666666,,,
bc3a9493-6da9-4fc7-8833-7b1cdd16d9ed,1,1,1.0,0.0,3,0.6666666666666666,,,
e1f1994a-743c-41e5-9637-9a0b660af936,1,0,0.0,2.0,3,0.3333333333333333,,,
466b9bd2-ab67-4c64-ac8e-62b04a8c836d,1,0,0.0,2.0,3,0.3333333333333333,,,
b2670cc8-a51f-4a35-9f50-0d1659dab951,6,3,0.5,0.8333333333333334,18,0.5,0.5,1.0,H
a05a1f49-b78b-41ad-b818-c5adf8760d80,1,1,1.0,0.0,3,0.6666666666666666,,,
6b2fd97e-f4d6-42aa-9a3c-f316fdc4f3d0,1,0,0.0,2.0,3,0.3333333333333333,,,
96f79953-70c2-4487-8485-b56b79be9da4,1,0,0.0,2.0,3,0.3333333333333333,,,
a8a93366-64c0-4f04-93d8-43cf9b563236,1,1,1.0,0.0,3,0.6666666666666666,,,
116c6530-2c31-4500-b4d1-c12232d719a2,3,1,0.3333333333333333,1.3333333333333333,9,0.4,0.3333333333333333,0.0,L
631b5f74-13a7-4471-b2dc-959a3f54f490,1,1,1.0,0.0,3,0.6666666666666666,,,
02b28cae-bfbf-48b1-960b-b5638b42dbb9,1,1,1.0,0.0,3,0.6666666666666666,,,
3ec27762-6423-4576-9801-aa9edde41de2,2,0,0.0,1.5,6,0.25,,,
59ef2086-ecf2-4583-a105-f1b477f13b33,2,2,1.0,0.0,6,0.75,,,
74cb267d-e485-473d-9e11-aa0a5cdd6c5f,2,2,1.0,0.0,6,0.75,,,
56841554-bf39-4a60-8480-5e7a0a25ff68,1,0,0.0,3.0,3,0.3333333333333333,,,
0f6ff268-22e7-454c-9c9b-4445e0f43ed9,2,0,0.0,2.5,6,0.25,,,
9abc1364-76cb-4249-af4c-042cc14ca827,3,3,1.0,0.0,9,0.8,1.0,1.0,H
0fc991f7-9220-4b05-9304-2d2469529f6b,1,1,1.0,0.0,3,0.6666666666666666,,,
5a5c6c59-3b30-4f10-8ff5-34f034cf6e06,1,0,0.0,1.0,3,0.3333333333333333,,,
a8a5a150-0185-4990-9846-ff2d2c426c9d,1,0,0.0,3.0,3,0.3333333333333333,,,
69cec18f-4d62-401d-953e-bc6744f3423d,2,1,0.5,1.0,6,0.5,,,
8f5a41c6-af68-49bc-a938-a57f0bd010f0,4,1,0.25,1.25,12,0.3333333333333333,0.25,0.0,L
eeeb39ef-b7e8-45aa-80e3-7e7f38a68aa9,3,0,0.0,1.0,9,0.2,0.0,0.0,L
1c49bff8-2d5e-485a-a9b4-48c8034e183e,1,0,0.0,2.0,3,0.3333333333333333,,,
72e85113-7958-4256-ab7b-362593fcf74a,5,3,0.6,0.8,15,0.5714285714285714,0.6,1.0,H
7cb70276-7a68-4a56-9b12-e09cd6f6d908,1,0,0.0,1.0,4,0.3333333333333333,,,
abb0f0e0-0199-4e20-baf2-d490cd84e017,1,0,0.0,2.0,3,0.3333333333333333,,,
e8c7ef63-d4f7-48d9-975c-61eeff400848,1,1,1.0,0.0,3,0.6666666666666666,,,
15a03f74-27eb-40d4-882d-a387dc06898b,1,1,1.0,0.0,3,0.6666666666666666,,,
b3336588-f528-4779-b32c-e793321fbf1f,2,1,0.5,3.5,6,0.5,,,
b7785ec8-21af-4f56-841b-6b7a4a80e726,2,1,0.5,1.0,6,0.5,,,
ce2da71a-ac41-49a1-9144-cb39e5457f79,1,0,0.0,1.0,3,0.3333333333333333,,,
e17f0cf7-5138-4ffe-b508-48ec32d226ed,2,1,0.5,0.5,6,0.5,,,
bec15041-e880-41c5-bf21-38bbdc5debcc,2,1,0.5,0.5,6,0.5,,,
39d63416-bf50-445f-a627-46e24516703e,2,0,0.0,2.0,6,0.25,,,
68670235-6c54-4ff1-976f-e2d2f09e3b3b,1,0,0.0,1.0,3,0.3333333333333333,,,
dd4a4d11-b1e7-4da3-b52c-4480bb137cfb,1,0,0.0,2.0,3,0.3333333333333333,,,
2418337d-87d0-4d26-b14d-2d4c3e353f85,4,4,1.0,0.0,12,0.8333333333333334,1.0,1.0,H
4aebebe8-ebf5-4371-b715-29968b67ff94,1,0,0.0,3.0,3,0.3333333333333333,,,
86c23afa-953c-4936-9d5f-511a5e93e899,2,2,1.0,0.0,6,0.75,,,
16f4bea2-9822-4fe6-b4b7-4237a824f3d5,1,0,0.0,2.0,3,0.3333333333333333,,,
1ee86e4a-9bf1-4589-821e-d8e6318109f4,3,1,0.3333333333333333,1.3333333333333333,9,0.4,0.3333333333333333,0.0,L
ad002e47-25e7-4c1d-9f58-886a3e1d9fe0,1,0,0.0,1.0,3,0.3333333333333333,,,
e73b6bd4-5948-48eb-a853-24011ccf3627,1,0,0.0,2.0,3,0.3333333333333333,,,
e20ad7ff-789e-4360-b4bc-338fadf7e263,2,2,1.0,0.0,6,0.75,,,
b2002657-e2dd-4b53-a12e-bf2d71ebf478,1,0,0.0,1.0,3,0.3333333333333333,,,
b40690dc-8e1c-41cc-a4a6-ac29d7dc8dcf,4,0,0.0,1.5,12,0.16666666666666666,0.0,0.0,L
23ead5e0-7ef2-4eaa-acd8-2ae87ccea315,3,2,0.6666666666666666,0.3333333333333333,9,0.6,0.6666666666666666,1.0,H
970d4723-4e68-4fcf-8797-a023928511eb,1,1,1.0,0.0,3,0.6666666666666666,,,
e687e6a2-8c5e-4d1d-a696-319bea098aa5,2,1,0.5,1.0,6,0.5,,,
4dfda0bb-ff69-445e-9341-94c3f8dc8559,2,1,0.5,0.5,6,0.5,,,
a2a9a6ad-2f8b-4618-a6b4-ac9d28377acf,2,0,0.0,1.5,6,0.25,,,
54619718-4094-4775-a5f2-06ba9d5d6ef8,1,0,0.0,1.0,3,0.3333333333333333,,,
f7cb4213-67fa-44d7-acf5-eccb01234f5d,1,0,0.0,2.0,3,0.3333333333333333,,,
88994f3f-8908-477e-a3c6-e911bb64f8ca,2,1,0.5,1.0,6,0.5,,,
2e8e24ff-368f-4253-8981-6600bff8b1c5,4,3,0.75,0.25,12,0.6666666666666666,0.75,1.0,H
905a3cef-969b-402c-bb21-afd2b995c90d,1,0,0.0,2.0,3,0.3333333333333333,,,
fb5e5504-e40d-4dd6-b78e-a3b0f40f3c9f,3,2,0.6666666666666666,0.3333333333333333,9,0.6,0.6666666666666666,1.0,H
8e82d0ef-583d-45a1-bf30-81c1b827dcd6,1,0,0.0,1.0,3,0.3333333333333333,,,
25f1d2fe-a501-4ca4-98bc-1e1bb52cb51f,4,4,1.0,0.0,12,0.8333333333333334,1.0,1.0,H
6111a24f-e83e-45a8-9902-6c707f92e2c0,4,1,0.25,0.75,12,0.3333333333333333,0.25,0.0,L
a67ed620-d63d-495f-a0d1-1105aeb0fc7c,2,0,0.0,1.0,7,0.25,,,
4dbe0a66-ecfe-4af3-8457-4d666740b5aa,2,1,0.5,1.0,6,0.5,,,
1af2d934-c7be-437b-9c70-f1954ccf199c,3,2,0.6666666666666666,0.3333333333333333,9,0.6,0.6666666666666666,1.0,H
37ec506b-c705-43f8-bd3e-1766057cf24c,3,0,0.0,1.3333333333333333,9,0.2,0.0,0.0,L
fbc92d15-be53-4a0f-93ec-4618621a9525,2,0,0.0,1.5,6,0.25,,,
da8fdfc6-54d6-4be3-a127-b047af75af8b,2,1,0.5,0.5,6,0.5,,,
762056ef-184a-46a8-91a0-4597fae54ada,1,0,0.0,1.0,3,0.3333333333333333,,,
117b99b4-5f28-40a9-9fc4-d03cb9a8ba83,1,0,0.0,2.0,3,0.3333333333333333,,,
f5220bc8-3e04-475a-a70a-3b2388ee3d59,2,0,0.0,1.0,6,0.25,,,
8bfad31a-f6c0-4961-baf0-468fcd74293b,1,0,0.0,2.0,3,0.3333333333333333,,,
c3fdb1d3-9846-46ca-8e90-3d0dd4a21905,2,1,0.5,1.0,6,0.5,,,
bd78e01c-5cb5-493f-bf80-abd48360d986,1,0,0.0,1.0,3,0.3333333333333333,,,
b746b237-94e2-4cca-a498-acccf29dc95e,2,0,0.0,2.0,6,0.25,,,
c259abfa-d9f1-40e1-b041-1d3968fb98bc,2,1,0.5,0.5,6,0.5,,,
03fbea54-f3ce-4130-a030-5ecae1110c73,1,0,0.0,2.0,3,0.3333333333333333,,,
6ec2da33-9c1e-4ccd-bdf5-065a3c3ea2fb,1,0,0.0,4.0,3,0.3333333333333333,,,
bc9eb3d1-32db-4b57-81bd-d847dc08f3ce,1,0,0.0,1.0,3,0.3333333333333333,,,
7c0eb3bd-4880-4edf-9765-af2f7190afac,1,0,0.0,1.0,3,0.3333333333333333,,,
5608a810-659f-42ad-a3a1-6a81d19b6eb3,1,1,1.0,0.0,3,0.6666666666666666,,,
3711a3c8-8cb7-4d50-9154-33267d4eadd6,2,1,0.5,0.5,6,0.5,,,
718e23d6-dfc0-4999-b6e4-e1a5ee20d180,5,2,0.4,1.4,15,0.42857142857142855,0.4,0.0,L
02277f93-e81a-496c-bcf7-258a1ecf68f6,1,0,0.0,1.0,3,0.3333333333333333,,,
2ceba062-0f01-4fa1-a567-e709d2a3983c,1,0,0.0,2.0,3,0.3333333333333333,,,
015d226c-d25e-49a1-97e8-dd9aa7243ae1,3,1,0.3333333333333333,1.3333333333333333,10,0.4,0.3333333333333333,0.0,L
8012b025-3ae1-463a-bae2-04bc73564713,1,0,0.0,1.0,3,0.3333333333333333,,,
d3165be4-fb3a-4f47-b12d-98efd94d5934,2,0,0.0,1.0,6,0.25,,,
ee42b9a8-f2c9-481f-b161-d459d172694e,2,1,0.5,1.0,6,0.5,,,
9c17a491-831c-4689-a234-8978606979a7,1,1,1.0,0.0,3,0.6666666666666666,,,
972e76e4-8d49-41f3-830c-7f14cd9af978,4,1,0.25,1.5,12,0.3333333333333333,0.25,0.0,L
879bb4b0-20da-431a-aace-f959a3ed9527,1,1,1.0,0.0,3,0.6666666666666666,,,
e10e99a0-38ac-4b07-bf5d-4427696e4e0d,2,0,0.0,2.0,6,0.25,,,
14bc5f37-71ed-4cd8-8d7f-02286555fe2b,1,0,0.0,2.0,3,0.3333333333333333,,,
3820fbd3-34b2-4116-9f4b-11d4e121f798,2,1,0.5,0.5,6,0.5,,,
b1be5745-455c-477d-bc0c-d090b7b7e0cb,3,1,0.3333333333333333,0.6666666666666666,9,0.4,0.3333333333333333,0.0,L
ddc54319-a2f9-4c4e-9e45-0f8b5e290218,6,0,0.0,2.3333333333333335,19,0.125,0.0,0.0,L
ff8ea7ff-6d0a-49d6-b374-f01c4c71e7ee,2,0,0.0,1.0,6,0.25,,,
177743ea-60bb-460e-8697-7cd21f840715,4,1,0.25,1.0,12,0.3333333333333333,0.25,0.0,L
34e59d03-5b96-468f-9b76-46937722b14e,6,3,0.5,1.0,18,0.5,0.5,1.0,H
43dc5ef4-4e00-4e02-9199-54be47141552,2,0,0.0,2.0,6,0.25,,,
5b09a7dd-432b-4da7-918c-7752d62eec72,5,1,0.2,1.4,15,0.2857142857142857,0.2,0.0,L
640d46af-918d-421c-a8be-e189961357f6,1,0,0.0,3.0,3,0.3333333333333333,,,
5c329c17-d0fe-4edf-9da6-abca664abbf8,1,0,0.0,2.0,3,0.3333333333333333,,,
285befba-03d2-4bae-a1aa-94208d46801b,3,0,0.0,1.6666666666666667,9,0.2,0.0,0.0,L
35dec397-2cc5-4200-9fc5-b3912e063ed9,1,0,0.0,2.0,3,0.3333333333333333,,,
efa90c1a-155b-4a5e-97cf-b96acd5cc3cc,1,1,1.0,0.0,3,0.6666666666666666,,,
a075c862-038d-47c5-99ff-433e2fdf7254,6,4,0.6666666666666666,0.3333333333333333,18,0.625,0.6666666666666666,1.0,H
5b72c3cc-20c1-4991-941b-ad9da15dd7c9,1,0,0.0,2.0,3,0.3333333333333333,,,
154945cc-45c6-461c-a7d3-ec6f6359a227,1,0,0.0,1.0,3,0.3333333333333333,,,
23352e56-46d3-45a2-87d0-422454f4dfea,1,1,1.0,0.0,3,0.6666666666666666,,,
539d1d39-de56-4e06-ab9a-47ea4b2806fd,3,2,0.6666666666666666,0.3333333333333333,9,0.6,0.6666666666666666,1.0,H
a94ad4cd-9799-40eb-975f-a9f85c47b372,1,0,0.0,2.0,3,0.3333333333333333,,,
d5c6c65f-fd74-45f5-bb6e-8b5bbc8ccd9b,2,2,1.0,0.0,6,0.75,,,
1133c5c5-5d48-4801-9595-24d905ad23d7,1,0,0.0,2.0,3,0.3333333333333333,,,
ec99e472-433e-487b-8438-0408365505a8,1,0,0.0,1.0,3,0.3333333333333333,,,
036e1ca6-185b-4738-8f79-d7c2e5fb6b76,1,0,0.0,1.0,3,0.3333333333333333,,,
bd9b02b6-4c5e-439b-8134-55c7c9bb714d,1,0,0.0,2.0,3,0.3333333333333333,,,
7b7f9d6e-18f9-40eb-8ea1-860cf5ba6472,1,1,1.0,0.0,3,0.6666666666666666,,,
1120bfb0-ce23-43fc-bfbf-b6cf41cc2f05,1,1,1.0,0.0,3,0.6666666666666666,,,
a1ac0774-816e-408a-8441-3cea3f91e867,1,0,0.0,1.0,3,0.3333333333333333,,,
ad7df3cc-36fe-48af-aaae-21f8ff600470,1,1,1.0,0.0,3,0.6666666666666666,,,
3d827188-5165-4359-8849-22f57a47ae5f,4,0,0.0,1.25,12,0.16666666666666666,0.0,0.0,L
758ffe49-a359-4428-bb82-47046cd4ad57,1,0,0.0,2.0,3,0.3333333333333333,,,
ff945b92-9e29-4b59-a2b6-6689ec9b980f,1,0,0.0,2.0,3,0.3333333333333333,,,
9e373a46-41d8-4cfa-8f8a-011933c05fdb,1,1,1.0,0.0,3,0.6666666666666666,,,
4d284b66-2442-408a-8e9d-f82515a5b86c,2,0,0.0,1.0,6,0.25,,,
b4fd91f3-344c-4b5d-9c34-e6f19ca5f107,3,2,0.6666666666666666,0.3333333333333333,9,0.6,0.6666666666666666,1.0,H
5db20785-1454-4445-9ea5-8b0e42d9bd00,2,1,0.5,0.5,6,0.5,,,
08c271ab-252d-4796-b0ee-e81cda8f15eb,2,1,0.5,0.5,6,0.5,,,
9d55e6f4-60db-40c7-9374-2947945a2764,1,0,0.0,2.0,3,0.3333333333333333,,,
3a8b4572-0bd4-4267-9e4c-f0ad21aa2929,2,1,0.5,0.5,7,0.5,,,
95cb78b4-6380-414d-b445-74c7251337ee,3,1,0.3333333333333333,0.6666666666666666,9,0.4,0.3333333333333333,0.0,L
ad4662b1-bb16-49ea-8eec-8008a3bc4490,1,0,0.0,2.0,3,0.3333333333333333,,,
8ba81322-ff7d-47ed-9282-030e5344478d,1,1,1.0,0.0,3,0.6666666666666666,,,
5e2742a8-6d61-4684-8698-92d372643baa,1,0,0.0,1.0,3,0.3333333333333333,,,
53fc9f6e-7670-476d-a241-48b1d0224daf,2,0,0.0,1.5,6,0.25,,,
f36cd843-c6ef-4538-ae06-4ce08b53240c,2,2,1.0,0.0,6,0.75,,,
223a500b-951e-41b2-9aae-a942e33f2fd0,1,0,0.0,1.0,3,0.3333333333333333,,,
8eb32f21-0f09-45d3-a3ac-0c4bfb6d69e4,3,2,0.6666666666666666,0.6666666666666666,9,0.6,0.6666666666666666,1.0,H
5b54157f-c8a9-4a8c-94ec-1a97be6b0f90,2,2,1.0,0.0,6,0.75,,,
33aec337-bc51-41c0-b94f-2128e304396d,1,0,0.0,1.0,3,0.3333333333333333,,,
856b1ee4-36e0-46f3-b36a-4a0e17690c9d,3,2,0.6666666666666666,0.3333333333333333,9,0.6,0.6666666666666666,1.0,H
d041a55d-0f2a-424d-a0e0-ec56d155222b,1,0,0.0,2.0,3,0.3333333333333333,,,
47fc7ae2-80f0-47a6-848a-153962166d28,1,1,1.0,0.0,3,0.6666666666666666,,,
6119853b-1920-4e17-a75e-8ac4923c9c0f,1,0,0.0,2.0,3,0.3333333333333333,,,
29eff7ba-12b5-41b7-8196-41ac19086230,1,0,0.0,2.0,3,0.3333333333333333,,,
5c0e5597-bb5b-4e71-a43b-c9ab1b00d770,1,0,0.0,2.0,3,0.3333333333333333,,,
d2ed065e-b35d-46e1-b0f5-94fd219fe700,1,0,0.0,2.0,3,0.3333333333333333,,,
a7c3d8f8-f836-478e-929a-eb8028fb8d84,2,1,0.5,0.5,6,0.5,,,
166793b2-bd47-4b13-98dd-b6cc65719c7a,1,0,0.0,1.0,4,0.3333333333333333,,,
380dd337-faa5-46c9-a3eb-89089db8ef00,1,0,0.0,2.0,3,0.3333333333333333,,,
3212b0ef-0c40-4baf-9ca0-4a9dad5c55d6,2,0,0.0,1.0,6,0.25,,,
604896ed-7207-4e69-b60a-8e5b51183b8d,1,0,0.0,2.0,3,0.3333333333333333,,,
cac382d6-f015-4b87-b19e-921ffbd57442,1,0,0.0,1.0,3,0.3333333333333333,,,
9e05e5fb-62cb-4b0a-a7f1-65ec26165f61,3,2,0.6666666666666666,0.3333333333333333,9,0.6,0.6666666666666666,1.0,H
abd252fd-94db-4e61-9629-c8b0a3ee49d1,1,1,1.0,0.0,3,0.6666666666666666,,,
3a08046a-633e-40ab-ab36-9bb8fa905967,3,1,0.3333333333333333,0.6666666666666666,9,0.4,0.3333333333333333,0.0,L
c8eb0ac6-8e98-4452-b2a7-251c85deb0fd,3,1,0.3333333333333333,1.0,9,0.4,0.3333333333333333,0.0,L
fcb5349d-0c15-4b2f-a38c-fad23e7815cb,1,0,0.0,1.0,3,0.3333333333333333,,,
3c548896-f0de-403e-a95f-1d617b2e6a89,1,0,0.0,2.0,3,0.3333333333333333,,,
c55157f2-e6cb-45bf-b464-1d36d117d8e5,3,1,0.3333333333333333,0.6666666666666666,9,0.4,0.3333333333333333,0.0,L
1ba0f620-1043-424b-a216-fa812b5701ae,1,1,1.0,0.0,3,0.6666666666666666,,,
94bf0f90-129b-4af1-97ae-f27735a7c187,1,0,0.0,2.0,3,0.3333333333333333,,,
7741be00-2c69-4795-8d7b-dd9fb11ebe79,2,0,0.0,1.0,7,0.25,,,
90fa1377-16f1-47cb-8cdf-ded5c0a4315b,1,0,0.0,2.0,3,0.3333333333333333,,,
fcbf4f15-d58a-492f-a0dd-c0acc2af398e,1,1,1.0,0.0,3,0.6666666666666666,,,
6f1362ec-bdc9-404f-9654-c65aa7967481,2,1,0.5,0.5,6,0.5,,,
97f9f4f2-8f01-49d7-ad21-af045397bbe6,2,0,0.0,2.0,6,0.25,,,
c8b2ed28-8639-4d9c-bfd4-a879717bdd8b,1,0,0.0,2.0,3,0.3333333333333333,,,
562c1e31-b688-4ab6-bdf3-623bc883518c,1,0,0.0,1.0,3,0.3333333333333333,,,
f4ef73ef-c1d0-44bc-aff0-a5f4264b05a0,1,1,1.0,0.0,3,0.6666666666666666,,,
9bfc4dcc-f4d2-4e37-aa0e-8b3456930a49,1,0,0.0,2.0,3,0.3333333333333333,,,
dc218c66-87e8-4ff9-915b-20061f2aab6e,1,1,1.0,0.0,3,0.6666666666666666,,,
a58979f6-01f8-4e40-8f8b-f2623177424b,1,0,0.0,2.0,3,0.3333333333333333,,,
1a15f811-e3d5-4037-b4c4-9f644c83494e,1,1,1.0,0.0,3,0.6666666666666666,,,
fe2a06b5-8ba1-4bdb-bb5b-a3eabb06385f,1,0,0.0,1.0,3,0.3333333333333333,,,
15bc09cf-cc5e-43dd-b808-4bb1561a14d7,3,1,0.3333333333333333,1.3333333333333333,9,0.4,0.3333333333333333,0.0,L
18a17d86-a61f-46f0-be7f-7a5891581180,1,0,0.0,3.0,3,0.3333333333333333,,,
97ddae19-5d07-4cd5-8452-135719b71839,1,1,1.0,0.0,3,0.6666666666666666,,,
51234e43-7580-4037-8030-9259fcbf56cf,2,1,0.5,0.5,6,0.5,,,
fca69198-a327-4e56-aae0-ea3e54680c01,1,0,0.0,2.0,3,0.3333333333333333,,,
f7d84380-edec-4e5d-8183-a1c27b1a40ea,1,1,1.0,0.0,3,0.6666666666666666,,,
fb6a269d-9368-4ec8-9c34-9dc705852bfe,3,2,0.6666666666666666,0.6666666666666666,9,0.6,0.6666666666666666,1.0,H
b7704a22-2c63-4a50-b64a-2ad1e23940cf,3,0,0.0,1.0,10,0.2,0.0,0.0,L
72a2eb44-e41e-4222-a00b-a6e90f5b77f2,2,0,0.0,2.0,6,0.25,,,
407b87e0-5fa6-46cd-b6cf-ece828df5eb4,1,0,0.0,1.0,3,0.3333333333333333,,,
182a913c-4063-4096-9c10-bdd343a1fae7,1,0,0.0,2.0,3,0.3333333333333333,,,
0f80846f-e1b9-44e2-8600-3c8fe31b0d3e,1,1,1.0,0.0,3,0.6666666666666666,,,
fec43c62-12f1-4dec-9489-c55dd24a1209,3,0,0.0,1.6666666666666667,9,0.2,0.0,0.0,L
7ebb7dee-021c-45bb-82e0-672aa7613419,3,1,0.3333333333333333,1.0,10,0.4,0.3333333333333333,0.0,L
9780241d-5b93-46ca-ab2c-9650619cfe5d,1,0,0.0,1.0,3,0.3333333333333333,,,
10617858-d255-4ff1-b053-90cc78cb6f9b,4,1,0.25,0.75,12,0.3333333333333333,0.25,0.0,L
1d38b964-4ecd-4a4e-aab3-501aad87f9f6,2,0,0.0,1.5,6,0.25,,,
c9f20f63-2d92-4691-bd88-50b01f15d215,2,0,0.0,2.0,6,0.25,,,
c90e970b-85e3-4e3e-a1bd-0d897bb6278a,1,0,0.0,1.0,3,0.3333333333333333,,,
36cd2f00-96c3-40e8-9c05-81368b7c0937,1,1,1.0,0.0,3,0.6666666666666666,,,
8da21096-c0d6-40dd-9d02-aff8fdb43c8b,3,1,0.3333333333333333,1.0,9,0.4,0.3333333333333333,0.0,L
d5927016-0ca2-4b13-abe6-6b3df054fd57,2,0,0.0,1.5,6,0.25,,,
01b66c04-d618-4eda-9183-848ac3817ce7,2,0,0.0,2.0,6,0.25,,,
6390b4ad-52b1-44d8-bb4f-f4c4efe46bb2,4,2,0.5,0.75,13,0.5,0.49999999999999994,1.0,H
9b4df028-a8d5-4af4-b51c-77d89881fdab,4,3,0.75,0.25,12,0.6666666666666666,0.75,1.0,H
7fafddfc-0f7f-4657-985c-77eb61f75948,6,2,0.3333333333333333,1.0,18,0.375,0.3333333333333333,0.0,L
8f700a8b-677c-4e00-9116-a70305498591,2,1,0.5,0.5,6,0.5,,,
39693efc-3131-4a05-a0bf-156a6c3c3f16,2,0,0.0,2.0,6,0.25,,,
5d101253-9843-43d8-b392-6357d2e70bab,1,0,0.0,1.0,3,0.3333333333333333,,,
a192c89c-0444-4baf-b79d-c7b15dd61362,1,0,0.0,2.0,3,0.3333333333333333,,,
53b4562d-1c1b-4c88-ae1d-bc43d7e71f3e,1,0,0.0,1.0,3,0.3333333333333333,,,
fdaadd8f-e97a-4dc8-a58c-a5dac15dc886,3,0,0.0,1.6666666666666667,9,0.2,0.0,0.0,L
dd0a2308-ec3e-4a87-bbf0-b43619e62957,2,1,0.5,1.0,6,0.5,,,
d6292746-2f7f-4fd8-8f35-67391ec373ef,2,1,0.5,1.0,6,0.5,,,
33869d0f-d463-4fe1-bacf-2cdc3680565a,1,0,0.0,1.0,3,0.3333333333333333,,,
23629175-07d6-4c47-a96e-53d9894b2f27,1,0,0.0,2.0,3,0.3333333333333333,,,
1801f331-a0f2-4840-a4ea-190e8f9dc298,3,2,0.6666666666666666,0.3333333333333333,9,0.6,0.6666666666666666,1.0,H
986f3943-da34-46c5-8414-487c53e0b3ef,2,0,0.0,2.5,6,0.25,,,
2eb6f6ec-266a-41c7-b04a-2965c1c633aa,2,1,0.5,0.5,6,0.5,,,
d9a2914a-4834-4ead-b9a0-18a13324f57a,1,0,0.0,1.0,3,0.3333333333333333,,,
51605490-1f7f-46ef-8043-7610bcb14932,1,0,0.0,1.0,3,0.3333333333333333,,,
518f4ba0-fc65-4218-8f41-9da621a634f1,1,0,0.0,1.0,3,0.3333333333333333,,,
79f95d4b-e475-4ae4-8e7a-f8f599609a43,2,1,0.5,0.5,6,0.5,,,
594c7b36-e02d-41cb-bf71-cb79963c0026,3,0,0.0,1.6666666666666667,9,0.2,0.0,0.0,L
0f2253a1-6b49-44b4-a9e8-4f735499d8ea,2,0,0.0,1.5,6,0.25,,,
f4c2bd86-364d-41d5-b7fc-be3b114f13c4,1,1,1.0,0.0,3,0.6666666666666666,,,
37da0bf7-ba86-4abd-a788-339e2678ac47,1,0,0.0,2.0,3,0.3333333333333333,,,
6f9f2d2d-94fe-4918-871e-88545013f56a,1,0,0.0,1.0,3,0.3333333333333333,,,
8711cb8c-f936-4b5e-8d3b-2f3f56925742,1,1,1.0,0.0,3,0.6666666666666666,,,
cc2aaf78-f0b3-4cd1-ac96-06a2b550b3b1,1,0,0.0,1.0,3,0.3333333333333333,,,
9beb42b1-6bd0-4946-b233-38a4e9c25e33,1,0,0.0,2.0,3,0.3333333333333333,,,
4afeabdc-4720-4a23-9ad0-5e6c93b98a85,1,1,1.0,0.0,3,0.6666666666666666,,,
e562e417-4f57-4dbe-a2a1-df1746b4f4eb,1,1,1.0,0.0,3,0.6666666666666666,,,
a37ec61e-3e25-4b33-a846-0826819561ce,1,1,1.0,0.0,3,0.6666666666666666,,,
7564bcd7-27a0-4fea-a78d-bbf2d113d24b,3,2,0.6666666666666666,0.3333333333333333,9,0.6,0.6666666666666666,1.0,H
ba9bda2e-cf88-4cc2-8bff-ddf3e3c1f41e,2,1,0.5,0.5,6,0.5,,,
0473bec9-acac-469e-80c4-d7ca34b04512,1,0,0.0,2.0,3,0.3333333333333333,,,
7f4b970b-bb99-42d3-84aa-90d1e4402ab4,1,0,0.0,1.0,3,0.3333333333333333,,,
c9573625-ed12-4c71-8f12-185c86c100d5,1,0,0.0,1.0,3,0.3333333333333333,,,
13561fb0-874e-4871-a1a9-6e0c7e5544b4,2,1,0.5,0.5,6,0.5,,,
1fb38616-4055-413d-8b89-01d3f621ce85,1,1,1.0,0.0,3,0.6666666666666666,,,
9a416272-03f2-4c9e-ad90-f00b5a7ba7bf,1,0,0.0,1.0,3,0.3333333333333333,,,
713f1290-f433-409b-971c-0893c36ce9c4,1,0,0.0,1.0,3,0.3333333333333333,,,
8ad79b9d-beb9-430c-8fdf-edfb28bb7c04,1,0,0.0,2.0,3,0.3333333333333333,,,
7fb0ffa2-9ffa-4571-84d5-828d7c43648c,1,1,1.0,0.0,3,0.6666666666666666,,,
c418e05a-ee58-4dac-b7f3-37d31bb4a8ab,1,0,0.0,1.0,3,0.3333333333333333,,,
28bea19b-b87d-4611-9d8c-4b67bcffba66,1,0,0.0,1.0,3,0.3333333333333333,,,
b82c4c33-4220-44b3-801a-c10c9c5f8215,1,0,0.0,1.0,3,0.3333333333333333,,,
7c7f38d9-d947-4fd3-b39c-41eb25a6c8a4,1,1,1.0,0.0,3,0.6666666666666666,,,
caaaa1ec-caad-4193-a052-0483e17f4383,1,0,0.0,2.0,3,0.3333333333333333,,,
465eff6a-54c5-4e9d-bc56-67cd8d1a31f8,1,1,1.0,0.0,3,0.6666666666666666,,,
28c42705-27b1-4dcf-9f38-dc2f151f4a58,1,0,0.0,2.0,3,0.3333333333333333,,,
bfdea659-488f-443f-a3ae-809bc2201c5c,1,0,0.0,1.0,3,0.3333333333333333,,,
6b44fd19-72dc-4225-b842-bbf5fdf3c8da,3,2,0.6666666666666666,0.6666666666666666,9,0.6,0.6666666666666666,1.0,H
e9cbe0ab-af95-47bd-945f-045d25dcf00d,3,1,0.3333333333333333,0.6666666666666666,9,0.4,0.3333333333333333,0.0,L
6c21e78b-f838-4f77-adb3-d7e69908c578,2,1,0.5,0.5,6,0.5,,,
8f799d2b-6424-4e4f-94e6-5796581580e8,1,0,0.0,2.0,3,0.3333333333333333,,,
bd46c710-ce34-44c1-a6d4-d9ede45ac419,1,1,1.0,0.0,3,0.6666666666666666,,,
b70458af-ed68-44dc-8fb7-7fa1125ff762,1,0,0.0,2.0,3,0.3333333333333333,,,
92daa494-bb36-4388-b983-a8403e46555d,1,0,0.0,2.0,3,0.3333333333333333,,,
f55cdb23-0bea-41f6-99db-18b1d1edbf0d,1,0,0.0,1.0,3,0.3333333333333333,,,
ea8c7722-7115-4780-8782-e445407edcf6,1,0,0.0,2.0,3,0.3333333333333333,,,
6c623c1b-460d-41fd-bf38-d602c58dee07,1,1,1.0,0.0,3,0.6666666666666666,,,
6f7e14ad-9e4b-46e9-9846-74b349ce14ee,1,0,0.0,1.0,3,0.3333333333333333,,,
6327dfcc-6fa8-46b3-b8d2-725fa66da102,1,0,0.0,2.0,3,0.3333333333333333,,,
b91cc241-8a69-4de8-bc3b-d444f66551e3,1,0,0.0,1.0,3,0.3333333333333333,,,
b5bacbb2-daf0-4417-9c73-353c4788c6db,2,2,1.0,0.0,6,0.75,,,
23628ff1-7cda-405a-805a-69c116d78ddc,1,1,1.0,0.0,3,0.6666666666666666,,,
ada4bef4-b491-4416-a061-cf2d2a6cc375,1,0,0.0,1.0,3,0.3333333333333333,,,
f04fea74-4941-4e9d-850e-c2865609959f,1,0,0.0,1.0,3,0.3333333333333333,,,
c4a4a489-5b74-4c41-ae7f-6a08b928c990,1,0,0.0,1.0,3,0.3333333333333333,,,
d27d6493-0b5b-4e18-be62-c968db56a9a0,1,0,0.0,1.0,3,0.3333333333333333,,,
2ca97b27-da5c-4e8c-974f-ea3478dfda3c,2,0,0.0,1.5,6,0.25,,,
26efb322-d995-46e1-ac06-56707e18920f,2,1,0.5,0.5,6,0.5,,,
b04ae84b-5cec-47f0-982f-096a684786bc,2,0,0.0,1.0,6,0.25,,,
97894afc-2204-4c7b-9b91-f1c71c10f032,1,1,1.0,0.0,3,0.6666666666666666,,,
e0f23827-07ae-4cc0-b0b1-494a5744a043,1,0,0.0,3.0,3,0.3333333333333333,,,
50fa38b7-24f0-4284-ac79-c1a6312b549c,1,0,0.0,2.0,3,0.3333333333333333,,,
f2ff5ed0-c8dc-40bd-8745-3f7584f6cc37,1,0,0.0,1.0,3,0.3333333333333333,,,
a696ed68-8471-4599-84a5-8466d8e0f6a9,1,0,0.0,2.0,3,0.3333333333333333,,,
de273d10-2e00-4d8d-b35e-03528960721a,3,1,0.3333333333333333,0.6666666666666666,9,0.4,0.3333333333333333,0.0,L
36e29746-d759-428d-932d-34bc45836ebe,1,0,0.0,1.0,3,0.3333333333333333,,,
5c8455bd-f6e7-4c7d-b8e8-ed9f722cc7de,1,0,0.0,2.0,3,0.3333333333333333,,,
10734a32-9bb2-4602-86fd-a1108a66ae7d,1,1,1.0,0.0,3,0.6666666666666666,,,
1a1dc519-dd3e-4466-ab9b-db75a033248e,2,0,0.0,1.5,6,0.25,,,
e1d73be2-88dc-43c9-8b77-c4d36540dbeb,2,1,0.5,1.5,6,0.5,,,
56e14143-53d9-4d6f-b501-480c12c8a5d5,1,0,0.0,2.0,3,0.3333333333333333,,,
b39f5950-d0f6-47f0-bdf0-732568c57959,1,0,0.0,1.0,3,0.3333333333333333,,,
ddf857b4-641a-4b79-88f0-9c5a12ba13f3,2,0,0.0,2.0,6,0.25,,,
e2f76e46-86c0-4989-8f3f-00ddaac68f43,1,1,1.0,0.0,3,0.6666666666666666,,,
48da9a26-f926-4ed1-ad61-ed7aa13d0229,1,1,1.0,0.0,3,0.6666666666666666,,,
0199396b-fdec-480a-a356-d3587a779851,1,0,0.0,1.0,3,0.3333333333333333,,,
22908fcc-4bad-4fb9-b7a1-795819dbf969,1,1,1.0,0.0,3,0.6666666666666666,,,
98f396da-3d14-4c0f-9fce-ef0bd68232a3,2,1,0.5,1.0,6,0.5,,,
768f8128-ae41-4dbd-bda0-f97a3c96b495,1,0,0.0,2.0,3,0.3333333333333333,,,
8b8c68b6-55a7-4e7f-a8b2-8f459755f255,1,0,0.0,2.0,3,0.3333333333333333,,,
cb953cc6-3d9f-4b0f-86c4-2b04df96590b,1,0,0.0,1.0,3,0.3333333333333333,,,
168e5276-67bb-48cb-8525-a5f51ca58cb4,2,0,0.0,1.5,6,0.25,,,
24857eb0-29fa-4795-ae65-174cf3ba2b63,2,0,0.0,1.0,6,0.25,,,
b757d4dc-b616-4bb9-a324-76133bcc7863,1,0,0.0,2.0,3,0.3333333333333333,,,
65af70f7-b492-415a-9529-5a4928a767e4,2,1,0.5,0.5,6,0.5,,,
31065e5b-3b15-4597-b642-1fcff57c0056,1,0,0.0,3.0,3,0.3333333333333333,,,
52450472-11fa-4db1-b5c7-e1370b98249b,1,0,0.0,1.0,3,0.3333333333333333,,,
8cd67eab-4674-4ddc-a122-84b58b180366,3,0,0.0,1.6666666666666667,9,0.2,0.0,0.0,L
769c7f6f-3e7f-42ec-86b7-a13960ff72a0,1,0,0.0,2.0,3,0.3333333333333333,,,
8f755fff-5524-4d26-bec4-4780cdec0735,1,0,0.0,1.0,3,0.3333333333333333,,,
49520f0a-86e7-4aba-9d97-f5be37800018,6,3,0.5,1.1666666666666667,18,0.5,0.5,1.0,H
7e8fa199-074e-443e-89a5-1fb180b464b0,2,0,0.0,1.5,6,0.25,,,
a02f8ad9-aa10-4122-8d61-b90fff48a41c,1,0,0.0,2.0,3,0.3333333333333333,,,
fb3cd644-61a2-4bf3-8964-9073b372bab2,2,0,0.0,2.0,6,0.25,,,
9c728583-d2fd-469b-919b-a45d9d1a9d61,1,1,1.0,0.0,3,0.6666666666666666,,,
ca84bcfd-0bef-41f6-a219-7673382b64f7,1,0,0.0,1.0,3,0.3333333333333333,,,
c1b116ce-c0fc-4030-b0c1-4acacf0d4541,2,1,0.5,1.0,6,0.5,,,
a6f70221-5365-474c-81a6-43d17c5e5d50,1,0,0.0,1.0,3,0.3333333333333333,,,
eaa431db-6ec8-4ebb-8296-12fc07ebebbd,1,0,0.0,1.0,3,0.3333333333333333,,,
82630a2c-5e16-43d5-a1a4-f6f415fdfa0d,1,1,1.0,0.0,3,0.6666666666666666,,,
35707bd2-c052-4b60-b1a6-24fa6711dd40,1,0,0.0,2.0,3,0.3333333333333333,,,
09619551-3ccf-4a98-a798-2457486a1d73,1,0,0.0,2.0,3,0.3333333333333333,,,
018b8e5c-927a-4424-a4e4-60ad33c3b74a,1,0,0.0,1.0,3,0.3333333333333333,,,
f1b81017-39ae-41c3-a794-a95ed5b3043d,1,0,0.0,2.0,3,0.3333333333333333,,,
82f62521-9776-4cb7-a01c-d430e857dc62,1,0,0.0,2.0,3,0.3333333333333333,,,
ca3017ba-6ae0-4d7d-a634-0607fa037102,1,0,0.0,1.0,3,0.3333333333333333,,,
fdd46ec4-95d9-4aa4-956e-df4080e9551b,1,0,0.0,2.0,3,0.3333333333333333,,,
287acb11-6962-4602-b2f1-1efb7c21b975,1,1,1.0,0.0,3,0.6666666666666666,,,
d26f853e-0505-4ec2-bbb1-06a40e4164c3,1,1,1.0,0.0,3,0.6666666666666666,,,
f35ce68a-3ff1-45a5-9fde-6eadb884917d,4,2,0.5,0.5,12,0.5,0.5,1.0,H
5284bc39-77e1-4499-b4d9-4c6dfb1f5a6f,2,1,0.5,0.5,6,0.5,,,
54b89fda-dd52-4c98-b1d0-6e64b0bd89ad,1,0,0.0,1.0,3,0.3333333333333333,,,
8e9aab6e-9c50-4b8c-b7dc-b3c7c304a46b,1,0,0.0,2.0,3,0.3333333333333333,,,
b250a0a7-c08d-4795-bd93-b1e713dc4f17,2,1,0.5,1.0,6,0.5,,,
a4a6ae27-f13d-42f7-9864-3f6389bda4b6,1,1,1.0,0.0,3,0.6666666666666666,,,
0bddfd15-d9b0-47a1-9e6c-ee7dc110790d,2,0,0.0,2.0,6,0.25,,,
ac1d1c86-63fa-4565-86cc-f2e07c8fbf7d,1,0,0.0,2.0,3,0.3333333333333333,,,
4c7b4a93-da04-435d-91a0-e74beceebf91,1,0,0.0,2.0,3,0.3333333333333333,,,
ddc96dae-c2f1-486b-ae8d-23bf8bb786ad,1,1,1.0,0.0,3,0.6666666666666666,,,
f82b76c3-db32-4a07-9f6f-343406ff3b2a,1,0,0.0,1.0,3,0.3333333333333333,,,
0d38ad98-407d-4579-b454-8debd0b81f06,1,0,0.0,1.0,3,0.3333333333333333,,,
8f90fa92-2652-45be-8307-f7a133348ad2,1,0,0.0,1.0,3,0.3333333333333333,,,
1e36f3ea-512a-4ad7-997f-9a34b27f130f,1,0,0.0,2.0,3,0.3333333333333333,,,
c0394fbd-b8f5-4902-9147-e7f78ed4a076,2,1,0.5,0.5,6,0.5,,,
fc805c57-71a9-47e7-b11f-e6bcfd19b2f8,1,0,0.0,2.0,3,0.3333333333333333,,,
e1a80194-c494-454a-8307-ed8081060be9,1,0,0.0,1.0,3,0.3333333333333333,,,
e255cb23-0616-4f61-ad01-43b062050b61,1,1,1.0,0.0,3,0.6666666666666666,,,
1d27c4ce-7797-4482-9f41-8acd47f412f9,2,0,0.0,1.0,6,0.25,,,
3a1d7b94-3f1c-437c-85c0-990fb5691b0b,2,0,0.0,2.0,6,0.25,,,
1f6ae732-d9a1-4b28-a70e-07dc235f85b2,1,0,0.0,1.0,3,0.3333333333333333,,,
2eebdc69-acd6-46d2-9593-9dd5d62445f4,1,0,0.0,1.0,3,0.3333333333333333,,,
24ac4bd3-3478-432b-861c-6beec0d174ce,1,1,1.0,0.0,3,0.6666666666666666,,,
809a576e-43c0-4195-a8f9-1f65f75e2670,1,0,0.0,1.0,3,0.3333333333333333,,,
48bdb07a-4ee3-4203-bc10-6728999775a3,1,0,0.0,3.0,3,0.3333333333333333,,,
8d0d9790-0cb4-4618-a46f-1b63579065ee,1,1,1.0,0.0,3,0.6666666666666666,,,
e9b57159-1ba0-4069-837e-1f40047a40b5,1,0,0.0,2.0,3,0.3333333333333333,,,
7850f342-42c1-43a9-9ea9-8a373490516c,2,0,0.0,1.5,6,0.25,,,
9ee4c4f3-1fb7-4e80-94f4-9a068f09ed45,1,1,1.0,0.0,3,0.6666666666666666,,,
d895a015-1b5d-401d-940d-5e0f85755552,1,0,0.0,1.0,3,0.3333333333333333,,,
b403df23-bf31-4fd0-a0b5-a1b2b3082be5,1,0,0.0,2.0,3,0.3333333333333333,,,
cbfdeea0-54b9-4038-9c07-9856b9bb61a1,1,0,0.0,1.0,3,0.3333333333333333,,,
bdbad5ef-3cc1-43bb-ab3e-c0d9a5471fc9,1,1,1.0,0.0,3,0.6666666666666666,,,
bcad9310-cfb0-4ad9-9c99-6d8c47ca4dc3,1,0,0.0,1.0,3,0.3333333333333333,,,
fd4b4a3a-5be5-4555-8d44-42834f4c1016,1,0,0.0,3.0,3,0.3333333333333333,,,
207fb7f2-644b-4750-86c1-0287977a5d9f,1,1,1.0,0.0,3,0.6666666666666666,,,
081437b0-57fc-4a7e-98ca-806af9249a87,1,0,0.0,1.0,3,0.3333333333333333,,,
1d8ce05d-42cc-4ece-a65c-a134d0ff7f73,3,2,0.6666666666666666,0.3333333333333333,9,0.6,0.6666666666666666,1.0,H
32f694e5-ddae-431c-a864-b48eda705b35,2,1,0.5,0.5,6,0.5,,,
513f55d6-15e7-47c8-beb3-dd945ebb4a12,1,0,0.0,2.0,3,0.3333333333333333,,,
82c75142-6a04-48ed-a98c-cf5744d6c6f0,2,1,0.5,0.5,6,0.5,,,
34d51884-cccc-48df-be67-ef309591b930,2,1,0.5,0.5,6,0.5,,,
fca50dcd-ba56-4b59-9e1c-e19612f709ef,1,1,1.0,0.0,3,0.6666666666666666,,,
dfd88adf-2cb5-4b01-a0d4-e58048c6ae78,1,0,0.0,2.0,3,0.3333333333333333,,,
49b11575-c3d5-4606-9ab3-2df7477c15ca,1,0,0.0,2.0,3,0.3333333333333333,,,
91dcd7f4-70be-4783-b6fa-49bb95bc28b4,1,0,0.0,1.0,3,0.3333333333333333,,,
f6cf62f9-856c-4101-b08a-398acc08f06c,1,0,0.0,2.0,3,0.3333333333333333,,,
18c8bcf3-a475-4b92-a9b7-1ea14fe944de,1,0,0.0,1.0,3,0.3333333333333333,,,
3f8c71d4-65ec-45ad-a115-367beacdfcbd,1,1,1.0,0.0,3,0.6666666666666666,,,
6920917e-f6af-4194-9b76-fab95a57734e,1,0,0.0,3.0,3,0.3333333333333333,,,
623b50d1-4264-425e-87b9-722339f41d45,1,0,0.0,1.0,3,0.3333333333333333,,,
0a468adf-e203-43e8-80c6-fc0078f229c0,1,0,0.0,1.0,3,0.3333333333333333,,,
601ec6bd-c58a-48bd-b463-5215025b3c59,1,1,1.0,0.0,3,0.6666666666666666,,,
6b4fdee8-ee29-46d2-b228-13b4bd3dfc93,1,0,0.0,1.0,3,0.3333333333333333,,,
24053d52-95b9-43ea-bad5-84b959f3f382,1,0,0.0,2.0,3,0.3333333333333333,,,
8af559e7-75bc-417c-ad80-3e4eb1b8731f,1,0,0.0,2.0,3,0.3333333333333333,,,
2d5ad34a-cc3d-4cd9-9b3b-0c9b98dd9351,1,0,0.0,1.0,3,0.3333333333333333,,,
053f6e40-5e26-4cc0-9f41-b273f9d0325d,1,0,0.0,2.0,3,0.3333333333333333,,,
ed30043f-59bf-4a1c-b486-c7b8f5bf51ad,1,1,1.0,0.0,3,0.6666666666666666,,,
1b76d3e6-8f9b-491b-914b-df480e5c7f55,1,0,0.0,2.0,3,0.3333333333333333,,,
4d5f6328-b2dc-4c1f-8694-1be3d29983ae,1,0,0.0,1.0,3,0.3333333333333333,,,
8aae8c04-f3ef-4e80-bab6-13f812492da5,1,1,1.0,0.0,3,0.6666666666666666,,,
abc346b7-ec87-49e6-9927-90ea4c65c51a,2,1,0.5,1.0,6,0.5,,,
39e36ec0-764f-48fa-861d-a77071278b8e,1,0,0.0,1.0,3,0.3333333333333333,,,
85791788-3aae-40d8-97e2-98024967c1e6,2,0,0.0,1.5,6,0.25,,,
86b3ac81-05bd-45c7-85ad-1c34df9a0a63,1,0,0.0,2.0,3,0.3333333333333333,,,
726ec86e-a462-4754-9a55-e0794d77e566,1,0,0.0,1.0,3,0.3333333333333333,,,
dfd2f92a-5ec7-494f-a15f-2076efa408e3,2,0,0.0,2.0,6,0.25,,,
332d24fd-5b4a-4ae7-9f7c-46c569371e5d,1,1,1.0,0.0,3,0.6666666666666666,,,
f4e4f0b5-828e-49fd-b626-4de409b0fdce,1,0,0.0,1.0,3,0.3333333333333333,,,
16b0a53e-2ac2-4026-b2ba-ab96aa7820eb,1,0,0.0,2.0,3,0.3333333333333333,,,
cc33c80b-5be5-4f8e-af8e-58bcbd803889,1,1,1.0,0.0,3,0.6666666666666666,,,
85e560c4-9e48-46a1-88de-2a1a59f0e4bf,2,1,0.5,0.5,6,0.5,,,
b9540918-6f71-487b-80b0-32a5f45002d9,2,1,0.5,0.5,6,0.5,,,
df4e9b7f-6009-4ca6-a6e6-efc4d58a2c72,1,0,0.0,1.0,3,0.3333333333333333,,,
31710c18-2cd2-4cbe-80b3-c1ee64d489ee,1,0,0.0,1.0,3,0.3333333333333333,,,
fc7a6948-77c2-4b67-ab7a-3b5a357ac585,1,0,0.0,1.0,3,0.3333333333333333,,,
72705aa5-83f9-4a15-92ae-dc1593259894,1,0,0.0,2.0,3,0.3333333333333333,,,
39853744-afa7-4364-96cc-70749c566f5d,1,0,0.0,1.0,3,0.3333333333333333,,,
bf1add70-c47e-42ba-85ca-dac2ec82781f,1,0,0.0,1.0,3,0.3333333333333333,,,
99dbdd5b-2017-4ca2-a3a9-7177ee1cd5d7,1,0,0.0,1.0,3,0.3333333333333333,,,
5db09c45-1cfe-48f3-87bf-6509f6ebed8b,1,0,0.0,1.0,3,0.3333333333333333,,,
6688a83e-fa02-49c8-b0ee-a0fc161cb65e,1,0,0.0,2.0,3,0.3333333333333333,,,
7ea6422c-1172-4f60-9b02-e05bbc06c6c1,1,1,1.0,0.0,3,0.6666666666666666,,,
738e9f50-cfa3-4512-9d4d-6341d62c6424,2,2,1.0,0.0,6,0.75,,,
5a76d6bb-d2ae-4a9d-a729-38d15d80858e,1,0,0.0,1.0,3,0.3333333333333333,,,
cc41d8f6-47c5-4cfd-b57d-3d962ae45479,1,0,0.0,2.0,3,0.3333333333333333,,,
744a877b-4bab-4311-badf-11a2fd6bce33,1,0,0.0,1.0,3,0.3333333333333333,,,
1404db88-830e-41b7-948f-0b5096054b97,1,0,0.0,2.0,3,0.3333333333333333,,,
518087c5-bfb7-493c-8b2b-914ae9c026ec,1,1,1.0,0.0,3,0.6666666666666666,,,
3e9403b6-b6db-4d17-8b92-5463e14f7d37,2,0,0.0,1.0,6,0.25,,,
daf8b271-e095-49e0-8506-92ff5b0670c4,1,0,0.0,2.0,3,0.3333333333333333,,,
71c67798-9e21-41fd-91c7-633bf99f04a3,2,0,0.0,2.0,6,0.25,,,
d4c16fd7-8c67-4b5e-a58a-673061d8006a,1,0,0.0,3.0,3,0.3333333333333333,,,
478ea177-bb3b-48fd-8506-2da6562858dd,1,0,0.0,2.0,3,0.3333333333333333,,,
22b4744f-1368-4962-bd48-e62bc84df5cc,1,0,0.0,2.0,3,0.3333333333333333,,,
dbbd3739-a476-432c-9db7-c342a2627b50,1,0,0.0,2.0,3,0.3333333333333333,,,
267c4169-fc0a-431d-bd2e-de98001741ea,2,1,0.5,1.0,6,0.5,,,
68c5239d-3413-4e37-8595-7c419f353f99,2,0,0.0,1.5,6,0.25,,,
09634746-1bda-4372-84b1-ce7778d7ff56,1,0,0.0,1.0,3,0.3333333333333333,,,
4371e8cd-65d4-474f-8e3c-3290ad4fee4c,1,1,1.0,0.0,3,0.6666666666666666,,,
f2f0b733-daae-41bb-9561-d2cc73ecddba,1,0,0.0,1.0,3,0.3333333333333333,,,
abd4d72c-7160-48bf-819f-67fca8532c2a,1,1,1.0,0.0,3,0.6666666666666666,,,
657b83d4-88eb-4882-b4a0-2787717818b8,1,0,0.0,2.0,3,0.3333333333333333,,,
03e15c36-911e-4e76-9ad8-7af1ee46184d,1,0,0.0,1.0,3,0.3333333333333333,,,
97226edf-2a6a-423d-bbaf-cb049c935ed8,1,0,0.0,1.0,3,0.3333333333333333,,,
cbcf368c-f460-498a-8732-4c17349bf81b,1,1,1.0,0.0,3,0.6666666666666666,,,
adabe1ad-b970-4ddc-a8d6-2eb9bcffd2ea,1,0,0.0,1.0,3,0.3333333333333333,,,
583125fa-61ce-43ca-b272-538cbbc02b14,1,0,0.0,1.0,3,0.3333333333333333,,,
9787b0ca-dc7d-4e56-a836-03e67d053b4d,1,1,1.0,0.0,3,0.6666666666666666,,,
ad5d16d7-288d-4344-ae6c-1f060034fdaa,1,0,0.0,1.0,3,0.3333333333333333,,,
e0386dc1-90c3-415f-a8ad-3a30e1cb7f56,1,1,1.0,0.0,3,0.6666666666666666,,,
d9993cc2-aa72-40ce-aca0-0179980c0f4f,1,1,1.0,0.0,3,0.6666666666666666,,,
18581c06-bf93-49e6-8166-5bc743b62f46,1,0,0.0,1.0,3,0.3333333333333333,,,
c2e1c7d7-b2ae-4404-a9eb-8c4c65a314b7,2,1,0.5,0.5,6,0.5,,,
373a98ae-c121-4672-9591-a1ffe10422e5,1,0,0.0,1.0,3,0.3333333333333333,,,
21df82ff-c39e-4053-bb29-92c7ee43a774,1,0,0.0,1.0,3,0.3333333333333333,,,
361bfa34-206f-4007-9ad3-f4d86cb117e9,1,0,0.0,2.0,3,0.3333333333333333,,,
4438395f-e8ca-4bda-9943-d5ecaaf12bee,2,1,0.5,1.0,6,0.5,,,
64a527d6-2622-429a-9a88-93bb2044ee78,1,0,0.0,2.0,3,0.3333333333333333,,,
bf0e916f-e171-47b2-ac7a-c3c3a81b3dcf,1,1,1.0,0.0,3,0.6666666666666666,,,
2827b598-f10d-4e4e-bee5-5b0272902559,2,1,0.5,0.5,6,0.5,,,
1ac1bc0e-db15-4d82-a081-f3c158724a50,1,0,0.0,2.0,3,0.3333333333333333,,,
550ec228-0878-430b-b7f1-fbfab06d0676,2,1,0.5,0.5,6,0.5,,,
1c84b6aa-59bb-4fd3-9171-c7a3644d383e,1,0,0.0,1.0,3,0.3333333333333333,,,
a0f7c7d7-4dda-46b9-bc3c-247350b4ab82,1,0,0.0,2.0,3,0.3333333333333333,,,
46bb3f86-54fa-49e4-8681-a0acc6af7860,1,0,0.0,1.0,3,0.3333333333333333,,,
e2cee252-0f3b-4ae6-8152-00321048731f,2,0,0.0,1.0,6,0.25,,,
f1b250e3-ca3f-4ea0-84e8-bbad2a6c738e,1,0,0.0,2.0,3,0.3333333333333333,,,
814f1c50-b5c6-4d44-bfd5-22698b9c348c,1,0,0.0,1.0,3,0.3333333333333333,,,
6c009d25-81fb-4d1d-9ebb-2df58d1a6d93,2,0,0.0,1.5,6,0.25,,,
341b86fe-0e70-4696-ad17-5d26a3b87413,1,0,0.0,2.0,3,0.3333333333333333,,,
3528d16b-e1c1-423b-bae8-29c2ce58463e,2,2,1.0,0.0,6,0.75,,,
c5bc0874-2019-4322-bdab-86a4c2380713,1,0,0.0,2.0,3,0.3333333333333333,,,
378f24d2-3564-4689-a58e-918c59256760,1,1,1.0,0.0,3,0.6666666666666666,,,
e89daf71-2b35-4aa0-9639-0a7ea0272547,1,0,0.0,1.0,3,0.3333333333333333,,,
0cf3b5dd-ecc2-4f60-aa42-23ea63da9197,1,0,0.0,1.0,3,0.3333333333333333,,,
76efd0b9-aff6-4872-9950-791390200875,1,1,1.0,0.0,3,0.6666666666666666,,,
83aacf04-f6e1-4f8a-93c5-639c947ea8a0,2,1,0.5,0.5,6,0.5,,,
ae45672d-2cfd-42db-ba8e-b768c41b2fd2,1,0,0.0,1.0,3,0.3333333333333333,,,
80774b8a-40b0-41c3-8e3b-ed6654bb6279,1,0,0.0,1.0,3,0.3333333333333333,,,
5c3118ec-fdce-4f91-a6e0-0da0f70e59fd,1,0,0.0,1.0,3,0.3333333333333333,,,
8e5ebe75-d6be-4361-b610-f6f6f573a2f0,1,0,0.0,1.0,3,0.3333333333333333,,,
305ef4b0-9c98-46b3-bec0-0594891fa6cf,1,0,0.0,1.0,3,0.3333333333333333,,,
9d5ce6f7-0b15-4cda-91e7-9351e6b7cc97,1,1,1.0,0.0,3,0.6666666666666666,,,
785de65d-fdb5-48ae-b853-a538dba58f08,1,0,0.0,2.0,3,0.3333333333333333,,,
583c52b2-01f1-4268-9d8f-0c1cc6a8b733,1,1,1.0,0.0,3,0.6666666666666666,,,
db0d49bf-8d02-4172-803f-b3eb9895a546,1,0,0.0,2.0,3,0.3333333333333333,,,
0705276e-9c93-4f30-8eba-ac9837a3bd91,1,0,0.0,2.0,3,0.3333333333333333,,,
f25554a0-e99e-46a6-80c8-a428a0134ea3,2,1,0.5,1.0,6,0.5,,,
daf4909f-f66a-4ce9-b8b2-3f22ea3d4d9f,1,0,0.0,1.0,3,0.3333333333333333,,,
0120d92a-16ee-4518-bc1c-fdaec3edae20,1,0,0.0,1.0,3,0.3333333333333333,,,
e822a5f6-931b-4d11-8cd4-d6a6e493405a,1,1,1.0,0.0,3,0.6666666666666666,,,
9193ada0-704c-44ca-a537-feff0dc5417c,1,0,0.0,2.0,3,0.3333333333333333,,,
1e9b1761-4d89-4ee4-8f8a-989222df34b0,1,0,0.0,2.0,3,0.3333333333333333,,,
db976d47-cbb2-470b-9cbf-c6ec6b4d856a,1,1,1.0,0.0,3,0.6666666666666666,,,
7f3b26f6-13ac-4d46-bef9-793b4caf3d9a,1,1,1.0,0.0,3,0.6666666666666666,,,
4f957007-d3aa-4dfe-8571-2a0458f6d975,1,0,0.0,1.0,3,0.3333333333333333,,,
6f05ca05-3666-4601-92f0-1a1b5b99dbfb,4,2,0.5,0.5,12,0.5,0.49999999999999994,1.0,H
59578235-2348-491a-956e-7fa9efc1f906,1,0,0.0,2.0,3,0.3333333333333333,,,
4f07f99c-0d79-443d-ba5f-b6bc41cdb6cc,2,0,0.0,1.0,6,0.25,,,
6ff2c818-8fd3-4852-ad74-3beea573203d,1,0,0.0,1.0,3,0.3333333333333333,,,
62101cf0-b94b-4a76-ae9e-3fa3bd167d02,3,1,0.3333333333333333,0.6666666666666666,9,0.4,0.3333333333333333,0.0,L
bfaaab26-5cf4-49b4-acce-ee0a76d4586e,1,1,1.0,0.0,3,0.6666666666666666,,,
c0dca0db-4b69-47e2-a84e-74feab67ba70,1,0,0.0,1.0,3,0.3333333333333333,,,
b235f805-020d-4005-8a3b-c8cb9a1db046,1,1,1.0,0.0,3,0.6666666666666666,,,
68f748d2-cef5-415a-8f76-37ba1768d03f,1,0,0.0,1.0,3,0.3333333333333333,,,
97720bf2-545a-4795-a77b-d671364e9f6c,1,0,0.0,1.0,3,0.3333333333333333,,,
81833651-ddf0-4485-a686-e4215367ceb2,1,0,0.0,2.0,3,0.3333333333333333,,,
d2bc4c11-3624-4c59-b178-30119540297b,1,0,0.0,3.0,3,0.3333333333333333,,,
d9e5aeda-0f3c-4c08-bf9c-a6250fa8a7ec,6,2,0.3333333333333333,1.1666666666666667,18,0.375,0.3333333333333333,0.0,L
c174f511-2426-4a3b-9c28-71432dd3ab97,1,1,1.0,0.0,3,0.6666666666666666,,,
3ce1e2cc-f7db-420a-8735-0b2ec71df6ca,1,0,0.0,1.0,3,0.3333333333333333,,,
3f323459-5d6c-4ca2-b740-752a552b82a9,1,0,0.0,1.0,3,0.3333333333333333,,,
e8a31dce-af93-4a35-a7cf-7113d0a3d8dc,1,0,0.0,1.0,3,0.3333333333333333,,,
62c401c0-b752-4db3-ab03-589763753d84,1,1,1.0,0.0,3,0.6666666666666666,,,
6938073d-e4fa-49dc-911e-7e4f39458b9c,1,0,0.0,2.0,3,0.3333333333333333,,,
0d1c3146-8562-4008-a730-aada545b6aea,1,0,0.0,1.0,3,0.3333333333333333,,,
19f5688f-4db4-4004-a82c-725d0ff70ea7,1,0,0.0,1.0,3,0.3333333333333333,,,
0e510a9e-97ae-4948-99ca-ada2c8f9f28f,1,0,0.0,1.0,3,0.3333333333333333,,,
5e635ee8-35f3-4f52-8a0d-dc26c8421ab0,1,1,1.0,0.0,3,0.6666666666666666,,,
4df8dcbb-3dd0-41a5-a9bd-5533676d382a,2,1,0.5,0.5,6,0.5,,,
eb2c1f2b-c47f-4885-8817-b0bdd2ad8aac,2,1,0.5,1.0,6,0.5,,,
dacaf27a-b822-465e-8695-afa63f3797b1,1,0,0.0,1.0,3,0.3333333333333333,,,
35246d5b-a53f-48ff-9b31-1897854143b7,2,1,0.5,0.5,6,0.5,,,
9fd59ddd-ea8c-4938-b22a-c520ce6892d8,1,0,0.0,1.0,4,0.3333333333333333,,,
ff518ffc-7f0e-430e-99b7-a82eb06d70a2,1,0,0.0,1.0,3,0.3333333333333333,,,
20365ccb-3fb8-475a-83e9-5b4616b2fa87,1,0,0.0,1.0,3,0.3333333333333333,,,
90946d9c-a823-4c3f-b66a-4df01ae8de9e,1,0,0.0,2.0,3,0.3333333333333333,,,
9ad43b0d-9784-4ab6-aa5f-0a4afdab226a,1,0,0.0,2.0,3,0.3333333333333333,,,
c65583e2-592b-43ae-b87f-ca87914907bc,1,0,0.0,1.0,3,0.3333333333333333,,,
4dec38b6-355b-49f6-8ab8-201bc0cc50a9,1,0,0.0,1.0,3,0.3333333333333333,,,
269f9d8d-d662-4d37-b634-b2392a7f2dc8,1,0,0.0,1.0,3,0.3333333333333333,,,
b0cda4c6-c0f3-4194-804a-79bd46e182a2,1,0,0.0,1.0,3,0.3333333333333333,,,
159efb72-3520-40f4-9164-38d04dcc2575,3,0,0.0,1.3333333333333333,9,0.2,0.0,0.0,L
cc611927-737d-4a2a-bdd6-7cf706d9d45e,1,0,0.0,1.0,3,0.3333333333333333,,,
821069d1-247f-430d-8e71-c7bd84751d03,1,0,0.0,2.0,3,0.3333333333333333,,,
9c5201e9-af9c-407d-9324-2212242f84bb,1,1,1.0,0.0,3,0.6666666666666666,,,
f5f3523c-48cc-415b-b607-c701b11787f4,1,0,0.0,1.0,3,0.3333333333333333,,,
6d936150-32f0-4b15-9653-63b633b1383a,1,0,0.0,1.0,3,0.3333333333333333,,,
57eea9c0-4b7d-494d-a58b-06f99b9aca3b,1,0,0.0,1.0,3,0.3333333333333333,,,
41761da1-2a6f-4f78-b416-b3eaa64bd820,1,0,0.0,1.0,3,0.3333333333333333,,,
4e8b3b71-20e9-4f5c-b8dc-f6f8ad3f0dcb,1,0,0.0,2.0,3,0.3333333333333333,,,
597177f3-2e5b-46c2-a040-2a7536371ed0,1,0,0.0,1.0,3,0.3333333333333333,,,
8491568e-10e4-4328-8209-25f10a8500e4,1,0,0.0,1.0,3,0.3333333333333333,,,
45b241aa-30a7-4e06-a76c-8ac7ddc6be91,1,0,0.0,1.0,3,0.3333333333333333,,,
69a8ee6b-0afe-46fc-aed6-48b55ea70735,1,0,0.0,2.0,3,0.3333333333333333,,,
b681389d-aafc-43c3-af65-2721c5b9274f,1,0,0.0,1.0,3,0.3333333333333333,,,
c298d3e6-93d0-4a9f-8817-a7a04796cccf,1,0,0.0,2.0,3,0.3333333333333333,,,
bd6006d3-75e3-4279-9d65-0ac646aecd39,1,0,0.0,1.0,3,0.3333333333333333,,,
028e5c7f-25d6-4f8a-a5be-b0eb3e7f257e,1,0,0.0,2.0,3,0.3333333333333333,,,
a86a96b2-2bae-4b6a-91ee-dbdb45a87800,1,0,0.0,1.0,3,0.3333333333333333,,,
c08aea8f-f550-49b9-80e7-31d228c333a9,1,1,1.0,0.0,3,0.6666666666666666,,,
cc2e18b9-9d8b-4967-b459-c2dbb0b2cae0,1,1,1.0,0.0,3,0.6666666666666666,,,
9a6fa9b8-1ac2-40fd-8636-b855b201de77,1,0,0.0,1.0,3,0.3333333333333333,,,
6e4f88e1-19a3-40be-a2a1-27ae1b0c5cf8,1,1,1.0,0.0,3,0.6666666666666666,,,
ea5eb8c6-0dd6-4cfc-9232-9e5906419af1,1,1,1.0,0.0,3,0.6666666666666666,,,
a160dfba-eacc-4277-8374-8d4083d95111,1,0,0.0,2.0,3,0.3333333333333333,,,
5fc59e21-1a28-4f97-a9ca-8d2593164c16,1,0,0.0,2.0,3,0.3333333333333333,,,
7cbd2eef-59ab-4c74-8900-bb0eb9bf9a3d,1,0,0.0,1.0,3,0.3333333333333333,,,
2e9e8f0e-ec50-4bdf-b124-cec5561ae15d,1,1,1.0,0.0,3,0.6666666666666666,,,
082a4170-a006-49ea-9f63-1a8a9b18596b,1,0,0.0,2.0,3,0.3333333333333333,,,
9b7e144b-6e06-49b8-a48d-982ba0147a8b,1,0,0.0,2.0,3,0.3333333333333333,,,
adec0044-fd64-4707-ac3b-533ad99db4ba,2,1,0.5,1.0,6,0.5,,,
65c7af73-3652-4d12-8555-c51afc000f4a,1,1,1.0,0.0,3,0.6666666666666666,,,
02cf1a7b-c814-4950-a2ef-e19f7cf64813,1,0,0.0,1.0,3,0.3333333333333333,,,
620ad70d-44e5-47ca-805f-ecf64ff0b955,1,0,0.0,2.0,3,0.3333333333333333,,,
2afabe0e-5220-42d0-bb40-f4de36eed464,2,0,0.0,1.0,6,0.25,,,
3ef5f72b-7c99-497d-93b1-dc5fbd7f7b50,1,0,0.0,2.0,3,0.3333333333333333,,,
00417c86-1a9b-47d9-9812-a6129a68eb6f,1,1,1.0,0.0,3,0.6666666666666666,,,
e2c48dd4-8cad-4359-a760-3708ca0e23bd,1,1,1.0,0.0,3,0.6666666666666666,,,
550d40f6-1444-49c6-8ca2-4259bc75a0f7,1,0,0.0,2.0,3,0.3333333333333333,,,
feb6cb33-a693-48b3-8c2d-7b518348c79a,3,0,0.0,1.6666666666666667,9,0.2,0.0,0.0,L
318ec928-c358-46d0-8b52-404616c9f9ae,2,1,0.5,1.0,7,0.5,,,
ba544564-6884-4a64-a5ab-210ecc3e6f82,1,0,0.0,1.0,3,0.3333333333333333,,,
6af00033-520e-4f64-9d77-c1bcd830c5eb,1,0,0.0,1.0,3,0.3333333333333333,,,
6caf34aa-29fe-4e07-9d70-c2c1a155c08e,1,0,0.0,1.0,3,0.3333333333333333,,,
a8a3e2ee-8535-4886-8ad8-104e265ff65a,2,0,0.0,1.5,6,0.25,,,
c57dc28a-6c5d-43de-94d9-6dda70711504,1,0,0.0,2.0,3,0.3333333333333333,,,
f63a12c2-4280-4688-aefe-a33eadb467d2,1,0,0.0,1.0,3,0.3333333333333333,,,
3b2c4e4b-f3c9-4042-8b87-d564d7deaa72,1,0,0.0,1.0,3,0.3333333333333333,,,
4b831b07-857d-4f3a-9b71-960460b12147,1,0,0.0,1.0,3,0.3333333333333333,,,
df573ca6-d5ef-4a76-9328-3a95c3963e55,1,0,0.0,1.0,3,0.3333333333333333,,,
d5bdcd9f-4731-45a7-a4db-f4f10e20a805,1,0,0.0,1.0,3,0.3333333333333333,,,
5db9cb61-337c-432d-979c-62fced5a7d4d,1,0,0.0,1.0,3,0.3333333333333333,,,
da76a518-33c0-419b-915c-3fa52e83038a,1,0,0.0,1.0,3,0.3333333333333333,,,
3c60621b-b435-4ec0-9209-d5cfb13646f2,1,0,0.0,2.0,3,0.3333333333333333,,,
e6225254-b361-4570-8b2f-fe8b41708f2c,2,1,0.5,0.5,6,0.5,,,
5c2117f5-a53f-4533-92e5-17fcf8cfb430,1,0,0.0,1.0,3,0.3333333333333333,,,
33562a92-bc18-4643-8e44-28c764edf2e1,1,1,1.0,0.0,3,0.6666666666666666,,,
0b4db6a3-5968-4098-88fa-aed9f20983d9,1,0,0.0,2.0,3,0.3333333333333333,,,
56426fa1-9093-48a1-a583-048d0b9cb5a4,1,1,1.0,0.0,3,0.6666666666666666,,,
9ec53493-bb55-455b-9024-e96e93d61fca,1,0,0.0,2.0,3,0.3333333333333333,,,
5ebf57bb-3010-41d5-9a7c-ebca908a4c59,1,0,0.0,2.0,3,0.3333333333333333,,,
0a72cfd7-a091-462c-ba21-3bb5252881b4,1,1,1.0,0.0,3,0.6666666666666666,,,
919c69f9-c2dd-4446-b90e-bf10f805e958,1,0,0.0,2.0,3,0.3333333333333333,,,
5802d64f-427d-432c-a2bc-89dc2d579d1c,1,0,0.0,1.0,3,0.3333333333333333,,,
faf99b1a-cfd1-4db4-ba3a-401793da1150,1,0,0.0,1.0,3,0.3333333333333333,,,
774dccdd-bcc8-4669-801b-b62d159c601e,1,0,0.0,2.0,3,0.3333333333333333,,,
ff967f1e-e42a-4b70-b8b1-874c17f6f7c7,1,0,0.0,1.0,3,0.3333333333333333,,,
ce50d11e-bc57-4df2-8978-bbc38c97122a,1,0,0.0,1.0,3,0.3333333333333333,,,
c6b95e79-0fa9-4af7-ab47-76fa49a197d6,1,1,1.0,0.0,3,0.6666666666666666,,,
b5154c62-d2db-4d23-858a-eefdd0939f25,1,0,0.0,1.0,3,0.3333333333333333,,,
8113cd58-487f-4443-bdec-1f1a3b53d881,1,0,0.0,2.0,3,0.3333333333333333,,,
a4d42dfd-15dd-495c-a60a-63c4d22de89d,1,1,1.0,0.0,3,0.6666666666666666,,,
1240b67f-9912-43b8-82b5-398181d69d87,1,0,0.0,1.0,3,0.3333333333333333,,,
0f2839b6-3d05-495c-8c09-cc6456a23d74,1,0,0.0,2.0,3,0.3333333333333333,,,
450af690-e55d-47b2-8fed-747654286563,1,1,1.0,0.0,3,0.6666666666666666,,,
8fd04a71-c094-47c5-b5b0-4d0f46a7baf3,1,0,0.0,1.0,3,0.3333333333333333,,,
6df7a86a-f928-466a-b6d6-2b1174672599,1,0,0.0,1.0,3,0.3333333333333333,,,
1d13e522-7a3f-40e4-96a3-626ec45a7d1c,1,0,0.0,2.0,3,0.3333333333333333,,,
06c47aa2-903d-45e1-8fcf-2838dcc0865c,1,0,0.0,2.0,3,0.3333333333333333,,,
589b0f57-cbb6-437b-ae97-bb8556dbbe56,1,0,0.0,1.0,3,0.3333333333333333,,,
d86a8643-2c83-4dd0-8080-79bcd261120f,1,0,0.0,1.0,3,0.3333333333333333,,,
9692fa01-6fae-4101-a2bc-831847ca96e2,2,1,0.5,0.5,6,0.5,,,
ec90fe71-c03d-40a6-bf17-9393f8644444,1,0,0.0,1.0,3,0.3333333333333333,,,
3187836d-c846-4986-9d5b-1a115b7968ac,1,0,0.0,2.0,3,0.3333333333333333,,,
bd5efcea-645e-4f29-986a-e90d6130be2c,1,0,0.0,1.0,3,0.3333333333333333,,,
c040b364-7673-416d-9d62-88f6c568abc3,1,0,0.0,1.0,3,0.3333333333333333,,,
f501e1bc-01c8-4f35-bb2c-7a63f4eed0ce,1,0,0.0,2.0,3,0.3333333333333333,,,
38375a18-0316-473a-87d2-2b9dfc1321e9,1,0,0.0,2.0,3,0.3333333333333333,,,
e683d437-c74c-4ef2-bf2d-4b1bca54426d,1,0,0.0,2.0,3,0.3333333333333333,,,
5409d011-8328-4aab-a235-3c44058e2ac0,1,0,0.0,2.0,3,0.3333333333333333,,,
c494c7f1-5439-4769-8fec-6dbbbcd7da32,1,1,1.0,0.0,3,0.6666666666666666,,,
51dcedcd-f335-4bcf-acd6-1e8452ee97b4,1,0,0.0,2.0,3,0.3333333333333333,,,
f3885cb5-79e6-44a2-a0cb-8ddc0d561794,1,0,0.0,2.0,3,0.3333333333333333,,,
62b8dfc2-297b-450a-843f-57c9ef39b8d2,1,0,0.0,2.0,3,0.3333333333333333,,,
5f828cd5-f849-4963-bed5-e51df4bf029c,1,0,0.0,1.0,4,0.3333333333333333,,,
b2506c81-a5ba-4796-83c3-49c8ee3e2585,1,0,0.0,1.0,3,0.3333333333333333,,,
360b3719-e79e-4740-869e-d70eb072536f,1,0,0.0,2.0,3,0.3333333333333333,,,
87d0a3f7-3c19-47f6-bc92-7878cdc6d81f,1,0,0.0,2.0,3,0.3333333333333333,,,
b4362d6d-facc-47da-8b51-3331bb06a170,2,0,0.0,1.5,6,0.25,,,
a6c08e44-9caf-4304-8947-55c921e3c1d0,1,1,1.0,0.0,3,0.6666666666666666,,,
185c5e23-a90d-4b84-9f0f-06310d9dcc82,2,2,1.0,0.0,6,0.75,,,
0a5b33c0-b703-49c0-91d1-0bac1dbf2d61,2,1,0.5,1.5,6,0.5,,,
a0eacbe1-382b-45df-9ab0-5c12a44eda62,1,1,1.0,0.0,3,0.6666666666666666,,,
0011f76f-3e3d-4629-abde-1729797bd25a,1,0,0.0,2.0,3,0.3333333333333333,,,
8fb99180-81b0-4dae-b7d8-731e3a376401,1,0,0.0,1.0,3,0.3333333333333333,,,
bc88b120-7d92-4e12-8f71-0ff89b1f8d8f,1,1,1.0,0.0,3,0.6666666666666666,,,
bed018fe-f205-44ec-bbc9-a6b4c6b73fc4,1,0,0.0,2.0,3,0.3333333333333333,,,
5e38ee75-53d1-4bc8-8b80-52eb86b3561e,2,0,0.0,2.5,6,0.25,,,
20ef921a-5385-49a3-bf62-32c57a8d7e1c,1,0,0.0,2.0,3,0.3333333333333333,,,
7b7ee12c-0b5a-4057-b774-8bd67c51344b,2,0,0.0,2.5,6,0.25,,,
48891e89-93c0-4ed1-96fa-61e71153d816,1,0,0.0,6.0,5,0.3333333333333333,,,
b42e2449-7643-48e9-854b-a70d6b767578,1,0,0.0,2.0,3,0.3333333333333333,,,
04615983-fcb2-49ab-948d-281515d7b8be,2,2,1.0,0.0,6,0.75,,,
12ae538b-c069-4f90-88a6-650260c4802d,1,0,0.0,1.0,3,0.3333333333333333,,,
c9eabf6e-367b-4833-978b-a0ac5fb2c004,1,0,0.0,1.0,3,0.3333333333333333,,,
9b0a46fb-5d4b-4da6-ad30-2d635d7550f1,4,1,0.25,2.0,13,0.3333333333333333,0.25,0.0,L
6a194131-4304-4519-a431-eb329a16be89,4,2,0.5,1.25,12,0.5,0.49999999999999994,1.0,H
4cf6d3ef-bd67-4817-9ebe-128f1905a55e,1,1,1.0,0.0,3,0.6666666666666666,,,
88e8b6a5-4be5-4312-bb20-0ab3aec8b94b,1,0,0.0,2.0,3,0.3333333333333333,,,
0ca1a170-fc83-440b-9852-d257e8838dd3,4,1,0.25,1.75,12,0.3333333333333333,0.25,0.0,L
f0918a61-9f7b-4c12-b472-24a67918d58b,1,0,0.0,2.0,3,0.3333333333333333,,,
79cfce2e-b3d5-4e97-bc86-bf2a998e7978,5,1,0.2,1.2,15,0.2857142857142857,0.2,0.0,L
9fe342d0-1de9-4a42-84a8-d91ef2dabfd4,1,0,0.0,1.0,3,0.3333333333333333,,,
adc52cce-d4ca-4a28-a909-43f449ee06d2,1,0,0.0,1.0,3,0.3333333333333333,,,
e0131601-f110-499f-a2fe-5bb0eb6900f5,1,0,0.0,3.0,3,0.3333333333333333,,,
d0e647a1-eb74-4b31-872c-b0cf04ef12ac,2,0,0.0,2.0,6,0.25,,,
e4c8265c-aefc-43c2-a33e-56c73361e4bf,2,1,0.5,1.0,7,0.5,,,
bbef91e9-cbf5-4613-b8f2-ade27b4c75d4,1,1,1.0,0.0,3,0.6666666666666666,,,
90cada2c-90e6-43cd-b7c0-c4e2b4bb32ad,1,0,0.0,1.0,3,0.3333333333333333,,,
905e444a-e1fd-497c-b352-22060011ac1c,1,1,1.0,0.0,3,0.6666666666666666,,,
23ff1dba-ed66-4da7-bcc7-d6e11b166db2,1,0,0.0,1.0,3,0.3333333333333333,,,
19d98f3c-fc79-488c-8be6-f5002496a5d4,1,0,0.0,2.0,3,0.3333333333333333,,,
b43988ee-3175-495d-8085-85444421413e,1,0,0.0,1.0,3,0.3333333333333333,,,
0c11e894-95fe-4d27-bc03-4c61ccced4b7,1,0,0.0,2.0,3,0.3333333333333333,,,
374ccbaa-cb33-4f86-96c3-28e91610a739,2,0,0.0,2.5,7,0.25,,,
b9efca23-45b4-4196-853f-79fee5cafa55,2,1,0.5,0.5,6,0.5,,,
a04ff007-c9a2-4f08-bbc2-773f215ab608,1,0,0.0,2.0,3,0.3333333333333333,,,
697c0881-fed0-4f74-b58e-806bad0aee14,1,0,0.0,3.0,3,0.3333333333333333,,,
641678ee-f1e2-47b6-8b5e-50264f2b0950,1,0,0.0,1.0,3,0.3333333333333333,,,
954f27b4-4668-4b23-8ddf-7e55b9e3638d,1,1,1.0,0.0,3,0.6666666666666666,,,
8f5caea4-e119-40b9-8a14-59caaed28bca,1,1,1.0,0.0,3,0.6666666666666666,,,
d9200c80-8ece-4763-8f90-7e25d6d05e86,1,0,0.0,1.0,3,0.3333333333333333,,,
cf9089f4-7935-4c0d-9610-3009a43f055d,1,0,0.0,3.0,3,0.3333333333333333,,,
02d80f25-e6ba-4833-a37c-cebe72e147a7,2,1,0.5,1.0,6,0.5,,,
f57157de-8021-4636-b076-2ef9a5ff81a4,1,0,0.0,1.0,3,0.3333333333333333,,,
5f55a504-0769-428b-9f9a-e14e68c0655a,1,0,0.0,2.0,3,0.3333333333333333,,,
8518eda7-a3ba-44ca-92c6-c2a587f7f003,2,1,0.5,2.0,6,0.5,,,
583f5926-b250-47d4-b970-76f7b7747904,1,0,0.0,2.0,3,0.3333333333333333,,,
1ab38a29-5761-43a6-8247-91f901b8c97b,2,0,0.0,2.5,6,0.25,,,
60a99be0-8392-4b36-aa80-c73252f94f37,1,0,0.0,4.0,3,0.3333333333333333,,,
da9cb3c0-ca9a-47ec-82f1-46958191a0b3,1,0,0.0,5.0,3,0.3333333333333333,,,
26bc27ff-1477-4bcd-855e-1626781bee4f,1,0,0.0,1.0,3,0.3333333333333333,,,
7f5e2752-c968-4c0b-a183-5b6d9037d789,1,0,0.0,4.0,4,0.3333333333333333,,,
68476654-7ec6-4e97-8215-2ab953213a68,1,0,0.0,2.0,4,0.3333333333333333,,,
1e2b664c-9be7-4a5a-a063-68acb9c58a08,1,1,1.0,0.0,3,0.6666666666666666,,,
a03f8d2a-862d-4499-b52f-4b4aefa2af3e,1,0,0.0,2.0,3,0.3333333333333333,,,
65df7c6a-8134-458e-a276-01b70ffa0a1c,1,1,1.0,0.0,3,0.6666666666666666,,,
ffb8a55a-aa56-4cec-91f5-2219e6922034,2,1,0.5,1.0,6,0.5,,,
407d33b4-78eb-47d7-b2ae-8680ef056146,1,0,0.0,1.0,3,0.3333333333333333,,,
0da78a11-750c-4333-92f3-37d75ec49ca8,1,0,0.0,1.0,3,0.3333333333333333,,,
556dc7da-8004-44b5-bfa3-7d86a5532ba7,1,0,0.0,1.0,3,0.3333333333333333,,,
cb96aefd-391d-49e5-acda-e98bc415093f,1,0,0.0,1.0,3,0.3333333333333333,,,
0ca20d24-6e90-4277-beba-239db7c105a9,2,0,0.0,2.5,6,0.25,,,
1951f735-3918-4607-9589-c3ececd23140,2,0,0.0,1.5,6,0.25,,,
7e2097e2-0a1c-4279-ad99-199a2a76a7a1,1,0,0.0,2.0,3,0.3333333333333333,,,
336d2b96-aad2-4338-abcf-1e6ad9f8d48f,1,1,1.0,0.0,3,0.6666666666666666,,,
4df3f64d-0fd8-421e-b5d2-094efa719b8d,1,0,0.0,1.0,3,0.3333333333333333,,,
c155417b-8fe6-48b2-a5ab-f9f3e93a69dd,1,1,1.0,0.0,3,0.6666666666666666,,,
930c2ddb-72b1-4bd0-bb86-197dc04e68fd,1,0,0.0,1.0,3,0.3333333333333333,,,
b8cbccc9-b5fa-488c-b315-213056ffea77,4,0,0.0,1.5,12,0.16666666666666666,0.0,0.0,L
a96d55fa-0b3b-4458-aaac-6ce4ef282499,1,0,0.0,1.0,3,0.3333333333333333,,,
bae88cc1-c220-4c55-9d58-867861a4de16,1,0,0.0,1.0,3,0.3333333333333333,,,
55d31365-2860-4926-8b15-efd1b07991f9,1,0,0.0,2.0,4,0.3333333333333333,,,
a1cc71ee-0961-4f1c-9091-c2c024613785,1,1,1.0,0.0,3,0.6666666666666666,,,
ec2a75af-22e7-491e-b386-a9d53c5afdc1,3,0,0.0,2.3333333333333335,9,0.2,0.0,0.0,L
a77c9e62-5477-43f0-b623-93254c250409,1,0,0.0,1.0,3,0.3333333333333333,,,
05a1b4a0-09af-46e8-973f-5beafb29a70e,1,1,1.0,0.0,3,0.6666666666666666,,,
c4d15926-cf4e-42af-a982-3b4a02f17cb9,1,1,1.0,0.0,3,0.6666666666666666,,,
75b9b392-8da9-4b3b-952b-2a38e029e067,1,1,1.0,0.0,3,0.6666666666666666,,,
a1eefee5-5f79-4e06-9801-b2d17a13c2f2,1,0,0.0,2.0,3,0.3333333333333333,,,
f58b4e82-312d-4f9e-ba22-48a2f245dab3,1,0,0.0,3.0,3,0.3333333333333333,,,
9b12491c-24de-4f9d-b1e9-6e9797a850d5,3,0,0.0,1.3333333333333333,9,0.2,0.0,0.0,L
bca4ad45-4b1b-42b1-a8bb-c2fa7ec278a2,2,1,0.5,0.5,6,0.5,,,
e19cd5fc-8974-4d3d-90ef-c9d313733e86,1,0,0.0,2.0,3,0.3333333333333333,,,
162cbcb2-8504-4df3-a176-be1f775b0e49,1,0,0.0,1.0,3,0.3333333333333333,,,
8eb85ce4-6ad5-49b3-98e4-234cc154e092,2,0,0.0,3.0,6,0.25,,,
f808755e-2042-4218-bdf4-06d59d44bcf6,1,0,0.0,4.0,3,0.3333333333333333,,,
8c1d492c-8966-40b6-9347-dfde0735473c,1,0,0.0,1.0,4,0.3333333333333333,,,
4fc43dbe-8888-4482-84b5-fc35158de2a2,1,0,0.0,3.0,3,0.3333333333333333,,,
cfd4a07f-ea64-4e01-9bcc-9c208df6eaaf,1,0,0.0,1.0,3,0.3333333333333333,,,
7d032c05-0114-4dc4-b8dc-9cfc8f1048af,1,1,1.0,0.0,4,0.6666666666666666,,,
6feaa815-65e4-421b-88cb-b475758703a7,1,0,0.0,3.0,3,0.3333333333333333,,,
e2874518-50c9-4e03-984b-61944c4060f5,2,1,0.5,1.0,6,0.5,,,
7feb779e-07cb-4257-a39c-561702d66e48,1,0,0.0,1.0,3,0.3333333333333333,,,
4ae9133c-7af3-4b0c-a979-a82c1b2c4bb5,1,0,0.0,1.0,3,0.3333333333333333,,,
7597d60a-3c3d-4cad-9c3f-27aa5c8fac4f,2,2,1.0,0.0,6,0.75,,,
f0f0f7fd-0e88-4d17-aa94-ade0ce4529d2,1,0,0.0,2.0,3,0.3333333333333333,,,
ba84cf46-e64e-431b-afe0-63b8f3a27363,1,1,1.0,0.0,3,0.6666666666666666,,,
77ec277b-1449-408e-9c92-acc3749a861d,1,0,0.0,2.0,3,0.3333333333333333,,,
57ef915f-347f-4cff-9b75-57da786cf5cf,1,0,0.0,1.0,3,0.3333333333333333,,,
f20c5e9b-1d62-4579-8326-830945fe9727,1,0,0.0,1.0,3,0.3333333333333333,,,
df7e5f64-0057-4ea5-8688-061206350678,1,0,0.0,2.0,3,0.3333333333333333,,,
2d04c87d-93ca-4c4d-b6a8-6d3ce6525817,1,0,0.0,2.0,3,0.3333333333333333,,,
516d2e00-bdd0-43dd-bff5-51cdcc28d4cf,1,0,0.0,2.0,3,0.3333333333333333,,,
fd3913e5-e07e-4c37-b7c1-c9a6f9a7ba2a,2,1,0.5,1.0,6,0.5,,,
5e29396d-8b9e-49bc-a4c1-8a8a73dc0163,1,1,1.0,0.0,3,0.6666666666666666,,,
79ea3a37-c005-4f9b-82c8-d3f496bf918f,1,0,0.0,1.0,3,0.3333333333333333,,,
57e36f72-719d-4ace-938a-0ab38effdaea,2,1,0.5,1.0,6,0.5,,,
2ea4d2e3-dfae-4a4d-a1ea-64b7e529b745,1,0,0.0,2.0,3,0.3333333333333333,,,
0f532f80-3dad-42b3-8d13-a52e7a777c8e,1,0,0.0,2.0,3,0.3333333333333333,,,
5f751a15-0551-4d3f-837a-949403b2d28d,1,0,0.0,2.0,3,0.3333333333333333,,,
0f053054-f730-436b-85cb-641935d3c8d5,1,0,0.0,2.0,3,0.3333333333333333,,,
12b3873b-744e-4072-844c-4533ff89f355,1,0,0.0,4.0,3,0.3333333333333333,,,
c5be050b-3fe1-4182-b8c1-26e4e09f4a66,1,0,0.0,4.0,3,0.3333333333333333,,,
4a55d017-9d07-4017-acc1-572aacdbd07d,1,0,0.0,2.0,3,0.3333333333333333,,,
455983e6-1064-4823-b341-bc6f3abd8ba9,1,0,0.0,1.0,3,0.3333333333333333,,,
fa176dd4-f3d8-4ea1-af87-28e0e503ddfd,1,0,0.0,1.0,4,0.3333333333333333,,,
254a9527-d9dd-4141-8e4f-5fd8cf8d5c01,1,0,0.0,1.0,3,0.3333333333333333,,,
b0ca17d1-5cb3-4ef7-b00e-2e7632545cc3,1,0,0.0,4.0,3,0.3333333333333333,,,
db834919-4a8b-404e-8f94-7332ed497c0b,1,0,0.0,2.0,3,0.3333333333333333,,,
7cebe323-1e9c-42ef-82d6-8d708ca7429b,4,1,0.25,2.5,12,0.3333333333333333,0.25,0.0,L
a1dfe196-5a81-4bf4-bab0-0880d67efb29,2,0,0.0,3.0,6,0.25,,,
89973690-47a0-4f7a-8cb9-19ecc02beda3,1,1,1.0,0.0,3,0.6666666666666666,,,
2f16cdb3-6f67-4e8e-ad01-c68f1ffd1449,2,1,0.5,0.5,6,0.5,,,
93d69a1c-73ef-485c-8406-3bbd42ff0069,1,0,0.0,2.0,3,0.3333333333333333,,,
ce84886b-5812-4505-91fd-2c1b82222811,1,1,1.0,0.0,3,0.6666666666666666,,,
2dde23c3-7989-447c-95ca-49bd6ba2423f,1,0,0.0,1.0,3,0.3333333333333333,,,
57b48e91-3645-40be-b7fa-7c3a673f11f9,1,1,1.0,0.0,3,0.6666666666666666,,,
55f2ee0f-4561-490c-a63e-9f77fe702a94,1,1,1.0,0.0,3,0.6666666666666666,,,
145b3e81-1202-4e87-b1f2-25605ded95ef,1,0,0.0,4.0,4,0.3333333333333333,,,
93f89d64-9163-45c2-adcf-8b382750c53c,2,0,0.0,2.5,6,0.25,,,
41c3b897-2234-4a2e-8ec3-efa95c06b1f7,1,0,0.0,3.0,3,0.3333333333333333,,,
6ae42640-763e-4e9b-ac05-aec1011a4aeb,1,0,0.0,1.0,3,0.3333333333333333,,,
68046fac-5152-4bda-8a5b-0b6234e096d5,1,1,1.0,0.0,3,0.6666666666666666,,,
c15d88d5-6e4a-4075-86e3-f9a5c0a548ca,2,0,0.0,2.0,6,0.25,,,
a2f1c1d4-1222-4a6b-bff1-24fce9b90805,1,1,1.0,0.0,3,0.6666666666666666,,,
a8dd92ab-0b88-4336-8e67-254fc54f756e,1,1,1.0,0.0,3,0.6666666666666666,,,
00e20cc5-b774-48eb-b071-2784a8dde88d,1,1,1.0,0.0,3,0.6666666666666666,,,
ae3c090a-f273-48bc-95e9-a1a824161c9f,2,1,0.5,2.5,6,0.5,,,
3bef0f7f-c182-4ae6-a85e-fb1f6d0b2bcc,1,0,0.0,2.0,3,0.3333333333333333,,,
13ed73f0-0c21-483a-91f1-c46a3864860c,1,0,0.0,2.0,3,0.3333333333333333,,,
1d606de6-51f2-4831-bd20-e9a271ee494c,1,0,0.0,1.0,3,0.3333333333333333,,,
35692d09-650c-43aa-a284-737d822b923d,1,0,0.0,1.0,3,0.3333333333333333,,,
318455b1-3440-4017-a4fc-1e09faf63cf4,1,0,0.0,1.0,3,0.3333333333333333,,,
fca234f6-f568-4d7d-b7b1-16d8042a72b8,2,1,0.5,1.0,6,0.5,,,
3e1d68e9-a7ab-4233-96f9-904ae9f5250d,2,0,0.0,1.5,6,0.25,,,
191c5d82-636f-45a1-ad6b-c59f452a10c9,4,1,0.25,1.0,12,0.3333333333333333,0.25,0.0,L
b64a4d5a-f93c-4928-9f84-9a4a2099b45c,1,0,0.0,1.0,3,0.3333333333333333,,,
f9604386-d328-462a-88fd-9875ab6724ed,1,0,0.0,1.0,3,0.3333333333333333,,,
66ba09b4-d745-4dcd-a5f6-695243e94a91,1,0,0.0,2.0,3,0.3333333333333333,,,
810b37e1-be10-447b-aa70-813dcebf524a,1,0,0.0,2.0,3,0.3333333333333333,,,
6f8674bc-000e-4406-9659-d9b9488f492e,1,0,0.0,1.0,3,0.3333333333333333,,,
9c56b685-8eb8-4ad6-b020-177ecd41ba63,1,1,1.0,0.0,3,0.6666666666666666,,,
7ba63052-cdf2-4455-891a-fa1834cf4a61,1,1,1.0,0.0,3,0.6666666666666666,,,
32a79acf-277f-4b11-ad4e-8e971e45ced2,1,1,1.0,0.0,3,0.6666666666666666,,,
8e17b732-4d95-46f1-8762-1b7e6681f471,1,0,0.0,1.0,3,0.3333333333333333,,,
d687fd96-2b61-46e1-ab80-dcde9b1ae12a,1,1,1.0,0.0,3,0.6666666666666666,,,
585d6296-24c3-4f83-a2c8-3ba8b2b1c1f6,1,0,0.0,2.0,3,0.3333333333333333,,,
6a97c981-b6a7-4248-ae0f-3479649735c8,1,0,0.0,2.0,3,0.3333333333333333,,,
eaaf090e-7db1-4a73-9383-3f1b405cd390,1,0,0.0,1.0,3,0.3333333333333333,,,
aca2401b-3360-47ab-beb6-56fadd43587e,3,2,0.6666666666666666,0.6666666666666666,9,0.6,0.6666666666666666,1.0,H
b0631a24-8bf8-45f2-b9f7-c7bc0cc5f410,1,0,0.0,2.0,3,0.3333333333333333,,,
c0be315a-ea46-46a8-bf91-3380c568b509,1,0,0.0,1.0,3,0.3333333333333333,,,
59ca3255-e999-4aa5-9fe2-d4f77b103c09,1,0,0.0,1.0,3,0.3333333333333333,,,
52772429-4db7-4830-9368-dc6e2cba3698,1,1,1.0,0.0,3,0.6666666666666666,,,
0a2e5181-638f-4a53-9551-7d3a44f9483b,2,0,0.0,2.0,6,0.25,,,
7adf9b86-72b2-4e6d-9662-52ce0f74a13a,1,0,0.0,2.0,4,0.3333333333333333,,,
3eb82d1d-b0e5-4366-bf3d-f8ba02784ee4,1,0,0.0,1.0,3,0.3333333333333333,,,
c748a6c1-eb23-4f27-a4c3-825e2dce1d1e,1,0,0.0,2.0,3,0.3333333333333333,,,
d8cf225b-7d7a-4e13-917e-22d5f90cda83,1,1,1.0,0.0,3,0.6666666666666666,,,
13c34853-0939-45d3-ba36-f9ab80411e39,1,0,0.0,2.0,3,0.3333333333333333,,,
81afbd59-a43c-4651-98b4-5b47b4fc623d,4,1,0.25,1.5,13,0.3333333333333333,0.25,0.0,L
ecbdd2a9-a7ac-46bb-b0d4-ffc15648d95a,1,0,0.0,2.0,3,0.3333333333333333,,,
c7393a3b-0195-4eaa-8a78-aae8dc07b211,1,1,1.0,0.0,3,0.6666666666666666,,,
c5e9b258-a448-49a7-85cb-c7bf5c852057,3,0,0.0,1.6666666666666667,9,0.2,0.0,0.0,L
69d571c0-12d8-4c6f-b22d-b5004bd406c3,1,1,1.0,0.0,3,0.6666666666666666,,,
274ada3f-e86a-4c62-826a-3d2b7fddc189,1,0,0.0,2.0,3,0.3333333333333333,,,
ed0cf067-b9bf-4bf3-a1c6-de85f90f340f,1,1,1.0,0.0,3,0.6666666666666666,,,
b3b7e03e-3e22-4c2d-a115-1959daaaeac5,1,0,0.0,4.0,3,0.3333333333333333,,,
3d41c450-9da5-4ea6-9c7a-e7489db8d2e8,1,0,0.0,3.0,3,0.3333333333333333,,,
5e6b001d-9381-4c56-b9b5-03f3f0a91ec1,2,0,0.0,1.5,6,0.25,,,
04c52bee-3bd9-44f5-a35e-9b9b03aeb05e,1,0,0.0,4.0,3,0.3333333333333333,,,
bcacb381-4beb-42a1-bc9d-324fc0028c43,2,0,0.0,3.5,6,0.25,,,
408451a7-7f9f-4382-941e-6422bf7d53bb,1,0,0.0,1.0,3,0.3333333333333333,,,
c9d2d0aa-5bae-4007-8354-1d2324b54b83,1,0,0.0,2.0,3,0.3333333333333333,,,
271415ab-e05a-4595-aaf6-4ff5f31bc93b,1,0,0.0,3.0,3,0.3333333333333333,,,
eadece3d-71d4-44f3-8069-7148ffd69705,3,2,0.6666666666666666,0.6666666666666666,10,0.6,0.6666666666666666,1.0,H
f4396a06-d693-4bb7-9e01-3e99d1541cd1,1,0,0.0,1.0,3,0.3333333333333333,,,
8d15d927-2803-42b6-afd3-177d5f59cd1a,1,0,0.0,2.0,3,0.3333333333333333,,,
4c798711-1059-4cc4-a250-e8f3175e657d,1,1,1.0,0.0,3,0.6666666666666666,,,
2d14c5ce-6291-42d7-9eec-e6dc45ea5898,1,1,1.0,0.0,3,0.6666666666666666,,,
dd5d56f7-3b4e-4ac6-82af-0e75ebb60ee3,1,0,0.0,1.0,3,0.3333333333333333,,,
4675b3c8-9eab-445b-9bd3-87cf24e07c7a,1,0,0.0,2.0,3,0.3333333333333333,,,
6e81640b-3a2e-4ece-9f8f-68c23637489d,1,0,0.0,1.0,3,0.3333333333333333,,,
a29159dd-f3d3-4aef-a787-3fc0cb9e513a,1,1,1.0,0.0,3,0.6666666666666666,,,
01f67ee6-1680-42fc-842c-112db733d69f,1,1,1.0,0.0,3,0.6666666666666666,,,
221a2fe6-13d8-48d0-ad56-eb58f5d481e5,1,0,0.0,2.0,3,0.3333333333333333,,,
fed5c9e5-db2c-47a2-ae1d-7d26ad410add,1,0,0.0,3.0,3,0.3333333333333333,,,
56f716ed-5654-4d24-a0fe-612b1ae3c2cf,1,1,1.0,0.0,3,0.6666666666666666,,,
4a13e442-5bcc-4efc-b59a-413d00215919,1,0,0.0,1.0,3,0.3333333333333333,,,
21996cf9-8d7b-4046-bae8-3bee32f462b0,1,0,0.0,2.0,3,0.3333333333333333,,,
03d8200e-9023-423c-a3f0-47828a5b4189,2,2,1.0,0.0,6,0.75,,,
e14803c4-5c0d-49f3-808d-f1b6dc80e8ed,2,1,0.5,1.0,6,0.5,,,
b552451f-39f4-42da-a78c-d53d65a8cf92,1,1,1.0,0.0,3,0.6666666666666666,,,
8483b090-821b-4932-880e-679359e1cfd4,1,0,0.0,1.0,3,0.3333333333333333,,,
8dadb6a6-9c32-494b-a800-50ae6796137f,2,1,0.5,1.0,6,0.5,,,
ee723e86-66a8-4be4-963c-1dbd2876fd35,1,0,0.0,3.0,3,0.3333333333333333,,,
adfc365f-a157-4817-b4bf-ec16d12f6979,1,0,0.0,2.0,3,0.3333333333333333,,,
79a83a61-0929-4138-b00a-bda745d929b5,1,0,0.0,2.0,3,0.3333333333333333,,,
5639edaa-7116-4c09-ae20-863da9af2609,2,1,0.5,1.5,6,0.5,,,
fcad1477-fa42-44d8-a7aa-f2581dda91d7,1,0,0.0,3.0,3,0.3333333333333333,,,
acb8e174-1046-45d8-aeab-6418fb664ce0,3,1,0.3333333333333333,1.0,9,0.4,0.3333333333333333,0.0,L
201db9a0-7fec-467d-8710-c53aaafc7fcc,1,0,0.0,2.0,3,0.3333333333333333,,,
a0c61fce-4698-4ea3-bc96-b893abc2e759,2,0,0.0,4.0,6,0.25,,,
17b15fba-65e7-4d6a-9319-9071f921ffa6,1,0,0.0,1.0,3,0.3333333333333333,,,
7596d08d-6bdc-4214-b073-caf180c5822f,1,0,0.0,1.0,3,0.3333333333333333,,,
5fc52d5b-62ef-42a2-a3b9-68a53d2c510f,1,1,1.0,0.0,3,0.6666666666666666,,,
d02174bb-d008-4b2f-8f49-b773d5b7a3af,1,0,0.0,2.0,3,0.3333333333333333,,,
16efadbf-a1a6-488a-b0a4-f19fb7172b1b,1,1,1.0,0.0,3,0.6666666666666666,,,
b23adc36-baa5-4db3-b35c-ecbe7c2235c4,1,1,1.0,0.0,3,0.6666666666666666,,,
965b7a46-8d1c-4db7-8c75-cb59fd43ddfd,1,0,0.0,1.0,4,0.3333333333333333,,,
a7f7afce-cff6-43c1-ad70-ac0c64a768d1,1,0,0.0,2.0,3,0.3333333333333333,,,
40259f68-247e-400e-bde7-ba927abf3222,2,0,0.0,3.0,6,0.25,,,
7efd327a-851d-43bf-9315-55a7c9c15664,2,0,0.0,2.0,6,0.25,,,
0e646edd-d929-45f4-879a-d5dc3c3b5a95,1,1,1.0,0.0,4,0.6666666666666666,,,
334f6f9e-f99b-42f4-b2f3-f49bcde1e02a,1,0,0.0,2.0,3,0.3333333333333333,,,
688ff151-1071-4329-871d-ce19b5ca3ee9,4,4,1.0,0.0,12,0.8333333333333334,1.0,1.0,H
ee4bf82b-5d24-4fde-8dc8-5b9d477716b1,3,2,0.6666666666666666,0.6666666666666666,9,0.6,0.6666666666666666,1.0,H
2228d893-2f04-4fbf-a3cd-e83943f82cb5,1,1,1.0,0.0,3,0.6666666666666666,,,
73cb85bb-8935-4a7f-af81-629aaa89e736,1,0,0.0,1.0,3,0.3333333333333333,,,
4f9a6a68-3880-45b2-bef0-c1bef999b598,1,1,1.0,0.0,3,0.6666666666666666,,,
347636b7-9eb5-4c6e-b311-feb29b7095d0,3,0,0.0,1.0,9,0.2,0.0,0.0,L
df450bb3-fee1-46ab-a437-b82e7f9999b8,1,0,0.0,4.0,3,0.3333333333333333,,,
bb20120b-0280-4baa-8e28-8d3279844567,1,1,1.0,0.0,3,0.6666666666666666,,,
5e86d2c1-64e9-41d0-ae5a-31542ce23c2f,2,2,1.0,0.0,6,0.75,,,
c8dc4d88-bb9d-432b-9abd-914e033edf3e,1,0,0.0,1.0,3,0.3333333333333333,,,
c626e60a-af48-4c26-a5f4-66ab01628bf0,1,1,1.0,0.0,3,0.6666666666666666,,,
b7d8f4d9-8aa8-437f-ac9e-4dae7f31ac43,1,0,0.0,2.0,3,0.3333333333333333,,,
cd9cb8b2-516a-443a-ad99-81547f935fdd,2,1,0.5,1.5,6,0.5,,,
80ec55c2-76ae-448f-a25d-f655820a1886,1,0,0.0,2.0,3,0.3333333333333333,,,
8f0de0be-f3d7-4463-bc78-22b4cea279c9,1,0,0.0,3.0,3,0.3333333333333333,,,
bf7074e0-2d80-4bd8-b3d0-938599a50dc7,1,0,0.0,2.0,3,0.3333333333333333,,,
b72e35a5-1d26-4fdc-a015-893ec7fa63fb,1,0,0.0,1.0,3,0.3333333333333333,,,
1af73458-f0a8-4c27-9ffa-5d602a851869,1,0,0.0,1.0,3,0.3333333333333333,,,
ec576e4b-7c6a-4a92-b8be-bea461509afd,1,0,0.0,2.0,3,0.3333333333333333,,,
881f5d2b-f364-4e19-b8f8-2227a3f887c9,1,0,0.0,1.0,3,0.3333333333333333,,,
873b372c-d69e-47ef-a0a6-49126446a67b,1,0,0.0,2.0,3,0.3333333333333333,,,
8721d2db-a26d-49c5-9cb5-8ad57d011b68,1,0,0.0,1.0,3,0.3333333333333333,,,
cd9b0b53-531a-441a-a5b6-1f014eb5c639,1,0,0.0,2.0,3,0.3333333333333333,,,
f2e2c26c-488e-42f9-b65c-e003c6406c33,1,0,0.0,3.0,3,0.3333333333333333,,,
7fcecb1e-aa7e-4cc3-ac09-9a5bb7dd3572,1,0,0.0,2.0,3,0.3333333333333333,,,
4fa75118-5cd4-434a-b903-a6a8eeee9112,1,0,0.0,2.0,3,0.3333333333333333,,,
b6397b15-158d-4355-8fdb-762c0a1c6813,2,0,0.0,1.5,7,0.25,,,
866e3ee0-5c0d-42dd-a233-c89a4b36622a,1,0,0.0,2.0,3,0.3333333333333333,,,
2bda6d67-337b-4c4d-a72d-9cbbfb49d025,1,0,0.0,3.0,3,0.3333333333333333,,,
b7083f22-d3e3-4b50-b8f5-4ebbd8f993b3,2,1,0.5,1.0,6,0.5,,,
4e18dab4-7595-46c5-becb-9550bd616649,1,0,0.0,2.0,3,0.3333333333333333,,,
c953bd6f-0be7-4e1f-bdd9-d1481874d7e2,1,0,0.0,1.0,3,0.3333333333333333,,,
3d790abd-2957-41cb-b290-2ed807290c22,1,0,0.0,4.0,3,0.3333333333333333,,,
609771bc-9309-4358-9206-55a908900078,1,0,0.0,2.0,3,0.3333333333333333,,,
8c888e42-5bb3-4fbe-8001-4227a759872a,1,0,0.0,2.0,3,0.3333333333333333,,,
96961487-2bbe-4ab5-8c7e-ee6ac1f9d012,1,0,0.0,1.0,3,0.3333333333333333,,,
49a2d599-f8d4-4849-9e6b-3965e6f7977d,1,0,0.0,2.0,3,0.3333333333333333,,,
550a9cec-8f64-422a-a96c-ec72e835ad23,2,1,0.5,1.0,6,0.5,,,
bd9bf264-de7d-49ec-9976-8be51dde112a,1,0,0.0,2.0,3,0.3333333333333333,,,
61b6e5af-8e86-4606-a253-c6a6dd6f23d0,2,0,0.0,2.0,6,0.25,,,
97427fea-f6b9-4c34-8727-a791faf863da,1,0,0.0,6.0,3,0.3333333333333333,,,
405e28b2-ed11-46e4-815a-5eea9508469e,1,0,0.0,1.0,3,0.3333333333333333,,,
7176ec08-2e06-40c1-9329-db0e11ba0e24,1,1,1.0,0.0,3,0.6666666666666666,,,
370a0049-5ee2-4bfe-bc43-503231b36277,3,0,0.0,2.3333333333333335,9,0.2,0.0,0.0,L
c91700b7-400b-4cf1-bd6d-a1c1cdb0fbc6,1,0,0.0,1.0,3,0.3333333333333333,,,
3ca93a52-0415-4c04-aee5-6a85ff116c02,1,1,1.0,0.0,3,0.6666666666666666,,,
c9217b89-6df4-4bc7-84aa-3a561d653d7a,1,0,0.0,2.0,3,0.3333333333333333,,,
4e34b595-4f5d-4145-b40b-ccf1178f5a2e,1,0,0.0,1.0,3,0.3333333333333333,,,
87bf0ae2-c2dd-45b3-b26f-f90a0ab447ef,1,0,0.0,4.0,3,0.3333333333333333,,,
76636096-c29e-442c-bdc4-13b1e840c6f2,1,0,0.0,2.0,3,0.3333333333333333,,,
7bae5608-ec4e-4c78-aba7-a1eb9821e8ea,1,1,1.0,0.0,3,0.6666666666666666,,,
1175d40b-ace4-427c-89e7-db71c2af9732,1,0,0.0,1.0,3,0.3333333333333333,,,
4a28a49c-0653-4082-bc33-ec27667b4911,1,0,0.0,2.0,3,0.3333333333333333,,,
320303e1-75d7-4f77-82cd-6d82e5f756b1,2,0,0.0,2.0,6,0.25,,,
4bee93ee-46a7-4316-8673-1853b82a166a,1,0,0.0,3.0,3,0.3333333333333333,,,
1c3f7749-d307-44e0-bb94-75078d4be09f,1,0,0.0,1.0,3,0.3333333333333333,,,
9715ef78-057e-4659-8b49-b0d09feb4cf3,1,0,0.0,1.0,3,0.3333333333333333,,,
9e42849c-fef4-4876-aec6-97fe599f6aa4,1,0,0.0,2.0,3,0.3333333333333333,,,
86928599-3f6a-4cf7-adda-a3903813bdb5,1,1,1.0,0.0,3,0.6666666666666666,,,
c7481657-fd48-4550-9469-b2018f9505a3,1,0,0.0,1.0,4,0.3333333333333333,,,
63168f5b-0ee4-4894-a6bc-08c79614ebfc,1,0,0.0,1.0,3,0.3333333333333333,,,
6e3da270-3a2f-48be-9bc9-3ab559bad9f0,1,0,0.0,1.0,3,0.3333333333333333,,,
7662274f-933f-49ee-aa47-eaff649dabc5,1,1,1.0,0.0,3,0.6666666666666666,,,
b618aeb5-f374-4986-9971-5d9f5c4cc8c6,1,0,0.0,1.0,3,0.3333333333333333,,,
20631366-4c88-42a2-9b01-ef2e99770094,1,0,0.0,2.0,3,0.3333333333333333,,,
e1b0f12c-73e2-42bc-99d5-1d6391f00356,1,0,0.0,2.0,3,0.3333333333333333,,,
c9b8e03f-202b-456e-bd93-24d6f0c2fa6b,2,1,0.5,0.5,6,0.5,,,
7c6defbd-5b2a-434c-ae76-47d095c9d0f7,1,0,0.0,1.0,3,0.3333333333333333,,,
cc6083f2-8458-4b87-9ca9-43dfea4eb7ea,1,1,1.0,0.0,3,0.6666666666666666,,,
ac2bebe6-f68f-4814-b3e5-a9b89e0b10d9,2,2,1.0,0.0,6,0.75,,,
47025b55-5f93-43c6-9ac5-f1c4463ae9e0,1,1,1.0,0.0,3,0.6666666666666666,,,
e720220f-0641-4197-9c1a-7d4c94623745,1,0,0.0,1.0,3,0.3333333333333333,,,
f6960e0c-e273-4e79-8b5d-0b226356a80e,1,0,0.0,2.0,3,0.3333333333333333,,,
93f846db-e155-4e48-9d57-06a454f476c1,1,0,0.0,3.0,3,0.3333333333333333,,,
86b60e64-4732-47e1-aa47-446b4cdf53d4,2,1,0.5,2.0,6,0.5,,,
a42c4af3-d212-4aaf-b1c5-ccaa1c85244f,1,0,0.0,4.0,3,0.3333333333333333,,,
bd3c0b19-6ecc-4f2a-ba5a-9c0337e1fe2a,1,0,0.0,2.0,3,0.3333333333333333,,,
7ff253f9-db88-4971-8b18-aae94aa43d29,1,0,0.0,1.0,3,0.3333333333333333,,,
e8676421-896f-4094-a1c5-8cd6f2b80627,1,0,0.0,2.0,3,0.3333333333333333,,,
ec7e1228-8758-49c5-82e7-357f1a1569c1,1,0,0.0,2.0,3,0.3333333333333333,,,
e153848c-a4ce-47c6-93d4-fad9469c298d,1,1,1.0,0.0,3,0.6666666666666666,,,
583d4f89-516a-4876-a8d5-767b6257d6e5,1,0,0.0,2.0,3,0.3333333333333333,,,
4b4b148b-08f3-49dd-9658-3bbe20c4620b,1,0,0.0,2.0,3,0.3333333333333333,,,
28e6573a-07e6-4e2a-8f58-756a8859b596,1,1,1.0,0.0,3,0.6666666666666666,,,
6390047c-8201-43dd-80d8-77dbcd8534f9,1,0,0.0,2.0,3,0.3333333333333333,,,
5ad8a791-bc2c-4678-b6b4-57214f8146ff,1,1,1.0,0.0,3,0.6666666666666666,,,
3ecc7596-5699-45e7-8826-4a990845b8b5,1,0,0.0,1.0,3,0.3333333333333333,,,
72d63705-679f-40bf-bb5c-56604eaa86d8,1,0,0.0,1.0,3,0.3333333333333333,,,
ca9c0ce2-457e-458e-9512-f10360b7221d,1,0,0.0,1.0,3,0.3333333333333333,,,
33afeebc-6a39-4975-a5fe-dc4a7c3e8d86,1,1,1.0,0.0,3,0.6666666666666666,,,
3f5a4fbc-92c5-4bbf-9a20-9c7e6ca9e016,1,0,0.0,1.0,3,0.3333333333333333,,,
d321bfe5-e274-4b1c-bfe5-18bbd1b3a9c8,2,0,0.0,2.0,6,0.25,,,
f4ffd3c4-d26b-43fc-a0b2-0e32bdd23870,2,1,0.5,0.5,6,0.5,,,
cf386d64-bbc8-4dbe-bf6f-52e66b0e7343,1,0,0.0,2.0,3,0.3333333333333333,,,
538e6f5a-aee9-4335-ab2c-f9e25232acf4,1,0,0.0,2.0,3,0.3333333333333333,,,
dd70b7b8-c1a9-456d-94c2-54bfc7883a19,1,1,1.0,0.0,3,0.6666666666666666,,,
208a70b8-6734-4f18-be0f-06b7f3b8b237,1,0,0.0,2.0,3,0.3333333333333333,,,
fa6a6e7b-acb8-4cca-854b-5244f00dfc8a,4,2,0.5,0.5,12,0.5,0.49999999999999994,1.0,H
7ec94f46-4065-48e9-85f9-35cce99c1f70,1,0,0.0,2.0,3,0.3333333333333333,,,
dccabf74-67d6-44c8-b5dc-29ad4d09e05a,2,0,0.0,1.5,7,0.25,,,
9a2b3a5d-1b44-4434-a942-1245b1eebd3f,1,0,0.0,2.0,3,0.3333333333333333,,,
a30c4d9e-1b2a-4cdf-9b76-18f51337d2f9,1,0,0.0,3.0,3,0.3333333333333333,,,
8c13d2ac-e42b-4585-a5bf-c166ff77d71f,1,1,1.0,0.0,3,0.6666666666666666,,,
fa25cb6f-1693-445d-b846-5e1fa99f9962,1,0,0.0,1.0,3,0.3333333333333333,,,
34120b49-5d4a-4f0e-b99b-c440f870c06a,1,0,0.0,2.0,3,0.3333333333333333,,,
b08b1b6b-c6b7-4940-a098-539b683bde38,1,1,1.0,0.0,3,0.6666666666666666,,,
579d3d8b-5735-4486-8efa-d896286c38f0,1,0,0.0,1.0,3,0.3333333333333333,,,
8c210a01-b745-4f8a-97d5-1af1ddab59c4,1,0,0.0,2.0,3,0.3333333333333333,,,
49a10b04-d64c-4c7d-969c-14f33e719342,1,0,0.0,1.0,3,0.3333333333333333,,,
11593166-2b73-4dc2-aff3-5d7d4b2b7edc,1,0,0.0,1.0,3,0.3333333333333333,,,
8c52e877-ad21-4381-8818-953a99f5cc65,1,1,1.0,0.0,4,0.6666666666666666,,,
30dda2c0-ce1e-4f5c-92a5-f738dd0afe24,1,0,0.0,2.0,3,0.3333333333333333,,,
e16de595-9e1e-48c3-bfaf-7cd06a2c6a1f,2,1,0.5,0.5,6,0.5,,,
b47726a0-4b3f-4e55-a3a1-cac11e3e3536,1,0,0.0,2.0,3,0.3333333333333333,,,
3a1175fa-40a5-44ed-bf7a-c944bd1cfb36,1,0,0.0,1.0,3,0.3333333333333333,,,
84e6c17f-8745-4df1-aeff-2d9784e03717,1,0,0.0,2.0,3,0.3333333333333333,,,
bdd644a4-d0e2-4e03-8358-5ddca07f833e,1,0,0.0,3.0,3,0.3333333333333333,,,
79ac2ee7-55af-4133-b882-2ec7b47426c5,1,0,0.0,2.0,3,0.3333333333333333,,,
4daded3c-3761-4f0d-8e60-b61652d19517,1,0,0.0,1.0,3,0.3333333333333333,,,
032521c5-c39f-4836-aa2f-1db53394eaed,1,1,1.0,0.0,3,0.6666666666666666,,,
5672bcea-b013-4312-9754-b3636a6d469d,1,0,0.0,1.0,3,0.3333333333333333,,,
048b8f1c-612c-48a7-831d-93c1a98ebf56,2,1,0.5,0.5,6,0.5,,,
10354c71-d56f-4ff5-8c97-2600a3778b97,1,0,0.0,2.0,3,0.3333333333333333,,,
0f818ccf-44b1-4759-95f3-e0edee327bfb,1,0,0.0,1.0,3,0.3333333333333333,,,
3d3563de-c666-4c0a-87b0-80439525a6a2,1,0,0.0,3.0,3,0.3333333333333333,,,
25fb87af-18c2-4ed3-af39-d80f08b0279a,1,1,1.0,0.0,3,0.6666666666666666,,,
20b830e1-3c61-4bc5-a473-f15b028cf186,1,1,1.0,0.0,3,0.6666666666666666,,,
59ae609b-cb29-45fa-a625-c23ff35055f0,1,0,0.0,1.0,3,0.3333333333333333,,,
472c6172-26cd-4ce8-baff-2fb1ab77adf2,1,0,0.0,1.0,3,0.3333333333333333,,,
24dbdeeb-4034-4349-bde9-4eb4cbe07f4c,1,1,1.0,0.0,3,0.6666666666666666,,,
b068a312-36d2-4347-a6ef-0cf1c97e8b20,1,0,0.0,2.0,3,0.3333333333333333,,,
5d1cdb76-ec78-4e7b-8da8-a498b1f80873,1,0,0.0,4.0,3,0.3333333333333333,,,
01396ecc-d7ea-4299-b9ea-c220f79f576a,1,1,1.0,0.0,3,0.6666666666666666,,,
c8ae7303-66b6-4daf-93aa-7c73aae3c4f1,1,0,0.0,2.0,3,0.3333333333333333,,,
ae506c79-6c28-413b-9baa-7a86bc5830a4,1,0,0.0,1.0,3,0.3333333333333333,,,
8db3e0f9-37cd-4424-ae32-e76656febcca,1,0,0.0,3.0,3,0.3333333333333333,,,
2da38da1-9705-4261-9251-9a12133d5d2b,1,0,0.0,2.0,3,0.3333333333333333,,,
17530d2d-4c92-41d7-85a3-744768ef5d03,1,0,0.0,1.0,3,0.3333333333333333,,,
96c2476a-bb8d-4a25-89d1-9cd0a673e0af,1,0,0.0,3.0,4,0.3333333333333333,,,
164352d3-924d-446e-add0-8ad1ec3722e7,1,1,1.0,0.0,3,0.6666666666666666,,,
110fe214-7e39-4e49-b197-ef9db511c22b,1,0,0.0,2.0,3,0.3333333333333333,,,
9d5dc93d-dabf-4bd7-bc39-0d0527d5c0b7,1,1,1.0,0.0,3,0.6666666666666666,,,
f1f9d122-9ba6-465f-aae0-570f26260f23,1,0,0.0,2.0,3,0.3333333333333333,,,
88a8ceee-50a3-4e2d-9562-7084ec9c5707,1,0,0.0,1.0,3,0.3333333333333333,,,
5afdf051-418f-4152-a349-d402748ca7e5,1,0,0.0,1.0,3,0.3333333333333333,,,
bcd7b6c0-3e26-4f68-8881-cc1eb8e0b249,1,1,1.0,0.0,3,0.6666666666666666,,,
7e3523fb-c5f4-492d-8d55-f6b5e36b81dc,1,0,0.0,2.0,3,0.3333333333333333,,,
898e4c0b-f63d-414d-92fc-110410d92cf3,1,0,0.0,2.0,3,0.3333333333333333,,,
e559289b-c9d2-4d99-91f4-52f2a79dcb75,1,0,0.0,2.0,3,0.3333333333333333,,,
c03f0f5c-e7fd-4903-9a5c-a458cc452ead,1,1,1.0,0.0,3,0.6666666666666666,,,
14563cd4-acf2-4869-8b2c-df40b9e1aee6,1,0,0.0,3.0,3,0.3333333333333333,,,
521528d6-1435-474e-815b-87efb359ab7f,1,0,0.0,2.0,3,0.3333333333333333,,,
951df64b-eece-4397-b203-6e362c23a9e1,1,1,1.0,0.0,3,0.6666666666666666,,,
0e4e6e47-b8a8-4a56-8957-7dc214853abc,1,0,0.0,3.0,3,0.3333333333333333,,,
c70d6dad-d9e5-4a70-a06d-faa1d26a51e4,1,0,0.0,1.0,3,0.3333333333333333,,,
fe811d27-f816-43cc-b594-8f139c7349d3,1,0,0.0,2.0,3,0.3333333333333333,,,
d280dd4d-3347-4712-a17b-fb1fb3ddf22e,1,0,0.0,2.0,3,0.3333333333333333,,,
72ccf09d-4377-4114-99e1-e6a6e82abb57,1,0,0.0,1.0,3,0.3333333333333333,,,
a5467adc-86d1-4b0f-82ce-dce3f2688b00,2,0,0.0,1.5,6,0.25,,,
42a642ea-b194-434b-9bfc-8be827ed1668,1,0,0.0,1.0,3,0.3333333333333333,,,
9a18faf3-bf68-4c73-9928-d11f1458d218,1,0,0.0,2.0,3,0.3333333333333333,,,
54d7de3b-2655-41f2-8cab-d9e53dd331bb,1,0,0.0,2.0,3,0.3333333333333333,,,
fdf21942-486b-4a71-b035-feb9af66701b,1,1,1.0,0.0,3,0.6666666666666666,,,
d0291416-f850-4673-903a-0d678faee5f6,2,0,0.0,1.5,6,0.25,,,
29c90a69-d7f2-4798-aaeb-8836d0409d53,1,0,0.0,3.0,3,0.3333333333333333,,,
af273005-3acd-49eb-a1bd-4681ce1dd58e,1,0,0.0,2.0,3,0.3333333333333333,,,
f8b38632-8be0-4f21-b665-a9054f75ff64,1,1,1.0,0.0,3,0.6666666666666666,,,
e6a1f143-67a9-4690-a506-250fa798f4c9,1,0,0.0,1.0,3,0.3333333333333333,,,
e1e02e9d-8652-4603-93fb-a5146cf48d49,2,0,0.0,3.5,6,0.25,,,
1970ccee-07a5-422a-9b47-4849d9a6b7e5,1,1,1.0,0.0,3,0.6666666666666666,,,
aa982445-44a7-439f-8064-c1d0feebb687,3,1,0.3333333333333333,0.6666666666666666,9,0.4,0.3333333333333333,0.0,L
2b9e90fb-3314-474b-ad7f-c95dad6a07eb,1,0,0.0,1.0,3,0.3333333333333333,,,
ee5faa4d-d6a0-4f43-b510-70415cbf5578,1,0,0.0,1.0,3,0.3333333333333333,,,
236c2cc9-621d-42ed-b84f-eaad06089044,1,0,0.0,2.0,3,0.3333333333333333,,,
23960686-8bd3-4a78-aa94-5920845463ad,1,0,0.0,1.0,3,0.3333333333333333,,,
fc5b0979-2365-418d-94fc-9eefef621848,1,0,0.0,2.0,3,0.3333333333333333,,,
a5eb4893-8693-4cc1-8a45-ad00e3ee6dca,1,1,1.0,0.0,3,0.6666666666666666,,,
7836497f-3b6a-4284-ae27-d22cd88bc2d7,1,0,0.0,2.0,3,0.3333333333333333,,,
87d141e5-330d-483f-97c8-9830c11f7b8c,1,0,0.0,1.0,3,0.3333333333333333,,,
8f570119-4183-4da2-8b4d-93aaef7eb12a,1,0,0.0,3.0,3,0.3333333333333333,,,
e0785ce9-4657-4587-82f8-a0988e839b57,1,1,1.0,0.0,3,0.6666666666666666,,,
06f6b33e-91ef-4483-804b-5373f02e7f38,3,1,0.3333333333333333,1.3333333333333333,9,0.4,0.3333333333333333,0.0,L
7dfa2b54-7c22-4014-8c3a-dd5b0b6e93ad,1,1,1.0,0.0,3,0.6666666666666666,,,
ee88c386-5ecd-4aa0-8e18-551df73b4794,3,2,0.6666666666666666,0.3333333333333333,9,0.6,0.6666666666666666,1.0,H
6fa211ca-e35e-45aa-ab56-974b1363e7f6,1,1,1.0,0.0,3,0.6666666666666666,,,
67081375-176b-432a-843a-3605d0d1f251,2,2,1.0,0.0,6,0.75,,,
0d65f583-b0c2-4a60-a8e5-4f2c718b5e67,1,0,0.0,2.0,3,0.3333333333333333,,,
7ef89891-3183-46c4-b346-acec6a1666f3,1,0,0.0,2.0,3,0.3333333333333333,,,
e1968605-14f5-4e4e-a83f-7f8f7361f358,1,0,0.0,1.0,3,0.3333333333333333,,,
0b00285e-ecca-408f-bf48-25599e666d60,1,0,0.0,2.0,3,0.3333333333333333,,,
91010c8a-51e6-4ccd-8214-244d77752192,1,0,0.0,1.0,3,0.3333333333333333,,,
f7c2d91f-a850-4017-9772-d89b77389124,3,0,0.0,1.6666666666666667,9,0.2,0.0,0.0,L
f49c9586-8ada-41ef-8a52-754c41562cc3,1,0,0.0,3.0,3,0.3333333333333333,,,
86efcc49-c48e-4843-9be9-49ab6068d217,1,0,0.0,1.0,3,0.3333333333333333,,,
ef245806-875f-4167-b138-744e65977fd3,1,0,0.0,2.0,3,0.3333333333333333,,,
e52298cb-8bab-452d-b848-07ba8d6fef17,1,0,0.0,2.0,3,0.3333333333333333,,,
9507be08-c146-4cb8-b5e9-4ef756a7cf0c,1,0,0.0,1.0,3,0.3333333333333333,,,
0e1be40f-477d-4e32-a808-643310464b66,1,0,0.0,2.0,3,0.3333333333333333,,,
dacb86b4-5107-4ef3-b581-c72eb778df75,1,0,0.0,1.0,3,0.3333333333333333,,,
760475e9-d8b2-4b9c-89a2-299d05ad498f,1,1,1.0,0.0,3,0.6666666666666666,,,
a08ff7a6-99f4-455e-9159-0d3a919443d2,1,1,1.0,0.0,3,0.6666666666666666,,,
802f49c8-0953-4a51-bb8e-9d41bd91ad7f,1,0,0.0,2.0,3,0.3333333333333333,,,
600649bc-920d-4047-b845-e8237406f786,1,0,0.0,1.0,3,0.3333333333333333,,,
e2bf14f9-eabd-41a4-ad8b-1baaa13670f8,1,1,1.0,0.0,3,0.6666666666666666,,,
a4892c78-c209-492d-aea6-6fcd3258c7b8,1,0,0.0,1.0,3,0.3333333333333333,,,
a3b4e08d-5cc8-47b9-ab27-988857e5038f,1,0,0.0,1.0,3,0.3333333333333333,,,
e23203bd-c3dd-45e3-b3e4-cc80d20e4753,1,0,0.0,1.0,3,0.3333333333333333,,,
6e3e55cb-b6e6-4cc3-bd4c-c509fefa2899,1,0,0.0,2.0,3,0.3333333333333333,,,
6e3907c6-b92f-4d84-89f9-c37e5ecb5370,1,0,0.0,2.0,3,0.3333333333333333,,,
0ad0cbd6-60b0-46eb-ba4e-74fbb384b1d4,1,1,1.0,0.0,3,0.6666666666666666,,,
f71576c3-dcc0-4e20-8741-02fcc48bd514,1,0,0.0,1.0,3,0.3333333333333333,,,
fe0d032b-6683-4ac8-aa56-1d83095ef14b,1,0,0.0,2.0,3,0.3333333333333333,,,
d7e2edb8-e841-4701-8786-5692b0456b3f,1,1,1.0,0.0,3,0.6666666666666666,,,
96621eeb-a08b-4def-9b81-5f1e3aa93eb2,1,0,0.0,2.0,3,0.3333333333333333,,,
020c9824-17fe-47e0-b7ec-9ea5c627ff38,1,0,0.0,1.0,3,0.3333333333333333,,,
6088e54f-7037-4369-9582-f435375ece36,1,0,0.0,1.0,3,0.3333333333333333,,,
8fe27a2e-3ac6-42d7-8468-7d8b550cd02a,1,0,0.0,2.0,3,0.3333333333333333,,,
a392f931-17e0-4d21-916f-3c8c8821e062,1,1,1.0,0.0,3,0.6666666666666666,,,
55108063-961e-4ee0-8dac-ac5a3323e98c,1,0,0.0,1.0,3,0.3333333333333333,,,
dc6e35a2-579b-4b0d-96e9-86facb4173f4,2,0,0.0,2.5,6,0.25,,,
b4e3b801-63ed-49ae-9c35-d1e74bf69edb,1,1,1.0,0.0,3,0.6666666666666666,,,
0ab666b2-b8c4-45b3-b0d9-8958bffbee42,1,0,0.0,1.0,3,0.3333333333333333,,,
5f4c6992-df60-4963-84d8-b25c5bb272fc,1,0,0.0,2.0,3,0.3333333333333333,,,
7eed36a1-2800-49ac-b596-a61da4746638,2,1,0.5,1.0,6,0.5,,,
7ea7f36a-6a6d-4055-a73c-25393f8db535,1,0,0.0,1.0,3,0.3333333333333333,,,
6983716f-f956-441b-b61c-3b8218de866e,1,0,0.0,1.0,3,0.3333333333333333,,,
8f2ba175-0ce0-4c9d-8b8a-5bb8c69104f4,1,0,0.0,2.0,3,0.3333333333333333,,,
0bc8811b-8a8d-4da1-af40-ad1c0f472451,1,0,0.0,1.0,3,0.3333333333333333,,,
eb78b88a-32d6-4617-a3b3-0df3a9ba0c17,1,0,0.0,1.0,3,0.3333333333333333,,,
72d49f94-4f6e-42c8-b887-8d99ee4bce22,3,1,0.3333333333333333,0.6666666666666666,9,0.4,0.3333333333333333,0.0,L
5bea4bd8-c3f1-4e6a-ac6b-2df0f195fcb8,1,0,0.0,1.0,3,0.3333333333333333,,,
754e5ff1-d26e-4f33-974d-714990190740,1,0,0.0,2.0,3,0.3333333333333333,,,
759abcc0-4c4e-4cc1-b0c1-ff6311d572fd,1,0,0.0,1.0,3,0.3333333333333333,,,
e98021c5-a0c9-4439-a0fc-43033f9a8f9d,1,0,0.0,1.0,3,0.3333333333333333,,,
83e152e0-bbb0-4129-9cc3-eb1f427594e4,1,0,0.0,2.0,3,0.3333333333333333,,,
a6f97e52-f657-4d43-bab9-644723a27e43,1,0,0.0,2.0,3,0.3333333333333333,,,
1f756f60-25f2-45c9-8113-04c8924ba624,1,0,0.0,2.0,3,0.3333333333333333,,,
de2d1416-a81a-4805-b4eb-507776e7e7f4,1,0,0.0,2.0,3,0.3333333333333333,,,
2e1f139d-0d1b-4bac-8070-2aad9526a76e,1,1,1.0,0.0,3,0.6666666666666666,,,
f3155a2b-59d7-4021-b883-8cfc58efccb5,1,1,1.0,0.0,3,0.6666666666666666,,,
c1a5f562-fe67-4542-b931-26f3a3dd532f,1,0,0.0,2.0,3,0.3333333333333333,,,
e63d9503-95e6-433f-8347-0112a26d7890,2,0,0.0,3.0,6,0.25,,,
27b861ff-62f5-418f-8686-a304a97fb32e,1,0,0.0,2.0,3,0.3333333333333333,,,
e4063f13-0783-4f99-8113-aec8caa32f0a,1,0,0.0,3.0,4,0.3333333333333333,,,
fddd6e8a-09f1-41ae-a30c-ed056ce05cc5,1,0,0.0,2.0,3,0.3333333333333333,,,
85006262-26bb-458c-a3bf-126239cb759c,2,2,1.0,0.0,6,0.75,,,
800e19bf-8205-4cae-904c-fb039fc19899,1,0,0.0,2.0,3,0.3333333333333333,,,
6b28eb9c-fd1f-49ef-beb0-7856c00dc0c2,1,0,0.0,2.0,3,0.3333333333333333,,,
e79e2aa9-514f-492b-96bc-fa90a1fcc030,1,0,0.0,2.0,3,0.3333333333333333,,,
15fa1087-4c4f-49c2-bb86-b431d9429806,1,0,0.0,1.0,3,0.3333333333333333,,,
82208d37-edf3-4d93-9935-7b1a2833bc21,1,1,1.0,0.0,3,0.6666666666666666,,,
8a12c93d-bf54-4ff8-8ec1-dbf12acb1b29,1,0,0.0,2.0,3,0.3333333333333333,,,
10182c9e-b57a-4bce-a476-0afb676e7622,1,1,1.0,0.0,3,0.6666666666666666,,,
21fdd06e-477d-4f63-9385-b9fe0684ed63,2,0,0.0,1.5,6,0.25,,,
dd1e45c6-aae7-43e0-b9ed-d1613e3d24d4,1,1,1.0,0.0,3,0.6666666666666666,,,
f442c685-7f11-4108-aa64-f1c0c008d4cc,1,0,0.0,2.0,3,0.3333333333333333,,,
0e8ede23-4d43-4eb9-b893-26f8f276445c,1,0,0.0,1.0,3,0.3333333333333333,,,
8d82b79a-b822-4349-8416-7592198e7131,1,1,1.0,0.0,3,0.6666666666666666,,,
0b1d6e8c-ff8f-4d62-8cb2-9eab4876aeaa,1,0,0.0,1.0,3,0.3333333333333333,,,
3860fccf-5d24-44f7-8107-734c533b5b85,1,0,0.0,2.0,3,0.3333333333333333,,,
4bcde03d-674d-4edd-a0b1-74bfccec2334,1,1,1.0,0.0,3,0.6666666666666666,,,
5bb7aaaa-04d4-4c2d-abb6-e2d6e8bb451c,1,0,0.0,2.0,3,0.3333333333333333,,,
ada058f5-91b1-48c1-a181-eeccefea5174,1,1,1.0,0.0,3,0.6666666666666666,,,
72c58fc7-67b2-42dd-96f9-93a3be93a71e,1,0,0.0,1.0,3,0.3333333333333333,,,
5edc2825-df11-430c-88f8-a5773ab3a6ca,2,1,0.5,0.5,6,0.5,,,
e7d44e4e-062c-4b20-af86-c08fcfb266df,1,0,0.0,2.0,3,0.3333333333333333,,,
f8d3928f-a1cf-4dc7-8a12-0bfb0676c9f8,1,1,1.0,0.0,3,0.6666666666666666,,,
f40a94b4-9f50-4903-bfd7-03233aa4185b,1,0,0.0,1.0,3,0.3333333333333333,,,
f4666e8e-0c9a-4592-859e-7c3afd2b9c52,1,1,1.0,0.0,3,0.6666666666666666,,,
c82a9dd9-9f82-4cfb-ab95-cb816d38d2c3,1,0,0.0,1.0,3,0.3333333333333333,,,
81c4d56c-7ec7-4ff9-aa36-8787237c0565,1,0,0.0,1.0,3,0.3333333333333333,,,
c19353af-8004-4b77-bfcd-1ff8b4cdb0a6,1,0,0.0,2.0,3,0.3333333333333333,,,
65e1eb19-500a-47b2-8157-73ebd2982d5c,1,1,1.0,0.0,3,0.6666666666666666,,,
c408c522-3628-4ecb-8640-c288761000dc,1,0,0.0,2.0,3,0.3333333333333333,,,
d59d88ab-5e42-48bb-8a6f-f46640df1186,1,1,1.0,0.0,3,0.6666666666666666,,,
08cc87cd-41a3-4e03-a718-b1d3719af3e6,1,1,1.0,0.0,3,0.6666666666666666,,,
430ee0f7-9109-4b5e-ae71-bb9fdc4fa75f,1,1,1.0,0.0,3,0.6666666666666666,,,
67e19fb1-9597-4975-9e5a-395356ae5cdb,2,0,0.0,1.0,6,0.25,,,
969e72cc-4531-4346-a266-912abc6e01d9,1,0,0.0,2.0,3,0.3333333333333333,,,
d4a8b88c-808c-44a7-b5d8-37b49856a0c6,1,1,1.0,0.0,3,0.6666666666666666,,,
084f866d-ab0c-4d24-a198-a91ee4f5d34e,1,0,0.0,2.0,3,0.3333333333333333,,,
59008c9c-39bf-49c2-bd16-0985ef5ac97f,1,0,0.0,2.0,3,0.3333333333333333,,,
50943c38-90a0-43fe-b0a6-2caa33ed5dbb,1,0,0.0,1.0,3,0.3333333333333333,,,
0bee40a6-cfdc-4638-b82e-c952c8f34e33,1,0,0.0,1.0,3,0.3333333333333333,,,
b3d9345c-6313-4f08-9e3b-53379fa15c84,1,0,0.0,1.0,3,0.3333333333333333,,,
6f89299e-5e6e-42da-a37a-87d2fc06a039,1,0,0.0,1.0,3,0.3333333333333333,,,
9d8dc516-a81f-401e-8ab2-195a1b0c7d6b,1,0,0.0,2.0,3,0.3333333333333333,,,
b65c579c-ccc1-4c5f-bbe4-1cbc4d440db1,1,1,1.0,0.0,3,0.6666666666666666,,,
15bd4f27-1e7b-4c81-8539-b908301f146e,1,0,0.0,1.0,4,0.3333333333333333,,,
b3ea2c3a-9e5e-4f66-8231-d0c612387da8,1,0,0.0,2.0,3,0.3333333333333333,,,
2ffb5a0c-173c-4c07-9c85-dd7d7aa3099c,1,0,0.0,1.0,3,0.3333333333333333,,,
2178713a-2541-40d8-bd39-1fcc159c4494,1,0,0.0,2.0,3,0.3333333333333333,,,
c96dbbee-4da8-408f-bc53-323d13689a75,1,0,0.0,1.0,3,0.3333333333333333,,,
74182347-f428-4376-b3f3-bc337f0ed0ab,1,0,0.0,2.0,3,0.3333333333333333,,,
773b1cf5-bc74-46bd-8d3a-868bd7d0d0b9,1,0,0.0,3.0,3,0.3333333333333333,,,
b80cb0e7-5e9f-4401-9f66-45ca8753247e,1,0,0.0,6.0,3,0.3333333333333333,,,
e6604c21-caa7-429f-a99b-0aa9b68b6370,1,0,0.0,1.0,3,0.3333333333333333,,,
f6a558f2-f8b5-4a9d-9549-d88624e22c8c,1,1,1.0,0.0,3,0.6666666666666666,,,
bf20fbb5-70c1-4423-b4e9-3b14ca6cf7cb,1,0,0.0,1.0,3,0.3333333333333333,,,
997bcd66-90b7-4464-817d-1e4b51f34937,1,0,0.0,2.0,3,0.3333333333333333,,,
dfb2c534-0d61-46e2-b624-59bddf2f0f6c,1,0,0.0,2.0,3,0.3333333333333333,,,
cafb02ce-2c96-45c6-8a92-f85c994969ed,1,0,0.0,2.0,3,0.3333333333333333,,,
3899833c-afd6-4a73-9839-fb1f9c60222e,1,0,0.0,1.0,3,0.3333333333333333,,,
1e016e24-69f0-4cb1-aad9-988d3f29e3b9,1,1,1.0,0.0,3,0.6666666666666666,,,
a7da284d-073c-4227-9256-1c9df371a845,1,0,0.0,2.0,3,0.3333333333333333,,,
c69957c8-9d8a-4c15-ab69-75d3165d667f,1,0,0.0,2.0,3,0.3333333333333333,,,
b6d0529d-0609-4b49-b74d-66cc74d291af,1,1,1.0,0.0,3,0.6666666666666666,,,
e725460a-da22-454d-bdf8-da3ec5cfe69b,1,0,0.0,3.0,3,0.3333333333333333,,,
7b99f4b7-dbb2-4bea-abee-4008fd0ac946,1,1,1.0,0.0,3,0.6666666666666666,,,
f1499b18-afc3-4e77-be33-9ce80ee48a96,1,0,0.0,1.0,3,0.3333333333333333,,,
d60c67b8-5340-46d3-97c7-2c46bbd5e00b,1,0,0.0,2.0,3,0.3333333333333333,,,
f1640824-57ec-4fb9-bf0e-b6a0fd626f1c,1,0,0.0,1.0,3,0.3333333333333333,,,
b976e476-2521-4514-9418-5bcd1bf74aa6,1,1,1.0,0.0,3,0.6666666666666666,,,
69b32a8d-9806-4e5e-a58b-11ccab304a67,1,0,0.0,1.0,3,0.3333333333333333,,,
153cc7e0-fe3c-4b74-8d9b-349ba6d702ee,1,1,1.0,0.0,3,0.6666666666666666,,,
2eea6bd4-c5db-4fd6-b3e5-a3f93c26f0ce,1,0,0.0,2.0,3,0.3333333333333333,,,
1058698b-20db-4ce3-b344-656f3da3d273,1,1,1.0,0.0,3,0.6666666666666666,,,
c391e051-f488-41e4-a0a3-c30af69e4183,1,0,0.0,2.0,3,0.3333333333333333,,,
c024adf0-cbd1-4f34-af6e-d587d8569be7,1,0,0.0,2.0,3,0.3333333333333333,,,
6e5d1296-50e7-4a44-a111-e766e2b70c69,1,0,0.0,2.0,3,0.3333333333333333,,,
cc2bb404-e152-4b12-9fd1-1a81f16d2843,1,1,1.0,0.0,3,0.6666666666666666,,,
f59bcc4f-0081-4015-b4f5-5361460d8018,1,0,0.0,1.0,3,0.3333333333333333,,,
7ce759b3-0e11-4689-a310-de574371e15a,1,0,0.0,2.0,3,0.3333333333333333,,,
f87a37b2-22c4-47d8-84f9-aded6320b394,1,0,0.0,1.0,3,0.3333333333333333,,,
27222dcf-943b-4ee8-b363-97f6326c1d6a,1,1,1.0,0.0,3,0.6666666666666666,,,
53fb1a61-1771-4c0e-931d-ccbd967da5ea,1,0,0.0,2.0,3,0.3333333333333333,,,
59faa3a6-0692-411f-9691-5d17b10d04fe,1,0,0.0,2.0,3,0.3333333333333333,,,
c9a07972-d2c2-4e26-bd71-60c716229b7f,1,0,0.0,2.0,3,0.3333333333333333,,,
3a5b6a35-b511-43dd-a776-936aa76cc70b,1,0,0.0,2.0,3,0.3333333333333333,,,
1f3b8b5d-56e1-4ea4-ab31-eac6668f9c3b,1,0,0.0,1.0,3,0.3333333333333333,,,
f1761041-0324-4ea5-bc65-1cde014513d7,1,1,1.0,0.0,3,0.6666666666666666,,,
0ae5b7f6-8fda-4209-ac97-13644d3d9cd2,1,0,0.0,2.0,3,0.3333333333333333,,,
a26a0792-6f49-4463-8a70-75391935c51a,1,1,1.0,0.0,3,0.6666666666666666,,,
f58a0909-1ddc-4907-8ce2-9d78aa1e93d4,1,0,0.0,3.0,3,0.3333333333333333,,,
e2956845-c57e-4a13-bc1d-bf8145dd6399,1,0,0.0,1.0,3,0.3333333333333333,,,
1beb8be4-5f10-49ea-bb7a-ae24f90fe0c4,1,0,0.0,1.0,3,0.3333333333333333,,,
0c174cdf-c5e0-4dc9-bb24-2f37ddaed494,1,1,1.0,0.0,3,0.6666666666666666,,,
9c413c7e-7c57-43aa-8774-ab0da832bac0,1,0,0.0,2.0,3,0.3333333333333333,,,
d9c4c704-efac-406e-8308-0ce616e39c85,1,0,0.0,1.0,3,0.3333333333333333,,,
